ENSGALG00010000002	ENSGALG00010000002
ENSGALG00010000003	ENSGALG00010000003
ENSGALG00010000004	ENSGALG00010000004
ENSGALG00010000005	ENSGALG00010000005
ENSGALG00010000006	ENSGALG00010000006
ND1	ND1
ENSGALG00010000008	ENSGALG00010000008
ENSGALG00010000009	ENSGALG00010000009
ENSGALG00010000010	ENSGALG00010000010
ND2	ND2
ENSGALG00010000012	ENSGALG00010000012
ENSGALG00010000013	ENSGALG00010000013
ENSGALG00010000014	ENSGALG00010000014
ENSGALG00010000015	ENSGALG00010000015
ENSGALG00010000016	ENSGALG00010000016
COX1	COX1
ENSGALG00010000018	ENSGALG00010000018
ENSGALG00010000019	ENSGALG00010000019
COX2	COX2
ENSGALG00010000021	ENSGALG00010000021
ATP8	ATP8
ATP6	ATP6
COX3	COX3
ENSGALG00010000025	ENSGALG00010000025
ND3	ND3
ENSGALG00010000027	ENSGALG00010000027
ND4L	ND4L
ND4	ND4
ENSGALG00010000030	ENSGALG00010000030
ENSGALG00010000031	ENSGALG00010000031
ENSGALG00010000032	ENSGALG00010000032
ND5	ND5
CYTB	CYTB
ENSGALG00010000035	ENSGALG00010000035
ENSGALG00010000036	ENSGALG00010000036
ND6	ND6
ENSGALG00010000038	ENSGALG00010000038
PDIA3	PDIA3
ENSGALG00010000040	ENSGALG00010000040
ENSGALG00010000041	ENSGALG00010000041
CKMT1B	CKMT1B
PPIP5K1	PPIP5K1
MAP1A	MAP1A
TP53BP1	TP53BP1
TUBGCP4	TUBGCP4
IQGAP3 - ENSGALG00010000047	IQGAP3 - ENSGALG00010000047
MAN2A2	MAN2A2
FES	FES
CIB1	CIB1
GDPGP1	GDPGP1
TTLL13	TTLL13
HDDC3	HDDC3
VPS33B	VPS33B
PRC1	PRC1
UNC45A	UNC45A
ENSGALG00010000057	ENSGALG00010000057
FURIN	FURIN
MFAP1	MFAP1
HYPK	HYPK
SERINC4	SERINC4
ENSGALG00010000062	ENSGALG00010000062
SERF2	SERF2
ENSGALG00010000064	ENSGALG00010000064
ENSGALG00010000065	ENSGALG00010000065
gga-mir-12218	gga-mir-12218
ENSGALG00010000067	ENSGALG00010000067
ENSGALG00010000068	ENSGALG00010000068
ENSGALG00010000069	ENSGALG00010000069
ENSGALG00010000070	ENSGALG00010000070
ENSGALG00010000071	ENSGALG00010000071
ENSGALG00010000072	ENSGALG00010000072
ENSGALG00010000073	ENSGALG00010000073
ENSGALG00010000074	ENSGALG00010000074
ENSGALG00010000075	ENSGALG00010000075
ENSGALG00010000076	ENSGALG00010000076
ENSGALG00010000077	ENSGALG00010000077
ENSGALG00010000078	ENSGALG00010000078
ENSGALG00010000079	ENSGALG00010000079
ENSGALG00010000080	ENSGALG00010000080
ENSGALG00010000081	ENSGALG00010000081
ENSGALG00010000082	ENSGALG00010000082
ENSGALG00010000083	ENSGALG00010000083
ENSGALG00010000084	ENSGALG00010000084
ENSGALG00010000085	ENSGALG00010000085
ENSGALG00010000086	ENSGALG00010000086
ENSGALG00010000087	ENSGALG00010000087
ENSGALG00010000088	ENSGALG00010000088
ENSGALG00010000089	ENSGALG00010000089
ENSGALG00010000090	ENSGALG00010000090
ENSGALG00010000091	ENSGALG00010000091
INPPL1	INPPL1
ENSGALG00010000093	ENSGALG00010000093
ENSGALG00010000094	ENSGALG00010000094
ENSGALG00010000095	ENSGALG00010000095
ENSGALG00010000096	ENSGALG00010000096
ENSGALG00010000097	ENSGALG00010000097
ENSGALG00010000098	ENSGALG00010000098
ENSGALG00010000099	ENSGALG00010000099
ENSGALG00010000100	ENSGALG00010000100
ENSGALG00010000101	ENSGALG00010000101
ENSGALG00010000102	ENSGALG00010000102
ENSGALG00010000103	ENSGALG00010000103
ENSGALG00010000104	ENSGALG00010000104
CACNA1F	CACNA1F
ENSGALG00010000106	ENSGALG00010000106
ENSGALG00010000107	ENSGALG00010000107
ENSGALG00010000108	ENSGALG00010000108
ENSGALG00010000109	ENSGALG00010000109
ENSGALG00010000110	ENSGALG00010000110
ENSGALG00010000111	ENSGALG00010000111
ENSGALG00010000112	ENSGALG00010000112
ENSGALG00010000113	ENSGALG00010000113
ENSGALG00010000114	ENSGALG00010000114
ENSGALG00010000115	ENSGALG00010000115
ENSGALG00010000116	ENSGALG00010000116
ENSGALG00010000117	ENSGALG00010000117
ENSGALG00010000118	ENSGALG00010000118
ENSGALG00010000119	ENSGALG00010000119
ENSGALG00010000120	ENSGALG00010000120
ENSGALG00010000121	ENSGALG00010000121
ENSGALG00010000122	ENSGALG00010000122
ENSGALG00010000123	ENSGALG00010000123
ENSGALG00010000124	ENSGALG00010000124
ENSGALG00010000125	ENSGALG00010000125
ENSGALG00010000126	ENSGALG00010000126
ENSGALG00010000127	ENSGALG00010000127
ENSGALG00010000128	ENSGALG00010000128
ENSGALG00010000129	ENSGALG00010000129
ENSGALG00010000130	ENSGALG00010000130
ENSGALG00010000131	ENSGALG00010000131
ENSGALG00010000132	ENSGALG00010000132
USP39	USP39
ENSGALG00010000134	ENSGALG00010000134
ENSGALG00010000135	ENSGALG00010000135
ENSGALG00010000136	ENSGALG00010000136
ENSGALG00010000137	ENSGALG00010000137
ENSGALG00010000138	ENSGALG00010000138
gga-mir-12293	gga-mir-12293
SEPHS3	SEPHS3
ENSGALG00010000141	ENSGALG00010000141
ENSGALG00010000142	ENSGALG00010000142
SCARF2	SCARF2
ENSGALG00010000144	ENSGALG00010000144
PRODH	PRODH
ACADM	ACADM
ENSGALG00010000147	ENSGALG00010000147
ENSGALG00010000148	ENSGALG00010000148
ENSGALG00010000149	ENSGALG00010000149
B3GAT3	B3GAT3
TBX5	TBX5
ENSGALG00010000152	ENSGALG00010000152
NF2	NF2
ENSGALG00010000154	ENSGALG00010000154
MAZ	MAZ
ENSGALG00010000156	ENSGALG00010000156
ENSGALG00010000157	ENSGALG00010000157
ENSGALG00010000158	ENSGALG00010000158
ENSGALG00010000159	ENSGALG00010000159
ENSGALG00010000160	ENSGALG00010000160
CDC42EP2	CDC42EP2
ENSGALG00010000162	ENSGALG00010000162
ENSGALG00010000163	ENSGALG00010000163
ENSGALG00010000164	ENSGALG00010000164
ENSGALG00010000165	ENSGALG00010000165
PFDN6	PFDN6
faf - ENSGALG00010000167	faf - ENSGALG00010000167
ENSGALG00010000168	ENSGALG00010000168
ENSGALG00010000169	ENSGALG00010000169
ENSGALG00010000170	ENSGALG00010000170
DPF2	DPF2
ENSGALG00010000172	ENSGALG00010000172
NIPSNAP1	NIPSNAP1
ENSGALG00010000174	ENSGALG00010000174
ENSGALG00010000175	ENSGALG00010000175
ENSGALG00010000176	ENSGALG00010000176
ENSGALG00010000177	ENSGALG00010000177
ENSGALG00010000178	ENSGALG00010000178
ENSGALG00010000179	ENSGALG00010000179
ENSGALG00010000180	ENSGALG00010000180
ENSGALG00010000181	ENSGALG00010000181
ENSGALG00010000182	ENSGALG00010000182
ENSGALG00010000183	ENSGALG00010000183
ENSGALG00010000184	ENSGALG00010000184
ENSGALG00010000185	ENSGALG00010000185
THOC5	THOC5
ENSGALG00010000187	ENSGALG00010000187
ENSGALG00010000188	ENSGALG00010000188
ENSGALG00010000189	ENSGALG00010000189
ENSGALG00010000190	ENSGALG00010000190
NEFH	NEFH
ENSGALG00010000192	ENSGALG00010000192
ENSGALG00010000193	ENSGALG00010000193
ENSGALG00010000194	ENSGALG00010000194
ENSGALG00010000195	ENSGALG00010000195
KSR2	KSR2
ENSGALG00010000197	ENSGALG00010000197
ENSGALG00010000198	ENSGALG00010000198
ENSGALG00010000199	ENSGALG00010000199
GAL3ST1	GAL3ST1
ENSGALG00010000201	ENSGALG00010000201
ENSGALG00010000202	ENSGALG00010000202
ENSGALG00010000203	ENSGALG00010000203
ENSGALG00010000204	ENSGALG00010000204
RNF215	RNF215
ENSGALG00010000206	ENSGALG00010000206
ENSGALG00010000207	ENSGALG00010000207
ENSGALG00010000208	ENSGALG00010000208
ENSGALG00010000209	ENSGALG00010000209
CCDC157	CCDC157
ENSGALG00010000211	ENSGALG00010000211
ENSGALG00010000212	ENSGALG00010000212
ENSGALG00010000213	ENSGALG00010000213
ENSGALG00010000214	ENSGALG00010000214
SF3A1	SF3A1
ENSGALG00010000216	ENSGALG00010000216
ENSGALG00010000217	ENSGALG00010000217
ENSGALG00010000218	ENSGALG00010000218
ENSGALG00010000219	ENSGALG00010000219
ENSGALG00010000220	ENSGALG00010000220
TBC1D10A	TBC1D10A
ENSGALG00010000222	ENSGALG00010000222
CASTOR1	CASTOR1
MYBPC2	MYBPC2
LIF	LIF
ENSGALG00010000226	ENSGALG00010000226
ENSGALG00010000227	ENSGALG00010000227
ENSGALG00010000228	ENSGALG00010000228
ENSGALG00010000229	ENSGALG00010000229
ENSGALG00010000230	ENSGALG00010000230
ENSGALG00010000231	ENSGALG00010000231
ENSGALG00010000232	ENSGALG00010000232
HORMAD2	HORMAD2
ENSGALG00010000234	ENSGALG00010000234
ENSGALG00010000235	ENSGALG00010000235
ENSGALG00010000236	ENSGALG00010000236
ENSGALG00010000237	ENSGALG00010000237
ENSGALG00010000238	ENSGALG00010000238
ENSGALG00010000239	ENSGALG00010000239
ENSGALG00010000240	ENSGALG00010000240
ENSGALG00010000241	ENSGALG00010000241
ENSGALG00010000242	ENSGALG00010000242
ENSGALG00010000243	ENSGALG00010000243
ENSGALG00010000244	ENSGALG00010000244
ENSGALG00010000245	ENSGALG00010000245
ENSGALG00010000246	ENSGALG00010000246
ENSGALG00010000247	ENSGALG00010000247
ENSGALG00010000248	ENSGALG00010000248
ENSGALG00010000249	ENSGALG00010000249
ENSGALG00010000250	ENSGALG00010000250
ENSGALG00010000251	ENSGALG00010000251
ENSGALG00010000252	ENSGALG00010000252
faf - ENSGALG00010000253	faf - ENSGALG00010000253
ENSGALG00010000254	ENSGALG00010000254
ENSGALG00010000255	ENSGALG00010000255
ENSGALG00010000256	ENSGALG00010000256
faf - ENSGALG00010000257	faf - ENSGALG00010000257
ENSGALG00010000258	ENSGALG00010000258
faf - ENSGALG00010000259	faf - ENSGALG00010000259
faf - ENSGALG00010000260	faf - ENSGALG00010000260
ENSGALG00010000261	ENSGALG00010000261
HNRNPKL	HNRNPKL
MTMR3	MTMR3
gga-mir-7b	gga-mir-7b
faf - ENSGALG00010000265	faf - ENSGALG00010000265
ENSGALG00010000266	ENSGALG00010000266
ENSGALG00010000267	ENSGALG00010000267
faf - ENSGALG00010000268	faf - ENSGALG00010000268
ENSGALG00010000269	ENSGALG00010000269
ENSGALG00010000270	ENSGALG00010000270
RTN4R	RTN4R
ENSGALG00010000272	ENSGALG00010000272
ENSGALG00010000273	ENSGALG00010000273
ENSGALG00010000274	ENSGALG00010000274
ENSGALG00010000275	ENSGALG00010000275
ENSGALG00010000276	ENSGALG00010000276
ENSGALG00010000277	ENSGALG00010000277
ENSGALG00010000278	ENSGALG00010000278
ENSGALG00010000279	ENSGALG00010000279
ENSGALG00010000280	ENSGALG00010000280
OSBP2	OSBP2
ENSGALG00010000282	ENSGALG00010000282
ENSGALG00010000283	ENSGALG00010000283
ENSGALG00010000284	ENSGALG00010000284
MYLPF	MYLPF
TCN2	TCN2
IQCD	IQCD
VARS2	VARS2
QPRT	QPRT
ENSGALG00010000290	ENSGALG00010000290
ENSGALG00010000291	ENSGALG00010000291
ABHD16A	ABHD16A
ENSGALG00010000293	ENSGALG00010000293
DUSP21	DUSP21
ENSGALG00010000295	ENSGALG00010000295
ENSGALG00010000296	ENSGALG00010000296
ENSGALG00010000297	ENSGALG00010000297
SLC35E4	SLC35E4
ENSGALG00010000299	ENSGALG00010000299
ENSGALG00010000300	ENSGALG00010000300
UQCR10	UQCR10
ENSGALG00010000302	ENSGALG00010000302
ENSGALG00010000303	ENSGALG00010000303
ENSGALG00010000304	ENSGALG00010000304
ENSGALG00010000305	ENSGALG00010000305
ENSGALG00010000306	ENSGALG00010000306
ZMAT5	ZMAT5
ENSGALG00010000308	ENSGALG00010000308
ENSGALG00010000309	ENSGALG00010000309
ENSGALG00010000310	ENSGALG00010000310
ENSGALG00010000311	ENSGALG00010000311
CABP7	CABP7
ENSGALG00010000313	ENSGALG00010000313
ENSGALG00010000314	ENSGALG00010000314
ENSGALG00010000315	ENSGALG00010000315
ENSGALG00010000316	ENSGALG00010000316
ENSGALG00010000317	ENSGALG00010000317
ENSGALG00010000318	ENSGALG00010000318
ENSGALG00010000319	ENSGALG00010000319
ENSGALG00010000320	ENSGALG00010000320
ENSGALG00010000321	ENSGALG00010000321
ENSGALG00010000322	ENSGALG00010000322
AP1B1	AP1B1
ENSGALG00010000324	ENSGALG00010000324
ENSGALG00010000325	ENSGALG00010000325
ENSGALG00010000326	ENSGALG00010000326
ENSGALG00010000327	ENSGALG00010000327
ENSGALG00010000328	ENSGALG00010000328
ENSGALG00010000329	ENSGALG00010000329
ENSGALG00010000330	ENSGALG00010000330
ENSGALG00010000331	ENSGALG00010000331
ENSGALG00010000332	ENSGALG00010000332
ENSGALG00010000333	ENSGALG00010000333
ENSGALG00010000334	ENSGALG00010000334
ENSGALG00010000335	ENSGALG00010000335
faf - ENSGALG00010000336	faf - ENSGALG00010000336
ENSGALG00010000337	ENSGALG00010000337
ENSGALG00010000338	ENSGALG00010000338
ENSGALG00010000339	ENSGALG00010000339
NAA10	NAA10
EWSR1	EWSR1
ENSGALG00010000342	ENSGALG00010000342
ENSGALG00010000343	ENSGALG00010000343
ENSGALG00010000344	ENSGALG00010000344
ENSGALG00010000345	ENSGALG00010000345
ENSGALG00010000346	ENSGALG00010000346
ENSGALG00010000347	ENSGALG00010000347
ENSGALG00010000348	ENSGALG00010000348
CHIR-IG1-5	CHIR-IG1-5
ENSGALG00010000350	ENSGALG00010000350
ENSGALG00010000351	ENSGALG00010000351
ENSGALG00010000352	ENSGALG00010000352
ENSGALG00010000353	ENSGALG00010000353
ENSGALG00010000354	ENSGALG00010000354
ENSGALG00010000355	ENSGALG00010000355
ENSGALG00010000356	ENSGALG00010000356
ENSGALG00010000357	ENSGALG00010000357
ENSGALG00010000358	ENSGALG00010000358
ENSGALG00010000359	ENSGALG00010000359
ENSGALG00010000360	ENSGALG00010000360
ENSGALG00010000361	ENSGALG00010000361
ENSGALG00010000362	ENSGALG00010000362
ENSGALG00010000363	ENSGALG00010000363
ENSGALG00010000364	ENSGALG00010000364
ENSGALG00010000365	ENSGALG00010000365
EMID1	EMID1
HSD17B10	HSD17B10
ENSGALG00010000368	ENSGALG00010000368
ENSGALG00010000369	ENSGALG00010000369
ENSGALG00010000370	ENSGALG00010000370
ENSGALG00010000371	ENSGALG00010000371
ENSGALG00010000372	ENSGALG00010000372
ENSGALG00010000373	ENSGALG00010000373
ENSGALG00010000374	ENSGALG00010000374
ENSGALG00010000375	ENSGALG00010000375
ASCC2	ASCC2
ENSGALG00010000377	ENSGALG00010000377
ENSGALG00010000378	ENSGALG00010000378
ENSGALG00010000379	ENSGALG00010000379
ENSGALG00010000380	ENSGALG00010000380
ENSGALG00010000381	ENSGALG00010000381
ENSGALG00010000382	ENSGALG00010000382
ENSGALG00010000383	ENSGALG00010000383
ENSGALG00010000384	ENSGALG00010000384
ENSGALG00010000385	ENSGALG00010000385
ENSGALG00010000386	ENSGALG00010000386
DTX1	DTX1
ENSGALG00010000388	ENSGALG00010000388
ENSGALG00010000389	ENSGALG00010000389
ENSGALG00010000390	ENSGALG00010000390
ENSGALG00010000391	ENSGALG00010000391
ENSGALG00010000392	ENSGALG00010000392
ENSGALG00010000393	ENSGALG00010000393
ENSGALG00010000394	ENSGALG00010000394
ENSGALG00010000395	ENSGALG00010000395
ENSGALG00010000396	ENSGALG00010000396
ENSGALG00010000397	ENSGALG00010000397
ENSGALG00010000398	ENSGALG00010000398
ENSGALG00010000399	ENSGALG00010000399
ENSGALG00010000400	ENSGALG00010000400
ENSGALG00010000401	ENSGALG00010000401
PFKFB1	PFKFB1
ENSGALG00010000403	ENSGALG00010000403
RASAL1	RASAL1
ENSGALG00010000405	ENSGALG00010000405
NSMCE3	NSMCE3
WSB2	WSB2
ENSGALG00010000408	ENSGALG00010000408
ENSGALG00010000409	ENSGALG00010000409
ENSGALG00010000410	ENSGALG00010000410
ENSGALG00010000411	ENSGALG00010000411
RFC5	RFC5
ENSGALG00010000413	ENSGALG00010000413
ENSGALG00010000414	ENSGALG00010000414
ENSGALG00010000415	ENSGALG00010000415
ENSGALG00010000416	ENSGALG00010000416
ENSGALG00010000417	ENSGALG00010000417
ENSGALG00010000418	ENSGALG00010000418
ENSGALG00010000419	ENSGALG00010000419
ENSGALG00010000420	ENSGALG00010000420
ENSGALG00010000421	ENSGALG00010000421
ITIH6	ITIH6
ENSGALG00010000423	ENSGALG00010000423
ENSGALG00010000424	ENSGALG00010000424
ENSGALG00010000425	ENSGALG00010000425
ENSGALG00010000426	ENSGALG00010000426
ENSGALG00010000427	ENSGALG00010000427
GNL3L	GNL3L
ENSGALG00010000429	ENSGALG00010000429
ENSGALG00010000430	ENSGALG00010000430
AIFM3	AIFM3
ENSGALG00010000432	ENSGALG00010000432
ENSGALG00010000433	ENSGALG00010000433
TP53	TP53
P2RX6	P2RX6
ENSGALG00010000436	ENSGALG00010000436
ENSGALG00010000437	ENSGALG00010000437
ENSGALG00010000438	ENSGALG00010000438
ENSGALG00010000439	ENSGALG00010000439
ENSGALG00010000440	ENSGALG00010000440
SLC7A4	SLC7A4
DGCR6	DGCR6
TBX3	TBX3
RBM19	RBM19
LHX5	LHX5
ENSGALG00010000446	ENSGALG00010000446
SDSL	SDSL
ENSGALG00010000448	ENSGALG00010000448
PLBD2	PLBD2
ENSGALG00010000450	ENSGALG00010000450
ENSGALG00010000451	ENSGALG00010000451
SLC8B1	SLC8B1
ACHE	ACHE
ENSGALG00010000454	ENSGALG00010000454
ENSGALG00010000455	ENSGALG00010000455
ENSGALG00010000456	ENSGALG00010000456
CATSPER4	CATSPER4
ENSGALG00010000458	ENSGALG00010000458
ENSGALG00010000459	ENSGALG00010000459
ENSGALG00010000460	ENSGALG00010000460
ENSGALG00010000461	ENSGALG00010000461
ENSGALG00010000462	ENSGALG00010000462
ENSGALG00010000463	ENSGALG00010000463
ENSGALG00010000464	ENSGALG00010000464
ENSGALG00010000465	ENSGALG00010000465
FBXO21	FBXO21
RNASEK	RNASEK
TESC	TESC
ENSGALG00010000469	ENSGALG00010000469
FBXW8	FBXW8
ENSGALG00010000471	ENSGALG00010000471
ENSGALG00010000472	ENSGALG00010000472
ENSGALG00010000473	ENSGALG00010000473
ENSGALG00010000474	ENSGALG00010000474
RNFT2	RNFT2
ENSGALG00010000476	ENSGALG00010000476
ENSGALG00010000477	ENSGALG00010000477
ENSGALG00010000478	ENSGALG00010000478
C12orf49	C12orf49
ENSGALG00010000480	ENSGALG00010000480
ENSGALG00010000481	ENSGALG00010000481
ENSGALG00010000482	ENSGALG00010000482
ENSGALG00010000483	ENSGALG00010000483
ENSGALG00010000484	ENSGALG00010000484
MED13L	MED13L
ENSGALG00010000486	ENSGALG00010000486
ENSGALG00010000487	ENSGALG00010000487
ENSGALG00010000488	ENSGALG00010000488
ENSGALG00010000489	ENSGALG00010000489
ENSGALG00010000490	ENSGALG00010000490
ENSGALG00010000491	ENSGALG00010000491
ENSGALG00010000492	ENSGALG00010000492
ENSGALG00010000493	ENSGALG00010000493
ENSGALG00010000494	ENSGALG00010000494
ENSGALG00010000495	ENSGALG00010000495
ENSGALG00010000496	ENSGALG00010000496
ENSGALG00010000497	ENSGALG00010000497
ENSGALG00010000498	ENSGALG00010000498
ENSGALG00010000499	ENSGALG00010000499
ENSGALG00010000500	ENSGALG00010000500
ENSGALG00010000501	ENSGALG00010000501
ENSGALG00010000502	ENSGALG00010000502
ENSGALG00010000503	ENSGALG00010000503
ENSGALG00010000504	ENSGALG00010000504
ENSGALG00010000505	ENSGALG00010000505
ENSGALG00010000506	ENSGALG00010000506
TRPT1	TRPT1
ENSGALG00010000508	ENSGALG00010000508
ENSGALG00010000509	ENSGALG00010000509
ENSGALG00010000510	ENSGALG00010000510
FERMT3	FERMT3
ENSGALG00010000512	ENSGALG00010000512
ENSGALG00010000513	ENSGALG00010000513
ENSGALG00010000514	ENSGALG00010000514
ENSGALG00010000515	ENSGALG00010000515
ENSGALG00010000516	ENSGALG00010000516
ENSGALG00010000517	ENSGALG00010000517
ENSGALG00010000518	ENSGALG00010000518
ENSGALG00010000519	ENSGALG00010000519
ENSGALG00010000520	ENSGALG00010000520
ENSGALG00010000521	ENSGALG00010000521
ENSGALG00010000522	ENSGALG00010000522
ENSGALG00010000523	ENSGALG00010000523
ENSGALG00010000524	ENSGALG00010000524
ENSGALG00010000525	ENSGALG00010000525
POLD1	POLD1
ENSGALG00010000527	ENSGALG00010000527
ENSGALG00010000528	ENSGALG00010000528
STIP1	STIP1
ENSGALG00010000530	ENSGALG00010000530
ENSGALG00010000531	ENSGALG00010000531
ENSGALG00010000532	ENSGALG00010000532
ENSGALG00010000533	ENSGALG00010000533
ENSGALG00010000534	ENSGALG00010000534
ENSGALG00010000535	ENSGALG00010000535
ENSGALG00010000536	ENSGALG00010000536
ENSGALG00010000537	ENSGALG00010000537
ENSGALG00010000538	ENSGALG00010000538
ENSGALG00010000539	ENSGALG00010000539
ENSGALG00010000540	ENSGALG00010000540
ENSGALG00010000541	ENSGALG00010000541
ENSGALG00010000542	ENSGALG00010000542
ENSGALG00010000543	ENSGALG00010000543
ENSGALG00010000544	ENSGALG00010000544
ENSGALG00010000545	ENSGALG00010000545
FLRT1	FLRT1
ENSGALG00010000547	ENSGALG00010000547
ENSGALG00010000548	ENSGALG00010000548
ENSGALG00010000549	ENSGALG00010000549
ENSGALG00010000550	ENSGALG00010000550
ENSGALG00010000551	ENSGALG00010000551
ENSGALG00010000552	ENSGALG00010000552
ENSGALG00010000553	ENSGALG00010000553
ENSGALG00010000554	ENSGALG00010000554
OTUB1	OTUB1
ENSGALG00010000556	ENSGALG00010000556
ENSGALG00010000557	ENSGALG00010000557
ENSGALG00010000558	ENSGALG00010000558
ENSGALG00010000559	ENSGALG00010000559
ENSGALG00010000560	ENSGALG00010000560
ENSGALG00010000561	ENSGALG00010000561
ENSGALG00010000562	ENSGALG00010000562
ENSGALG00010000563	ENSGALG00010000563
NAA40	NAA40
ENSGALG00010000565	ENSGALG00010000565
ENSGALG00010000566	ENSGALG00010000566
ENSGALG00010000567	ENSGALG00010000567
ENSGALG00010000568	ENSGALG00010000568
SIPA1	SIPA1
ENSGALG00010000570	ENSGALG00010000570
ENSGALG00010000571	ENSGALG00010000571
ENSGALG00010000572	ENSGALG00010000572
SNORD125	SNORD125
ENSGALG00010000574	ENSGALG00010000574
ENSGALG00010000575	ENSGALG00010000575
NOS1	NOS1
ENSGALG00010000577	ENSGALG00010000577
ENSGALG00010000578	ENSGALG00010000578
ENSGALG00010000579	ENSGALG00010000579
ENSGALG00010000580	ENSGALG00010000580
ENSGALG00010000581	ENSGALG00010000581
ENSGALG00010000582	ENSGALG00010000582
CCS	CCS
RBM14	RBM14
SPTBN2	SPTBN2
ENSGALG00010000586	ENSGALG00010000586
ENSGALG00010000587	ENSGALG00010000587
ENSGALG00010000588	ENSGALG00010000588
ENSGALG00010000589	ENSGALG00010000589
DNAH5	DNAH5
SBK2	SBK2
CCT5	CCT5
ATPSCKMT	ATPSCKMT
ENSGALG00010000594	ENSGALG00010000594
MYO10	MYO10
ENSGALG00010000596	ENSGALG00010000596
CDH9	CDH9
ENSGALG00010000598	ENSGALG00010000598
RETREG1	RETREG1
ENSGALG00010000600	ENSGALG00010000600
ENSGALG00010000601	ENSGALG00010000601
ENSGALG00010000602	ENSGALG00010000602
ZNF622	ZNF622
ENSGALG00010000604	ENSGALG00010000604
MARCHF11	MARCHF11
UBE2QL1	UBE2QL1
ENSGALG00010000607	ENSGALG00010000607
ENSGALG00010000608	ENSGALG00010000608
ENSGALG00010000609	ENSGALG00010000609
ENSGALG00010000610	ENSGALG00010000610
C7orf57	C7orf57
ENSGALG00010000612	ENSGALG00010000612
ENSGALG00010000613	ENSGALG00010000613
KAT8	KAT8
ENSGALG00010000615	ENSGALG00010000615
PSENEN	PSENEN
ENSGALG00010000617	ENSGALG00010000617
ENSGALG00010000618	ENSGALG00010000618
ENSGALG00010000619	ENSGALG00010000619
ENSGALG00010000620	ENSGALG00010000620
UPP1	UPP1
ENSGALG00010000622	ENSGALG00010000622
ENSGALG00010000623	ENSGALG00010000623
ENSGALG00010000624	ENSGALG00010000624
ENSGALG00010000625	ENSGALG00010000625
ABCA13	ABCA13
ENSGALG00010000627	ENSGALG00010000627
ENSGALG00010000628	ENSGALG00010000628
ENSGALG00010000629	ENSGALG00010000629
ENSGALG00010000630	ENSGALG00010000630
ENSGALG00010000631	ENSGALG00010000631
ENSGALG00010000632	ENSGALG00010000632
VWC2	VWC2
ENSGALG00010000634	ENSGALG00010000634
ENSGALG00010000635	ENSGALG00010000635
ENSGALG00010000636	ENSGALG00010000636
ENSGALG00010000637	ENSGALG00010000637
ENSGALG00010000638	ENSGALG00010000638
SCN1B	SCN1B
ENSGALG00010000640	ENSGALG00010000640
ENSGALG00010000641	ENSGALG00010000641
ZPBP1	ZPBP1
VKORC1	VKORC1
SPMIP7	SPMIP7
ENSGALG00010000645	ENSGALG00010000645
ENSGALG00010000646	ENSGALG00010000646
ENSGALG00010000647	ENSGALG00010000647
ENSGALG00010000648	ENSGALG00010000648
PAPD7	PAPD7
BCKDK	BCKDK
ENSGALG00010000651	ENSGALG00010000651
SRD5A1	SRD5A1
NSUN2	NSUN2
ENSGALG00010000654	ENSGALG00010000654
ENSGALG00010000655	ENSGALG00010000655
ENSGALG00010000656	ENSGALG00010000656
ENSGALG00010000657	ENSGALG00010000657
ENSGALG00010000658	ENSGALG00010000658
ENSGALG00010000659	ENSGALG00010000659
ENSGALG00010000660	ENSGALG00010000660
ENSGALG00010000661	ENSGALG00010000661
ENSGALG00010000662	ENSGALG00010000662
ENSGALG00010000663	ENSGALG00010000663
ENSGALG00010000664	ENSGALG00010000664
ENSGALG00010000665	ENSGALG00010000665
ENSGALG00010000666	ENSGALG00010000666
ENSGALG00010000667	ENSGALG00010000667
ENSGALG00010000668	ENSGALG00010000668
ENSGALG00010000669	ENSGALG00010000669
ENSGALG00010000670	ENSGALG00010000670
ENSGALG00010000671	ENSGALG00010000671
ENSGALG00010000672	ENSGALG00010000672
ENSGALG00010000673	ENSGALG00010000673
GRB10	GRB10
ENSGALG00010000675	ENSGALG00010000675
ENSGALG00010000676	ENSGALG00010000676
ENSGALG00010000677	ENSGALG00010000677
ENSGALG00010000678	ENSGALG00010000678
ENSGALG00010000679	ENSGALG00010000679
ENSGALG00010000680	ENSGALG00010000680
ENSGALG00010000681	ENSGALG00010000681
ENSGALG00010000682	ENSGALG00010000682
ENSGALG00010000683	ENSGALG00010000683
COBL	COBL
ENSGALG00010000685	ENSGALG00010000685
ENSGALG00010000686	ENSGALG00010000686
IKZF1	IKZF1
ENSGALG00010000688	ENSGALG00010000688
ENSGALG00010000689	ENSGALG00010000689
ENSGALG00010000690	ENSGALG00010000690
ENSGALG00010000691	ENSGALG00010000691
ENSGALG00010000692	ENSGALG00010000692
ENSGALG00010000693	ENSGALG00010000693
ENSGALG00010000694	ENSGALG00010000694
FIGNL1	FIGNL1
ENSGALG00010000696	ENSGALG00010000696
ENSGALG00010000697	ENSGALG00010000697
ENSGALG00010000698	ENSGALG00010000698
ENSGALG00010000699	ENSGALG00010000699
ENSGALG00010000700	ENSGALG00010000700
ENSGALG00010000701	ENSGALG00010000701
DDC	DDC
ENSGALG00010000703	ENSGALG00010000703
ENSGALG00010000704	ENSGALG00010000704
ENSGALG00010000705	ENSGALG00010000705
ENSGALG00010000706	ENSGALG00010000706
ENSGALG00010000707	ENSGALG00010000707
ENSGALG00010000708	ENSGALG00010000708
ENSGALG00010000709	ENSGALG00010000709
ENSGALG00010000710	ENSGALG00010000710
SPRY2	SPRY2
ENSGALG00010000712	ENSGALG00010000712
ENSGALG00010000713	ENSGALG00010000713
FBXL7	FBXL7
PCDH20	PCDH20
ENSGALG00010000716	ENSGALG00010000716
NDFIP2	NDFIP2
EEF1G	EEF1G
ENSGALG00010000719	ENSGALG00010000719
RBM26	RBM26
ENSGALG00010000721	ENSGALG00010000721
ANKH	ANKH
ENSGALG00010000723	ENSGALG00010000723
OBI1	OBI1
ENSGALG00010000725	ENSGALG00010000725
POU4F1	POU4F1
ENSGALG00010000727	ENSGALG00010000727
OTULIN	OTULIN
EDNRB	EDNRB
INTS5	INTS5
ENSGALG00010000731	ENSGALG00010000731
ENSGALG00010000732	ENSGALG00010000732
ENSGALG00010000733	ENSGALG00010000733
SLAIN1	SLAIN1
ENSGALG00010000735	ENSGALG00010000735
ENSGALG00010000736	ENSGALG00010000736
ENSGALG00010000737	ENSGALG00010000737
ENSGALG00010000738	ENSGALG00010000738
ENSGALG00010000739	ENSGALG00010000739
ENSGALG00010000740	ENSGALG00010000740
FAM105A	FAM105A
ENSGALG00010000742	ENSGALG00010000742
ENSGALG00010000743	ENSGALG00010000743
ENSGALG00010000744	ENSGALG00010000744
ENSGALG00010000745	ENSGALG00010000745
ENSGALG00010000746	ENSGALG00010000746
ENSGALG00010000747	ENSGALG00010000747
ENSGALG00010000748	ENSGALG00010000748
ENSGALG00010000749	ENSGALG00010000749
ENSGALG00010000750	ENSGALG00010000750
ENSGALG00010000751	ENSGALG00010000751
ENSGALG00010000752	ENSGALG00010000752
TRIO	TRIO
ENSGALG00010000754	ENSGALG00010000754
ENSGALG00010000755	ENSGALG00010000755
ENSGALG00010000756	ENSGALG00010000756
SCEL	SCEL
ENSGALG00010000758	ENSGALG00010000758
ENSGALG00010000759	ENSGALG00010000759
CDH10	CDH10
ENSGALG00010000761	ENSGALG00010000761
ENSGALG00010000762	ENSGALG00010000762
ENSGALG00010000763	ENSGALG00010000763
ENSGALG00010000764	ENSGALG00010000764
ENSGALG00010000765	ENSGALG00010000765
ENSGALG00010000766	ENSGALG00010000766
ENSGALG00010000767	ENSGALG00010000767
ENSGALG00010000768	ENSGALG00010000768
ENSGALG00010000769	ENSGALG00010000769
CDH12	CDH12
ENSGALG00010000771	ENSGALG00010000771
ENSGALG00010000772	ENSGALG00010000772
ENSGALG00010000773	ENSGALG00010000773
ENSGALG00010000774	ENSGALG00010000774
ENSGALG00010000775	ENSGALG00010000775
ENSGALG00010000776	ENSGALG00010000776
MYCBP2	MYCBP2
ENSGALG00010000778	ENSGALG00010000778
ENSGALG00010000779	ENSGALG00010000779
ENSGALG00010000780	ENSGALG00010000780
ENSGALG00010000781	ENSGALG00010000781
ENSGALG00010000782	ENSGALG00010000782
DAP	DAP
FBXL3	FBXL3
CLN5	CLN5
ANKRD33B	ANKRD33B
SNRNP48	SNRNP48
GATD3AL1	GATD3AL1
ROPN1L	ROPN1L
MARCH6	MARCH6
ACOD1	ACOD1
ENSGALG00010000792	ENSGALG00010000792
ENSGALG00010000793	ENSGALG00010000793
ENSGALG00010000794	ENSGALG00010000794
ENSGALG00010000795	ENSGALG00010000795
ENSGALG00010000796	ENSGALG00010000796
ENSGALG00010000797	ENSGALG00010000797
ENSGALG00010000798	ENSGALG00010000798
ENSGALG00010000799	ENSGALG00010000799
LMO7	LMO7
ENSGALG00010000801	ENSGALG00010000801
SEMA5A	SEMA5A
MTRR	MTRR
ENSGALG00010000804	ENSGALG00010000804
FASTKD3	FASTKD3
C5orf49	C5orf49
ENSGALG00010000807	ENSGALG00010000807
ADCY2	ADCY2
ENSGALG00010000809	ENSGALG00010000809
UCHL3	UCHL3
ENSGALG00010000811	ENSGALG00010000811
ENSGALG00010000812	ENSGALG00010000812
ENSGALG00010000813	ENSGALG00010000813
CDH18	CDH18
ENSGALG00010000815	ENSGALG00010000815
TBC1D4	TBC1D4
ENSGALG00010000817	ENSGALG00010000817
KLF12	KLF12
ENSGALG00010000819	ENSGALG00010000819
KLF5	KLF5
ENSGALG00010000821	ENSGALG00010000821
BASP1	BASP1
PIBF1	PIBF1
ENSGALG00010000824	ENSGALG00010000824
ENSGALG00010000825	ENSGALG00010000825
ENSGALG00010000826	ENSGALG00010000826
ENSGALG00010000827	ENSGALG00010000827
ENSGALG00010000828	ENSGALG00010000828
ENSGALG00010000829	ENSGALG00010000829
ENSGALG00010000830	ENSGALG00010000830
ENSGALG00010000831	ENSGALG00010000831
ENSGALG00010000832	ENSGALG00010000832
ENSGALG00010000833	ENSGALG00010000833
ENSGALG00010000834	ENSGALG00010000834
ENSGALG00010000835	ENSGALG00010000835
ENSGALG00010000836	ENSGALG00010000836
ENSGALG00010000837	ENSGALG00010000837
ENSGALG00010000838	ENSGALG00010000838
ENSGALG00010000839	ENSGALG00010000839
ENSGALG00010000840	ENSGALG00010000840
ENSGALG00010000841	ENSGALG00010000841
ENSGALG00010000842	ENSGALG00010000842
DIS3	DIS3
ENSGALG00010000844	ENSGALG00010000844
ENSGALG00010000845	ENSGALG00010000845
ENSGALG00010000846	ENSGALG00010000846
ENSGALG00010000847	ENSGALG00010000847
ENSGALG00010000848	ENSGALG00010000848
ENSGALG00010000849	ENSGALG00010000849
ENSGALG00010000850	ENSGALG00010000850
ENSGALG00010000851	ENSGALG00010000851
ENSGALG00010000852	ENSGALG00010000852
ENSGALG00010000853	ENSGALG00010000853
ENSGALG00010000854	ENSGALG00010000854
ENSGALG00010000855	ENSGALG00010000855
ENSGALG00010000856	ENSGALG00010000856
ENSGALG00010000857	ENSGALG00010000857
ENSGALG00010000858	ENSGALG00010000858
BORA	BORA
ENSGALG00010000860	ENSGALG00010000860
ENSGALG00010000861	ENSGALG00010000861
ENSGALG00010000862	ENSGALG00010000862
ENSGALG00010000863	ENSGALG00010000863
MZT1	MZT1
ENSGALG00010000865	ENSGALG00010000865
ENSGALG00010000866	ENSGALG00010000866
ENSGALG00010000867	ENSGALG00010000867
ENSGALG00010000868	ENSGALG00010000868
ENSGALG00010000869	ENSGALG00010000869
DACH1	DACH1
ENSGALG00010000871	ENSGALG00010000871
ENSGALG00010000872	ENSGALG00010000872
ENSGALG00010000873	ENSGALG00010000873
ENSGALG00010000874	ENSGALG00010000874
ENSGALG00010000875	ENSGALG00010000875
KLHL1	KLHL1
ENSGALG00010000877	ENSGALG00010000877
ENSGALG00010000878	ENSGALG00010000878
ENSGALG00010000879	ENSGALG00010000879
ENSGALG00010000880	ENSGALG00010000880
ENSGALG00010000881	ENSGALG00010000881
ENSGALG00010000882	ENSGALG00010000882
ENSGALG00010000883	ENSGALG00010000883
ENSGALG00010000884	ENSGALG00010000884
ENSGALG00010000885	ENSGALG00010000885
ENSGALG00010000886	ENSGALG00010000886
ENSGALG00010000887	ENSGALG00010000887
ENSGALG00010000888	ENSGALG00010000888
ENSGALG00010000889	ENSGALG00010000889
ENSGALG00010000890	ENSGALG00010000890
ENSGALG00010000891	ENSGALG00010000891
ENSGALG00010000892	ENSGALG00010000892
ENSGALG00010000893	ENSGALG00010000893
ENSGALG00010000894	ENSGALG00010000894
ENSGALG00010000895	ENSGALG00010000895
ENSGALG00010000896	ENSGALG00010000896
ENSGALG00010000897	ENSGALG00010000897
ENSGALG00010000898	ENSGALG00010000898
ENSGALG00010000899	ENSGALG00010000899
ENSGALG00010000900	ENSGALG00010000900
PCDH9	PCDH9
ENSGALG00010000902	ENSGALG00010000902
ENSGALG00010000903	ENSGALG00010000903
ENSGALG00010000904	ENSGALG00010000904
ENSGALG00010000905	ENSGALG00010000905
ENSGALG00010000906	ENSGALG00010000906
ENSGALG00010000907	ENSGALG00010000907
ENSGALG00010000908	ENSGALG00010000908
ENSGALG00010000909	ENSGALG00010000909
ENSGALG00010000910	ENSGALG00010000910
ENSGALG00010000911	ENSGALG00010000911
ENSGALG00010000912	ENSGALG00010000912
ENSGALG00010000913	ENSGALG00010000913
ENSGALG00010000914	ENSGALG00010000914
ENSGALG00010000915	ENSGALG00010000915
ENSGALG00010000916	ENSGALG00010000916
ENSGALG00010000917	ENSGALG00010000917
ENSGALG00010000918	ENSGALG00010000918
ENSGALG00010000919	ENSGALG00010000919
ENSGALG00010000920	ENSGALG00010000920
ENSGALG00010000921	ENSGALG00010000921
ENSGALG00010000922	ENSGALG00010000922
ENSGALG00010000923	ENSGALG00010000923
ENSGALG00010000924	ENSGALG00010000924
ENSGALG00010000925	ENSGALG00010000925
ENSGALG00010000926	ENSGALG00010000926
ENSGALG00010000927	ENSGALG00010000927
ENSGALG00010000928	ENSGALG00010000928
ENSGALG00010000929	ENSGALG00010000929
ENSGALG00010000930	ENSGALG00010000930
ENSGALG00010000931	ENSGALG00010000931
ENSGALG00010000932	ENSGALG00010000932
ENSGALG00010000933	ENSGALG00010000933
ENSGALG00010000934	ENSGALG00010000934
ENSGALG00010000935	ENSGALG00010000935
ENSGALG00010000936	ENSGALG00010000936
ENSGALG00010000937	ENSGALG00010000937
ENSGALG00010000938	ENSGALG00010000938
ENSGALG00010000939	ENSGALG00010000939
ENSGALG00010000940	ENSGALG00010000940
ENSGALG00010000941	ENSGALG00010000941
ENSGALG00010000942	ENSGALG00010000942
ENSGALG00010000943	ENSGALG00010000943
ENSGALG00010000944	ENSGALG00010000944
ENSGALG00010000945	ENSGALG00010000945
ENSGALG00010000946	ENSGALG00010000946
ENSGALG00010000947	ENSGALG00010000947
ENSGALG00010000948	ENSGALG00010000948
ENSGALG00010000949	ENSGALG00010000949
ENSGALG00010000950	ENSGALG00010000950
ENSGALG00010000951	ENSGALG00010000951
ENSGALG00010000952	ENSGALG00010000952
ENSGALG00010000953	ENSGALG00010000953
ENSGALG00010000954	ENSGALG00010000954
ENSGALG00010000955	ENSGALG00010000955
ENSGALG00010000956	ENSGALG00010000956
ENSGALG00010000957	ENSGALG00010000957
ENSGALG00010000958	ENSGALG00010000958
ENSGALG00010000959	ENSGALG00010000959
ENSGALG00010000960	ENSGALG00010000960
ENSGALG00010000961	ENSGALG00010000961
ENSGALG00010000962	ENSGALG00010000962
ENSGALG00010000963	ENSGALG00010000963
ENSGALG00010000964	ENSGALG00010000964
ENSGALG00010000965	ENSGALG00010000965
ENSGALG00010000966	ENSGALG00010000966
ENSGALG00010000967	ENSGALG00010000967
ENSGALG00010000968	ENSGALG00010000968
ENSGALG00010000969	ENSGALG00010000969
ENSGALG00010000970	ENSGALG00010000970
ENSGALG00010000971	ENSGALG00010000971
ENSGALG00010000972	ENSGALG00010000972
ENSGALG00010000973	ENSGALG00010000973
ENSGALG00010000974	ENSGALG00010000974
ENSGALG00010000975	ENSGALG00010000975
ENSGALG00010000976	ENSGALG00010000976
ENSGALG00010000977	ENSGALG00010000977
ENSGALG00010000978	ENSGALG00010000978
ENSGALG00010000979	ENSGALG00010000979
ENSGALG00010000980	ENSGALG00010000980
ENSGALG00010000981	ENSGALG00010000981
ENSGALG00010000982	ENSGALG00010000982
ENSGALG00010000983	ENSGALG00010000983
ENSGALG00010000984	ENSGALG00010000984
ENSGALG00010000985	ENSGALG00010000985
ENSGALG00010000986	ENSGALG00010000986
ENSGALG00010000987	ENSGALG00010000987
ENSGALG00010000988	ENSGALG00010000988
ENSGALG00010000989	ENSGALG00010000989
ENSGALG00010000990	ENSGALG00010000990
ENSGALG00010000991	ENSGALG00010000991
ENSGALG00010000992	ENSGALG00010000992
ENSGALG00010000993	ENSGALG00010000993
ENSGALG00010000994	ENSGALG00010000994
ENSGALG00010000995	ENSGALG00010000995
ENSGALG00010000996	ENSGALG00010000996
ENSGALG00010000997	ENSGALG00010000997
ENSGALG00010000998	ENSGALG00010000998
ENSGALG00010000999	ENSGALG00010000999
ENSGALG00010001000	ENSGALG00010001000
ENSGALG00010001001	ENSGALG00010001001
ENSGALG00010001002	ENSGALG00010001002
ENSGALG00010001003	ENSGALG00010001003
ENSGALG00010001004	ENSGALG00010001004
ENSGALG00010001005	ENSGALG00010001005
ENSGALG00010001006	ENSGALG00010001006
ENSGALG00010001007	ENSGALG00010001007
ENSGALG00010001008	ENSGALG00010001008
ENSGALG00010001009	ENSGALG00010001009
ENSGALG00010001010	ENSGALG00010001010
ENSGALG00010001011	ENSGALG00010001011
ENSGALG00010001012	ENSGALG00010001012
ENSGALG00010001013	ENSGALG00010001013
ENSGALG00010001014	ENSGALG00010001014
U6 - ENSGALG00010001015	U6 - ENSGALG00010001015
SNORD123	SNORD123
ENSGALG00010001017	ENSGALG00010001017
ENSGALG00010001018	ENSGALG00010001018
gga-mir-6545	gga-mir-6545
gga-mir-757	gga-mir-757
gga-mir-1766	gga-mir-1766
gga-mir-1613	gga-mir-1613
ENSGALG00010001023	ENSGALG00010001023
ENSGALG00010001024	ENSGALG00010001024
ENSGALG00010001025	ENSGALG00010001025
ENSGALG00010001026	ENSGALG00010001026
ENSGALG00010001027	ENSGALG00010001027
ENSGALG00010001028	ENSGALG00010001028
ENSGALG00010001029	ENSGALG00010001029
ENSGALG00010001030	ENSGALG00010001030
ENSGALG00010001031	ENSGALG00010001031
ENSGALG00010001032	ENSGALG00010001032
ENSGALG00010001033	ENSGALG00010001033
ENSGALG00010001034	ENSGALG00010001034
ENSGALG00010001035	ENSGALG00010001035
ENSGALG00010001036	ENSGALG00010001036
ENSGALG00010001037	ENSGALG00010001037
ENSGALG00010001038	ENSGALG00010001038
ENSGALG00010001039	ENSGALG00010001039
ENSGALG00010001040	ENSGALG00010001040
ENSGALG00010001041	ENSGALG00010001041
ENSGALG00010001042	ENSGALG00010001042
ENSGALG00010001043	ENSGALG00010001043
ENSGALG00010001044	ENSGALG00010001044
ENSGALG00010001045	ENSGALG00010001045
ENSGALG00010001046	ENSGALG00010001046
ENSGALG00010001047	ENSGALG00010001047
ENSGALG00010001048	ENSGALG00010001048
ENSGALG00010001049	ENSGALG00010001049
ENSGALG00010001050	ENSGALG00010001050
ENSGALG00010001051	ENSGALG00010001051
ENSGALG00010001052	ENSGALG00010001052
ENSGALG00010001053	ENSGALG00010001053
ENSGALG00010001054	ENSGALG00010001054
ENSGALG00010001055	ENSGALG00010001055
ENSGALG00010001056	ENSGALG00010001056
ENSGALG00010001057	ENSGALG00010001057
ENSGALG00010001058	ENSGALG00010001058
ENSGALG00010001059	ENSGALG00010001059
ENSGALG00010001060	ENSGALG00010001060
ENSGALG00010001061	ENSGALG00010001061
ENSGALG00010001062	ENSGALG00010001062
ENSGALG00010001063	ENSGALG00010001063
ENSGALG00010001064	ENSGALG00010001064
ENSGALG00010001065	ENSGALG00010001065
SLC33A1	SLC33A1
ENSGALG00010001067	ENSGALG00010001067
ENSGALG00010001068	ENSGALG00010001068
ENSGALG00010001069	ENSGALG00010001069
C3orf33	C3orf33
ENSGALG00010001071	ENSGALG00010001071
ENSGALG00010001072	ENSGALG00010001072
ENSGALG00010001073	ENSGALG00010001073
ENSGALG00010001074	ENSGALG00010001074
ENSGALG00010001075	ENSGALG00010001075
ENSGALG00010001076	ENSGALG00010001076
ENSGALG00010001077	ENSGALG00010001077
ENSGALG00010001078	ENSGALG00010001078
ENSGALG00010001079	ENSGALG00010001079
ENSGALG00010001080	ENSGALG00010001080
ENSGALG00010001081	ENSGALG00010001081
P2RY1	P2RY1
ENSGALG00010001083	ENSGALG00010001083
ENSGALG00010001084	ENSGALG00010001084
ENSGALG00010001085	ENSGALG00010001085
ENSGALG00010001086	ENSGALG00010001086
ENSGALG00010001087	ENSGALG00010001087
ENSGALG00010001088	ENSGALG00010001088
ENSGALG00010001089	ENSGALG00010001089
ENSGALG00010001090	ENSGALG00010001090
ENSGALG00010001091	ENSGALG00010001091
ENSGALG00010001092	ENSGALG00010001092
ENSGALG00010001093	ENSGALG00010001093
ENSGALG00010001094	ENSGALG00010001094
ENSGALG00010001095	ENSGALG00010001095
ENSGALG00010001096	ENSGALG00010001096
ENSGALG00010001097	ENSGALG00010001097
ENSGALG00010001098	ENSGALG00010001098
ENSGALG00010001099	ENSGALG00010001099
ENSGALG00010001100	ENSGALG00010001100
ENSGALG00010001101	ENSGALG00010001101
ENSGALG00010001102	ENSGALG00010001102
ENSGALG00010001103	ENSGALG00010001103
MBNL1	MBNL1
ENSGALG00010001105	ENSGALG00010001105
ENSGALG00010001106	ENSGALG00010001106
ENSGALG00010001107	ENSGALG00010001107
ENSGALG00010001108	ENSGALG00010001108
gga-mir-7445-2	gga-mir-7445-2
gga-mir-1743	gga-mir-1743
SUCNR1	SUCNR1
TSC22D2	TSC22D2
IGSF10	IGSF10
MED12L	MED12L
PFN2	PFN2
RNF13	RNF13
P2RY13	P2RY13
P2RY12	P2RY12
COMMD2	COMMD2
GPR87	GPR87
WWTR1	WWTR1
P2RY14	P2RY14
CP	CP
GPR171	GPR171
CLRN1	CLRN1
MINDY4B	MINDY4B
SIAH2	SIAH2
ERICH6	ERICH6
TM4SF4	TM4SF4
ENSGALG00010001130	ENSGALG00010001130
HPS3	HPS3
SELENOT	SELENOT
EIF2A	EIF2A
ENSGALG00010001134	ENSGALG00010001134
GYG1	GYG1
SERP1	SERP1
OTOL1	OTOL1
SPTSSB	SPTSSB
ENSGALG00010001139	ENSGALG00010001139
NMD3	NMD3
MTAP	MTAP
PPM1L	PPM1L
CDKN2A	CDKN2A
CDKN2B	CDKN2B
TRIM36	TRIM36
FAM69C	FAM69C
PGGT1B	PGGT1B
C18orf63	C18orf63
CIDEA	CIDEA
ENSGALG00010001150	ENSGALG00010001150
CCDC112	CCDC112
FEM1C	FEM1C
TSHZ1	TSHZ1
PTGR3	PTGR3
CYB5A	CYB5A
ALDH7A1	ALDH7A1
TIMM21	TIMM21
FRMPD1	FRMPD1
RTTN	RTTN
TRMT10B	TRMT10B
B3GALNT1	B3GALNT1
ENSGALG00010001162	ENSGALG00010001162
ARL14	ARL14
KPNA4	KPNA4
ENSGALG00010001165	ENSGALG00010001165
TRIM59	TRIM59
SMC4	SMC4
DOK6	DOK6
ENSGALG00010001169	ENSGALG00010001169
DCAF10	DCAF10
POLR1E	POLR1E
TMEM200C	TMEM200C
IFT80	IFT80
ENSGALG00010001174	ENSGALG00010001174
ENSGALG00010001175	ENSGALG00010001175
IL12A	IL12A
SEH1L	SEH1L
ZBTB5	ZBTB5
GRHPR	GRHPR
SPIRE1	SPIRE1
MFSD1	MFSD1
ZCCHC7	ZCCHC7
RARRES1	RARRES1
ENSGALG00010001184	ENSGALG00010001184
PTPN2	PTPN2
ENSGALG00010001186	ENSGALG00010001186
GFM1	GFM1
PSMG2	PSMG2
ENSGALG00010001189	ENSGALG00010001189
LXN	LXN
TOMM5	TOMM5
MLF1	MLF1
PRELID3A	PRELID3A
POT1	POT1
ZNF608	ZNF608
LSMEM1	LSMEM1
CEP76	CEP76
IFRD1	IFRD1
AFG3L2	AFG3L2
CTTNBP2	CTTNBP2
TUBB6	TUBB6
CFTR	CFTR
TMX3	TMX3
SNX2	SNX2
CEP192	CEP192
RSRC1	RSRC1
ASZ1	ASZ1
MOV10L1	MOV10L1
CDH7	CDH7
PANX2	PANX2
ENSGALG00010001211	ENSGALG00010001211
PAX5	PAX5
PPIC	PPIC
TES	TES
PRDM6	PRDM6
SHOX2	SHOX2
ENSGALG00010001217	ENSGALG00010001217
ENSGALG00010001218	ENSGALG00010001218
TFEC	TFEC
PLXNB2	PLXNB2
GRAMD2B	GRAMD2B
ZNF800	ZNF800
GRM8	GRM8
DNAJB9	DNAJB9
SOCS6	SOCS6
VEPH1	VEPH1
ENSGALG00010001227	ENSGALG00010001227
THAP5	THAP5
ZNF407	ZNF407
PTX3	PTX3
CNDP1	CNDP1
TSPAN12	TSPAN12
CNDP2	CNDP2
AASS	AASS
CCDC102B	CCDC102B
ENSGALG00010001236	ENSGALG00010001236
MELK	MELK
GOLIM4	GOLIM4
ENSGALG00010001239	ENSGALG00010001239
ENSGALG00010001240	ENSGALG00010001240
ENSGALG00010001241	ENSGALG00010001241
ENSGALG00010001242	ENSGALG00010001242
ENSGALG00010001243	ENSGALG00010001243
ENSGALG00010001244	ENSGALG00010001244
SERPINI1	SERPINI1
ENSGALG00010001246	ENSGALG00010001246
ENSGALG00010001247	ENSGALG00010001247
PTPRZ1	PTPRZ1
PDCD10	PDCD10
ENSGALG00010001250	ENSGALG00010001250
ZNF277	ZNF277
SNCAIP	SNCAIP
ENSGALG00010001253	ENSGALG00010001253
NETO1	NETO1
ENSGALG00010001255	ENSGALG00010001255
ENSGALG00010001256	ENSGALG00010001256
ENSGALG00010001257	ENSGALG00010001257
ENSGALG00010001258	ENSGALG00010001258
ENSGALG00010001259	ENSGALG00010001259
ENSGALG00010001260	ENSGALG00010001260
ENSGALG00010001261	ENSGALG00010001261
ENSGALG00010001262	ENSGALG00010001262
ENSGALG00010001263	ENSGALG00010001263
FAM3C	FAM3C
OPN1LW	OPN1LW
ENSGALG00010001266	ENSGALG00010001266
BCHE	BCHE
CBLN2	CBLN2
ENSGALG00010001269	ENSGALG00010001269
DRAP1	DRAP1
ENSGALG00010001271	ENSGALG00010001271
ENSGALG00010001272	ENSGALG00010001272
ENSGALG00010001273	ENSGALG00010001273
DLGAP1	DLGAP1
ENSGALG00010001275	ENSGALG00010001275
ENSGALG00010001276	ENSGALG00010001276
ENSGALG00010001277	ENSGALG00010001277
ENSGALG00010001278	ENSGALG00010001278
LPIN2	LPIN2
ENSGALG00010001280	ENSGALG00010001280
LRRN3	LRRN3
ENSGALG00010001282	ENSGALG00010001282
ENSGALG00010001283	ENSGALG00010001283
ENSGALG00010001284	ENSGALG00010001284
ENSGALG00010001285	ENSGALG00010001285
SRFBP1	SRFBP1
PLPP4	PLPP4
TGIF1	TGIF1
ENSGALG00010001289	ENSGALG00010001289
ENSGALG00010001290	ENSGALG00010001290
ENSGALG00010001291	ENSGALG00010001291
LOX	LOX
ENSGALG00010001293	ENSGALG00010001293
ENSGALG00010001294	ENSGALG00010001294
ENSGALG00010001295	ENSGALG00010001295
ENSGALG00010001296	ENSGALG00010001296
MYL12A	MYL12A
DOCK4	DOCK4
ENSGALG00010001299	ENSGALG00010001299
MRPL49	MRPL49
GMPS	GMPS
ENSGALG00010001302	ENSGALG00010001302
ENSGALG00010001303	ENSGALG00010001303
SYVN1	SYVN1
WNT16	WNT16
CEP120	CEP120
CALU	CALU
MGMT	MGMT
ENSGALG00010001309	ENSGALG00010001309
ENSGALG00010001310	ENSGALG00010001310
ENSGALG00010001311	ENSGALG00010001311
ENSGALG00010001312	ENSGALG00010001312
EMILIN2	EMILIN2
ENSGALG00010001314	ENSGALG00010001314
ENSGALG00010001315	ENSGALG00010001315
ENSGALG00010001316	ENSGALG00010001316
ENSGALG00010001317	ENSGALG00010001317
ENSGALG00010001318	ENSGALG00010001318
ENSGALG00010001319	ENSGALG00010001319
CPED1	CPED1
HOXA13	HOXA13
ENSGALG00010001322	ENSGALG00010001322
ENSGALG00010001323	ENSGALG00010001323
ENSGALG00010001324	ENSGALG00010001324
ENSGALG00010001325	ENSGALG00010001325
ENSGALG00010001326	ENSGALG00010001326
ENSGALG00010001327	ENSGALG00010001327
ENSGALG00010001328	ENSGALG00010001328
ENSGALG00010001329	ENSGALG00010001329
ENSGALG00010001330	ENSGALG00010001330
ENSGALG00010001331	ENSGALG00010001331
ENSGALG00010001332	ENSGALG00010001332
PLCH1	PLCH1
EBF3	EBF3
ENSGALG00010001335	ENSGALG00010001335
SPMIP4	SPMIP4
ENSGALG00010001337	ENSGALG00010001337
ENSGALG00010001338	ENSGALG00010001338
ENSGALG00010001339	ENSGALG00010001339
ENSGALG00010001340	ENSGALG00010001340
ENSGALG00010001341	ENSGALG00010001341
ENSGALG00010001342	ENSGALG00010001342
ENSGALG00010001343	ENSGALG00010001343
ENSGALG00010001344	ENSGALG00010001344
ENSGALG00010001345	ENSGALG00010001345
ENSGALG00010001346	ENSGALG00010001346
MYOM1	MYOM1
NPVF	NPVF
ING3	ING3
SPDYC	SPDYC
CAPN1	CAPN1
ENSGALG00010001352	ENSGALG00010001352
GLRX3	GLRX3
ENSGALG00010001354	ENSGALG00010001354
ENSGALG00010001355	ENSGALG00010001355
ENSGALG00010001356	ENSGALG00010001356
ENSGALG00010001357	ENSGALG00010001357
TCERG1L	TCERG1L
ENSGALG00010001359	ENSGALG00010001359
ENSGALG00010001360	ENSGALG00010001360
ENSGALG00010001361	ENSGALG00010001361
ENSGALG00010001362	ENSGALG00010001362
HIBADH	HIBADH
SMCHD1	SMCHD1
ENSGALG00010001365	ENSGALG00010001365
ENSGALG00010001366	ENSGALG00010001366
IMMP2L - ENSGALG00010001367	IMMP2L - ENSGALG00010001367
WIPF3	WIPF3
PPP2R2D	PPP2R2D
ENSGALG00010001370	ENSGALG00010001370
ENSGALG00010001371	ENSGALG00010001371
ENSGALG00010001372	ENSGALG00010001372
IMPA2	IMPA2
ENSGALG00010001374	ENSGALG00010001374
ENSGALG00010001375	ENSGALG00010001375
ENSGALG00010001376	ENSGALG00010001376
ENSGALG00010001377	ENSGALG00010001377
POLA2	POLA2
ENSGALG00010001379	ENSGALG00010001379
SCRN1	SCRN1
MDFIC	MDFIC
BNIP3	BNIP3
ENSGALG00010001383	ENSGALG00010001383
ENSGALG00010001384	ENSGALG00010001384
MME	MME
FKBP14	FKBP14
ENSGALG00010001387	ENSGALG00010001387
MPPE1	MPPE1
ENSGALG00010001389	ENSGALG00010001389
ENSGALG00010001390	ENSGALG00010001390
U2 - ENSGALG00010001391	U2 - ENSGALG00010001391
gga-mir-7483	gga-mir-7483
ENSGALG00010001393	ENSGALG00010001393
gga-mir-31	gga-mir-31
GNAL	GNAL
ENSGALG00010001396	ENSGALG00010001396
KLHL7	KLHL7
WDR11	WDR11
ENSGALG00010001399	ENSGALG00010001399
SNX24	SNX24
ENSGALG00010001401	ENSGALG00010001401
NUP42	NUP42
ENSGALG00010001403	ENSGALG00010001403
ENSGALG00010001404	ENSGALG00010001404
ENSGALG00010001405	ENSGALG00010001405
EML3	EML3
FOXP2	FOXP2
ENSGALG00010001408	ENSGALG00010001408
GPNMB	GPNMB
MC2R	MC2R
FGFR2	FGFR2
ENSGALG00010001412	ENSGALG00010001412
ENSGALG00010001413	ENSGALG00010001413
CCDC126	CCDC126
MC5R	MC5R
AP4M1	AP4M1
ENSGALG00010001417	ENSGALG00010001417
RNMT	RNMT
KCND2	KCND2
FAM221A	FAM221A
ENSGALG00010001421	ENSGALG00010001421
AP1S1	AP1S1
FAM210A	FAM210A
ENSGALG00010001424	ENSGALG00010001424
ENSGALG00010001425	ENSGALG00010001425
ATE1	ATE1
ASB11	ASB11
ENSGALG00010001428	ENSGALG00010001428
ENSGALG00010001429	ENSGALG00010001429
ENSGALG00010001430	ENSGALG00010001430
ENSGALG00010001431	ENSGALG00010001431
NSMCE4A	NSMCE4A
ENSGALG00010001433	ENSGALG00010001433
ENSGALG00010001434	ENSGALG00010001434
ENSGALG00010001435	ENSGALG00010001435
ENSGALG00010001436	ENSGALG00010001436
ENSGALG00010001437	ENSGALG00010001437
ENSGALG00010001438	ENSGALG00010001438
ENSGALG00010001439	ENSGALG00010001439
CDCA7L	CDCA7L
HMGCLL1	HMGCLL1
LDLRAD4	LDLRAD4
ANKRD26	ANKRD26
ENSGALG00010001444	ENSGALG00010001444
ENSGALG00010001445	ENSGALG00010001445
ENSGALG00010001446	ENSGALG00010001446
GFRAL	GFRAL
GPR37	GPR37
ENSGALG00010001449	ENSGALG00010001449
GPR149	GPR149
HCRTR2	HCRTR2
ENSGALG00010001452	ENSGALG00010001452
TAX1BP1	TAX1BP1
VEGFD	VEGFD
ENSGALG00010001455	ENSGALG00010001455
LSM8	LSM8
NDC80	NDC80
JAZF1	JAZF1
ENSGALG00010001459	ENSGALG00010001459
MALSU1	MALSU1
ASB9	ASB9
DHX36	DHX36
DSEL	DSEL
ENSGALG00010001464	ENSGALG00010001464
TACC2	TACC2
PRKX	PRKX
ENSGALG00010001467	ENSGALG00010001467
ANOS1	ANOS1
ARHGEF26	ARHGEF26
GPR85	GPR85
BMP5	BMP5
ENSGALG00010001472	ENSGALG00010001472
ENSGALG00010001473	ENSGALG00010001473
ENSGALG00010001474	ENSGALG00010001474
BMT2	BMT2
IGF2BP3	IGF2BP3
NLGN4Y	NLGN4Y
ENSGALG00010001478	ENSGALG00010001478
TMEM168	TMEM168
JAKMIP3	JAKMIP3
ENSGALG00010001481	ENSGALG00010001481
TRA2A	TRA2A
ENSGALG00010001483	ENSGALG00010001483
BMX	BMX
ENSGALG00010001485	ENSGALG00010001485
WNT2	WNT2
CDH19	CDH19
GRPR	GRPR
ENSGALG00010001489	ENSGALG00010001489
ENSGALG00010001490	ENSGALG00010001490
PHF3	PHF3
ENSGALG00010001492	ENSGALG00010001492
ENSGALG00010001493	ENSGALG00010001493
ENSGALG00010001494	ENSGALG00010001494
CCNL1	CCNL1
PTP4A1	PTP4A1
LEKR1	LEKR1
ENSGALG00010001498	ENSGALG00010001498
TIPARP	TIPARP
ENSGALG00010001500	ENSGALG00010001500
CAPZA2	CAPZA2
LGSN	LGSN
ENSGALG00010001503	ENSGALG00010001503
RBMS3	RBMS3
SSR3	SSR3
DPYSL4	DPYSL4
METTL4	METTL4
CD109	CD109
ENSGALG00010001509	ENSGALG00010001509
AP1S2	AP1S2
ENSGALG00010001511	ENSGALG00010001511
PLCL2	PLCL2
ZRSR2	ZRSR2
MET	MET
ENSGALG00010001515	ENSGALG00010001515
TMEM27	TMEM27
CAV2	CAV2
SLC17A5	SLC17A5
ENSGALG00010001519	ENSGALG00010001519
KCNAB1	KCNAB1
TBC1D5	TBC1D5
ENSGALG00010001522	ENSGALG00010001522
ENSGALG00010001523	ENSGALG00010001523
ACE2	ACE2
EEF1A1	EEF1A1
PPP1R3A	PPP1R3A
STK32C	STK32C
NR1D2	NR1D2
ENSGALG00010001529	ENSGALG00010001529
ENSGALG00010001530	ENSGALG00010001530
ENSGALG00010001531	ENSGALG00010001531
ENSGALG00010001532	ENSGALG00010001532
ENSGALG00010001533	ENSGALG00010001533
SLITRK3	SLITRK3
RAP2B	RAP2B
ASMT	ASMT
ENSGALG00010001537	ENSGALG00010001537
ENSGALG00010001538	ENSGALG00010001538
ENSGALG00010001539	ENSGALG00010001539
TRABD	TRABD
ENSGALG00010001541	ENSGALG00010001541
MTO1	MTO1
ENSGALG00010001543	ENSGALG00010001543
ENSGALG00010001544	ENSGALG00010001544
SELENOO	SELENOO
CGAS	CGAS
PWWP2B	PWWP2B
AKAP17A	AKAP17A
ENSGALG00010001549	ENSGALG00010001549
ENSGALG00010001550	ENSGALG00010001550
FHIP1B	FHIP1B
TUBGCP6	TUBGCP6
CNGA4	CNGA4
ENSGALG00010001554	ENSGALG00010001554
ENSGALG00010001555	ENSGALG00010001555
EPB41L3	EPB41L3
THRB	THRB
CCKBR	CCKBR
HDAC10	HDAC10
ENSGALG00010001560	ENSGALG00010001560
ENSGALG00010001561	ENSGALG00010001561
ENSGALG00010001562	ENSGALG00010001562
ENSGALG00010001563	ENSGALG00010001563
ENSGALG00010001564	ENSGALG00010001564
ENSGALG00010001565	ENSGALG00010001565
ENSGALG00010001566	ENSGALG00010001566
INPP5A	INPP5A
ENSGALG00010001568	ENSGALG00010001568
ENSGALG00010001569	ENSGALG00010001569
SMPD1	SMPD1
ENSGALG00010001571	ENSGALG00010001571
ENSGALG00010001572	ENSGALG00010001572
ENSGALG00010001573	ENSGALG00010001573
ENSGALG00010001574	ENSGALG00010001574
ENSGALG00010001575	ENSGALG00010001575
ENSGALG00010001576	ENSGALG00010001576
NKX6-2	NKX6-2
ENSGALG00010001578	ENSGALG00010001578
ENSGALG00010001579	ENSGALG00010001579
ENSGALG00010001580	ENSGALG00010001580
ENSGALG00010001581	ENSGALG00010001581
ENSGALG00010001582	ENSGALG00010001582
ENSGALG00010001583	ENSGALG00010001583
ENSGALG00010001584	ENSGALG00010001584
CHN2 - ENSGALG00010001585	CHN2 - ENSGALG00010001585
ZBTB14	ZBTB14
ENSGALG00010001587	ENSGALG00010001587
ENSGALG00010001588	ENSGALG00010001588
EVX1	EVX1
ENSGALG00010001590	ENSGALG00010001590
ENSGALG00010001591	ENSGALG00010001591
ENSGALG00010001592	ENSGALG00010001592
ENSGALG00010001593	ENSGALG00010001593
ENSGALG00010001594	ENSGALG00010001594
AKAIN1	AKAIN1
ENSGALG00010001596	ENSGALG00010001596
ENSGALG00010001597	ENSGALG00010001597
ENSGALG00010001598	ENSGALG00010001598
TBL1X	TBL1X
ENSGALG00010001600	ENSGALG00010001600
ENSGALG00010001601	ENSGALG00010001601
ENSGALG00010001602	ENSGALG00010001602
ENSGALG00010001603	ENSGALG00010001603
ENSGALG00010001604	ENSGALG00010001604
APBB1	APBB1
PIGA	PIGA
ENSGALG00010001607	ENSGALG00010001607
ENSGALG00010001608	ENSGALG00010001608
ENSGALG00010001609	ENSGALG00010001609
ENSGALG00010001610	ENSGALG00010001610
MAPK12	MAPK12
HPX	HPX
ENSGALG00010001613	ENSGALG00010001613
ENSGALG00010001614	ENSGALG00010001614
ENSGALG00010001615	ENSGALG00010001615
OPNVA	OPNVA
TRIM3	TRIM3
ENSGALG00010001618	ENSGALG00010001618
ENSGALG00010001619	ENSGALG00010001619
MOSPD2	MOSPD2
DLGAP2	DLGAP2
ENSGALG00010001622	ENSGALG00010001622
ENSGALG00010001623	ENSGALG00010001623
ENSGALG00010001624	ENSGALG00010001624
ENSGALG00010001625	ENSGALG00010001625
ENSGALG00010001626	ENSGALG00010001626
ARFIP2	ARFIP2
MAPK11	MAPK11
ENSGALG00010001629	ENSGALG00010001629
ENSGALG00010001630	ENSGALG00010001630
ENSGALG00010001631	ENSGALG00010001631
FANCB	FANCB
B3GAT2	B3GAT2
ENSGALG00010001634	ENSGALG00010001634
TIMM10B	TIMM10B
ENSGALG00010001636	ENSGALG00010001636
ENSGALG00010001637	ENSGALG00010001637
ENSGALG00010001638	ENSGALG00010001638
ZNF385D	ZNF385D
ENSGALG00010001640	ENSGALG00010001640
ENSGALG00010001641	ENSGALG00010001641
ENSGALG00010001642	ENSGALG00010001642
ENSGALG00010001643	ENSGALG00010001643
ENSGALG00010001644	ENSGALG00010001644
ENSGALG00010001645	ENSGALG00010001645
ENSGALG00010001646	ENSGALG00010001646
ARL8BL	ARL8BL
ENSGALG00010001648	ENSGALG00010001648
UBE2E2	UBE2E2
ENSGALG00010001650	ENSGALG00010001650
ENSGALG00010001651	ENSGALG00010001651
ENSGALG00010001652	ENSGALG00010001652
ENSGALG00010001653	ENSGALG00010001653
RPS11	RPS11
ENSGALG00010001655	ENSGALG00010001655
GLRA2	GLRA2
SMAP1	SMAP1
ENSGALG00010001658	ENSGALG00010001658
ENSGALG00010001659	ENSGALG00010001659
ENSGALG00010001660	ENSGALG00010001660
TCTN3	TCTN3
ENSGALG00010001662	ENSGALG00010001662
ENSGALG00010001663	ENSGALG00010001663
SPAM1	SPAM1
ENSGALG00010001665	ENSGALG00010001665
PIEZO2	PIEZO2
ENSGALG00010001667	ENSGALG00010001667
UBE2E1	UBE2E1
ENSGALG00010001669	ENSGALG00010001669
SHOX	SHOX
ENSGALG00010001671	ENSGALG00010001671
ENSGALG00010001672	ENSGALG00010001672
HYAL6	HYAL6
ENSGALG00010001674	ENSGALG00010001674
ENSGALG00010001675	ENSGALG00010001675
ENSGALG00010001676	ENSGALG00010001676
SDHAF4	SDHAF4
SYAP1	SYAP1
ENSGALG00010001679	ENSGALG00010001679
SCARNA7	SCARNA7
NAPG	NAPG
gga-mir-1754	gga-mir-1754
ENSGALG00010001683	ENSGALG00010001683
gga-mir-6556	gga-mir-6556
gga-mir-16-2	gga-mir-16-2
WASL	WASL
gga-mir-15b	gga-mir-15b
ENSGALG00010001688	ENSGALG00010001688
ILK	ILK
ENSGALG00010001690	ENSGALG00010001690
CTPS2	CTPS2
ALDH18A1	ALDH18A1
NKIRAS1	NKIRAS1
ENSGALG00010001694	ENSGALG00010001694
LMOD2	LMOD2
FAM135A	FAM135A
TAF10	TAF10
RPL15	RPL15
ASB15	ASB15
ENSGALG00010001700	ENSGALG00010001700
NDUFA5	NDUFA5
PLEKHA1	PLEKHA1
ENSGALG00010001703	ENSGALG00010001703
ENSGALG00010001704	ENSGALG00010001704
HTRA1	HTRA1
IQUB	IQUB
ENSGALG00010001707	ENSGALG00010001707
AADAC	AADAC
ENSGALG00010001709	ENSGALG00010001709
LCMT2	LCMT2
CREB5	CREB5
ATP6AP1	ATP6AP1
PNPLA4	PNPLA4
SLC13A1	SLC13A1
ENSGALG00010001715	ENSGALG00010001715
TRIL	TRIL
STARD10	STARD10
ENSGALG00010001718	ENSGALG00010001718
ENSGALG00010001719	ENSGALG00010001719
ENSGALG00010001720	ENSGALG00010001720
TM4SF1	TM4SF1
ENSGALG00010001722	ENSGALG00010001722
ENSGALG00010001723	ENSGALG00010001723
ENSGALG00010001724	ENSGALG00010001724
MTA2	MTA2
ENSGALG00010001726	ENSGALG00010001726
COL9A1	COL9A1
STS	STS
ENSGALG00010001729	ENSGALG00010001729
ENSGALG00010001730	ENSGALG00010001730
ENSGALG00010001731	ENSGALG00010001731
ENSGALG00010001732	ENSGALG00010001732
ENSGALG00010001733	ENSGALG00010001733
ENSGALG00010001734	ENSGALG00010001734
ENSGALG00010001735	ENSGALG00010001735
ENSGALG00010001736	ENSGALG00010001736
ENSGALG00010001737	ENSGALG00010001737
PUDP	PUDP
ENSGALG00010001739	ENSGALG00010001739
ENSGALG00010001740	ENSGALG00010001740
SATB1	SATB1
ENSGALG00010001742	ENSGALG00010001742
ENSGALG00010001743	ENSGALG00010001743
ENSGALG00010001744	ENSGALG00010001744
CADPS2	CADPS2
ENSGALG00010001746	ENSGALG00010001746
KCNH8	KCNH8
ENSGALG00010001748	ENSGALG00010001748
VAPA	VAPA
EFHB	EFHB
AVPR2	AVPR2
ARRB1	ARRB1
PNPLA8	PNPLA8
APCDD1	APCDD1
CUZD1	CUZD1
ENSGALG00010001756	ENSGALG00010001756
ENSGALG00010001757	ENSGALG00010001757
COL19A1	COL19A1
C10orf88	C10orf88
RAB5A	RAB5A
ELOB	ELOB
ENSGALG00010001762	ENSGALG00010001762
ENSGALG00010001763	ENSGALG00010001763
ENSGALG00010001764	ENSGALG00010001764
ENSGALG00010001765	ENSGALG00010001765
ENSGALG00010001766	ENSGALG00010001766
ENSGALG00010001767	ENSGALG00010001767
ENSGALG00010001768	ENSGALG00010001768
ENSGALG00010001769	ENSGALG00010001769
PP2D1	PP2D1
ENSGALG00010001771	ENSGALG00010001771
ENSGALG00010001772	ENSGALG00010001772
NRCAM	NRCAM
ENSGALG00010001774	ENSGALG00010001774
ENSGALG00010001775	ENSGALG00010001775
LMBRD1	LMBRD1
ENSGALG00010001777	ENSGALG00010001777
KAT2B	KAT2B
ENSGALG00010001779	ENSGALG00010001779
ENSGALG00010001780	ENSGALG00010001780
ENSGALG00010001781	ENSGALG00010001781
ENSGALG00010001782	ENSGALG00010001782
SGO1	SGO1
ENSGALG00010001784	ENSGALG00010001784
CNTN1	CNTN1
P2RY8	P2RY8
ENSGALG00010001787	ENSGALG00010001787
HOXA1	HOXA1
ENSGALG00010001789	ENSGALG00010001789
HOXA2	HOXA2
ENSGALG00010001791	ENSGALG00010001791
ENSGALG00010001792	ENSGALG00010001792
IKZF5	IKZF5
ENSGALG00010001794	ENSGALG00010001794
ENSGALG00010001795	ENSGALG00010001795
SLCO2B1	SLCO2B1
ENSGALG00010001797	ENSGALG00010001797
PSTK	PSTK
ENSGALG00010001799	ENSGALG00010001799
ENSGALG00010001800	ENSGALG00010001800
HOXA3	HOXA3
ENSGALG00010001802	ENSGALG00010001802
PPP4R1	PPP4R1
ENSGALG00010001804	ENSGALG00010001804
ENSGALG00010001805	ENSGALG00010001805
ENSGALG00010001806	ENSGALG00010001806
ASMTL	ASMTL
HOXA4	HOXA4
ENSGALG00010001809	ENSGALG00010001809
OPN2SW	OPN2SW
ACADSB	ACADSB
ENSGALG00010001812	ENSGALG00010001812
HOXA5	HOXA5
ENSGALG00010001814	ENSGALG00010001814
HMX3	HMX3
ENSGALG00010001816	ENSGALG00010001816
SLC25A6	SLC25A6
ADGRB3	ADGRB3
HOXA6	HOXA6
PGM2L1	PGM2L1
HMX2	HMX2
KCNE3	KCNE3
RALBP1	RALBP1
ENSGALG00010001824	ENSGALG00010001824
LIPT2	LIPT2
HOXA7	HOXA7
PDZRN4	PDZRN4
ENSGALG00010001828	ENSGALG00010001828
POLD3	POLD3
ENSGALG00010001830	ENSGALG00010001830
CSF2RA	CSF2RA
BUB3	BUB3
ENSGALG00010001833	ENSGALG00010001833
ZCRB1	ZCRB1
MECP2	MECP2
TWSG1	TWSG1
TAB3	TAB3
PPHLN1	PPHLN1
ENSGALG00010001839	ENSGALG00010001839
HOXA9	HOXA9
ENSGALG00010001841	ENSGALG00010001841
GPR26	GPR26
PRICKLE1	PRICKLE1
HOXA10	HOXA10
ANKRD12	ANKRD12
ENSGALG00010001846	ENSGALG00010001846
ENSGALG00010001847	ENSGALG00010001847
HOXA11	HOXA11
NDUFV2	NDUFV2
MYOM2	MYOM2
ENSGALG00010001851	ENSGALG00010001851
CPXM2	CPXM2
ENSGALG00010001853	ENSGALG00010001853
CHRDL2	CHRDL2
ENSGALG00010001855	ENSGALG00010001855
CHST15	CHST15
HNRNPA2B1	HNRNPA2B1
ADAMTS20	ADAMTS20
ENSGALG00010001859	ENSGALG00010001859
RNF169	RNF169
CBX3	CBX3
XRRA1	XRRA1
ENSGALG00010001863	ENSGALG00010001863
ENSGALG00010001864	ENSGALG00010001864
CYBB	CYBB
PUS7L	PUS7L
ENSGALG00010001867	ENSGALG00010001867
ENSGALG00010001868	ENSGALG00010001868
CRLF2	CRLF2
PLP2	PLP2
ENSGALG00010001871	ENSGALG00010001871
ENSGALG00010001872	ENSGALG00010001872
ENSGALG00010001873	ENSGALG00010001873
ENSGALG00010001874	ENSGALG00010001874
ENSGALG00010001875	ENSGALG00010001875
ENSGALG00010001876	ENSGALG00010001876
OAT	OAT
XK	XK
IRAK4	IRAK4
MTCL1	MTCL1
ENSGALG00010001881	ENSGALG00010001881
ENSGALG00010001882	ENSGALG00010001882
KBTBD11	KBTBD11
ENSGALG00010001884	ENSGALG00010001884
SMPX	SMPX
NEU3	NEU3
ENSGALG00010001887	ENSGALG00010001887
SNX10	SNX10
ENSGALG00010001889	ENSGALG00010001889
KLHL34	KLHL34
ENSGALG00010001891	ENSGALG00010001891
RAB12	RAB12
ENSGALG00010001893	ENSGALG00010001893
ENSGALG00010001894	ENSGALG00010001894
P4HA3	P4HA3
ARHGEF10	ARHGEF10
TLR7	TLR7
LHPP	LHPP
TWF1	TWF1
ENSGALG00010001900	ENSGALG00010001900
PRPS2	PRPS2
WDR45	WDR45
NARS2	NARS2
ENSGALG00010001904	ENSGALG00010001904
ENSGALG00010001905	ENSGALG00010001905
SKAP2	SKAP2
ENSGALG00010001907	ENSGALG00010001907
FAM83B	FAM83B
ENSGALG00010001909	ENSGALG00010001909
FAM53B	FAM53B
USP35	USP35
TMEM117	TMEM117
ENSGALG00010001913	ENSGALG00010001913
ENSGALG00010001914	ENSGALG00010001914
EEF1AKMT2	EEF1AKMT2
ENSGALG00010001916	ENSGALG00010001916
FEZF1	FEZF1
CNKSR2	CNKSR2
ENSGALG00010001919	ENSGALG00010001919
ENSGALG00010001920	ENSGALG00010001920
ENSGALG00010001921	ENSGALG00010001921
ENSGALG00010001922	ENSGALG00010001922
RAPGEF5	RAPGEF5
ENSGALG00010001924	ENSGALG00010001924
FRMPD4	FRMPD4
ENSGALG00010001926	ENSGALG00010001926
ENSGALG00010001927	ENSGALG00010001927
KCTD21	KCTD21
POLR2I	POLR2I
ENSGALG00010001930	ENSGALG00010001930
ENSGALG00010001931	ENSGALG00010001931
ENSGALG00010001932	ENSGALG00010001932
ENSGALG00010001933	ENSGALG00010001933
ENSGALG00010001934	ENSGALG00010001934
FAM175B	FAM175B
ENSGALG00010001936	ENSGALG00010001936
ENSGALG00010001937	ENSGALG00010001937
ALG8	ALG8
ENSGALG00010001939	ENSGALG00010001939
PTPRM	PTPRM
IL6	IL6
ENSGALG00010001942	ENSGALG00010001942
ENSGALG00010001943	ENSGALG00010001943
ENSGALG00010001944	ENSGALG00010001944
ENSGALG00010001945	ENSGALG00010001945
ENSGALG00010001946	ENSGALG00010001946
TINAG	TINAG
EMX2	EMX2
ENSGALG00010001949	ENSGALG00010001949
ENSGALG00010001950	ENSGALG00010001950
ENSGALG00010001951	ENSGALG00010001951
MSL3	MSL3
ENSGALG00010001953	ENSGALG00010001953
ENSGALG00010001954	ENSGALG00010001954
ENSGALG00010001955	ENSGALG00010001955
ENSGALG00010001956	ENSGALG00010001956
NDUFC2	NDUFC2
RAB11FIP2	RAB11FIP2
ENSGALG00010001959	ENSGALG00010001959
ENSGALG00010001960	ENSGALG00010001960
ENSGALG00010001961	ENSGALG00010001961
ENSGALG00010001962	ENSGALG00010001962
ENSGALG00010001963	ENSGALG00010001963
ENSGALG00010001964	ENSGALG00010001964
ENSGALG00010001965	ENSGALG00010001965
ARHGAP6	ARHGAP6
LAMA1	LAMA1
ENSGALG00010001968	ENSGALG00010001968
PLEKHA8	PLEKHA8
ENSGALG00010001970	ENSGALG00010001970
MLIP	MLIP
FAM204A	FAM204A
ENSGALG00010001973	ENSGALG00010001973
ENSGALG00010001974	ENSGALG00010001974
ENSGALG00010001975	ENSGALG00010001975
THRSP	THRSP
ENSGALG00010001977	ENSGALG00010001977
ENSGALG00010001978	ENSGALG00010001978
ENSGALG00010001979	ENSGALG00010001979
ENSGALG00010001980	ENSGALG00010001980
ENSGALG00010001981	ENSGALG00010001981
DMD	DMD
ENSGALG00010001983	ENSGALG00010001983
ENSGALG00010001984	ENSGALG00010001984
ENSGALG00010001985	ENSGALG00010001985
ENSGALG00010001986	ENSGALG00010001986
KCTD14	KCTD14
ENSGALG00010001988	ENSGALG00010001988
ENSGALG00010001989	ENSGALG00010001989
ENSGALG00010001990	ENSGALG00010001990
TOMM7	TOMM7
ENSGALG00010001992	ENSGALG00010001992
ENSGALG00010001993	ENSGALG00010001993
ENSGALG00010001994	ENSGALG00010001994
LRRC1	LRRC1
ENSGALG00010001996	ENSGALG00010001996
INTS4	INTS4
ENSGALG00010001998	ENSGALG00010001998
ENSGALG00010001999	ENSGALG00010001999
ENSGALG00010002000	ENSGALG00010002000
ENSGALG00010002001	ENSGALG00010002001
ENSGALG00010002002	ENSGALG00010002002
ENSGALG00010002003	ENSGALG00010002003
ENSGALG00010002004	ENSGALG00010002004
COLQ	COLQ
ENSGALG00010002006	ENSGALG00010002006
ENSGALG00010002007	ENSGALG00010002007
ENSGALG00010002008	ENSGALG00010002008
ENSGALG00010002009	ENSGALG00010002009
ENSGALG00010002010	ENSGALG00010002010
ENSGALG00010002011	ENSGALG00010002011
MID1	MID1
ENSGALG00010002013	ENSGALG00010002013
ENSGALG00010002014	ENSGALG00010002014
ENSGALG00010002015	ENSGALG00010002015
ENSGALG00010002016	ENSGALG00010002016
ARHGAP28	ARHGAP28
ENSGALG00010002018	ENSGALG00010002018
ENSGALG00010002019	ENSGALG00010002019
ENSGALG00010002020	ENSGALG00010002020
ENSGALG00010002021	ENSGALG00010002021
ERNI	ERNI
CLCN4	CLCN4
KLHL31	KLHL31
ENSGALG00010002025	ENSGALG00010002025
ENSGALG00010002026	ENSGALG00010002026
LRRC30	LRRC30
ENSGALG00010002028	ENSGALG00010002028
ENSGALG00010002029	ENSGALG00010002029
ENSGALG00010002030	ENSGALG00010002030
ENSGALG00010002031	ENSGALG00010002031
ENSGALG00010002032	ENSGALG00010002032
ENSGALG00010002033	ENSGALG00010002033
WWC3	WWC3
ENSGALG00010002035	ENSGALG00010002035
ENSGALG00010002036	ENSGALG00010002036
ENSGALG00010002037	ENSGALG00010002037
ENSGALG00010002038	ENSGALG00010002038
AAMDC	AAMDC
ENSGALG00010002040	ENSGALG00010002040
GCLC	GCLC
ENSGALG00010002042	ENSGALG00010002042
ENSGALG00010002043	ENSGALG00010002043
ENSGALG00010002044	ENSGALG00010002044
ENSGALG00010002045	ENSGALG00010002045
FAM126A	FAM126A
ENSGALG00010002047	ENSGALG00010002047
ENSGALG00010002048	ENSGALG00010002048
ENSGALG00010002049	ENSGALG00010002049
ENSGALG00010002050	ENSGALG00010002050
ENSGALG00010002051	ENSGALG00010002051
ENSGALG00010002052	ENSGALG00010002052
ENSGALG00010002053	ENSGALG00010002053
RSF1	RSF1
ENSGALG00010002055	ENSGALG00010002055
PRLHR	PRLHR
ENSGALG00010002057	ENSGALG00010002057
ENSGALG00010002058	ENSGALG00010002058
ENSGALG00010002059	ENSGALG00010002059
ENSGALG00010002060	ENSGALG00010002060
ENSGALG00010002061	ENSGALG00010002061
GSTA4	GSTA4
ENSGALG00010002063	ENSGALG00010002063
ENSGALG00010002064	ENSGALG00010002064
CLNS1A	CLNS1A
ENSGALG00010002066	ENSGALG00010002066
ENSGALG00010002067	ENSGALG00010002067
ENSGALG00010002068	ENSGALG00010002068
ENSGALG00010002069	ENSGALG00010002069
ENSGALG00010002070	ENSGALG00010002070
ENSGALG00010002071	ENSGALG00010002071
NEURL4	NEURL4
ENSGALG00010002073	ENSGALG00010002073
ENSGALG00010002074	ENSGALG00010002074
ENSGALG00010002075	ENSGALG00010002075
ENSGALG00010002076	ENSGALG00010002076
ENSGALG00010002077	ENSGALG00010002077
ENSGALG00010002078	ENSGALG00010002078
ARX	ARX
ENSGALG00010002080	ENSGALG00010002080
ENSGALG00010002081	ENSGALG00010002081
ENSGALG00010002082	ENSGALG00010002082
ENSGALG00010002083	ENSGALG00010002083
HACL1	HACL1
ENSGALG00010002085	ENSGALG00010002085
ENSGALG00010002086	ENSGALG00010002086
POLA1	POLA1
OZFL	OZFL
ENSGALG00010002089	ENSGALG00010002089
AQP11	AQP11
ENSGALG00010002091	ENSGALG00010002091
ENSGALG00010002092	ENSGALG00010002092
ENSGALG00010002093	ENSGALG00010002093
ENSGALG00010002094	ENSGALG00010002094
ENSGALG00010002095	ENSGALG00010002095
ENSGALG00010002096	ENSGALG00010002096
PCYT1B	PCYT1B
ENSGALG00010002098	ENSGALG00010002098
ENSGALG00010002099	ENSGALG00010002099
BTD	BTD
ENSGALG00010002101	ENSGALG00010002101
PAK1	PAK1
ENSGALG00010002103	ENSGALG00010002103
ENSGALG00010002104	ENSGALG00010002104
ENSGALG00010002105	ENSGALG00010002105
ENSGALG00010002106	ENSGALG00010002106
ENSGALG00010002107	ENSGALG00010002107
ENSGALG00010002108	ENSGALG00010002108
ENSGALG00010002109	ENSGALG00010002109
ENSGALG00010002110	ENSGALG00010002110
ENSGALG00010002111	ENSGALG00010002111
ENSGALG00010002112	ENSGALG00010002112
GDPD4	GDPD4
ENSGALG00010002114	ENSGALG00010002114
ENSGALG00010002115	ENSGALG00010002115
ENSGALG00010002116	ENSGALG00010002116
ENSGALG00010002117	ENSGALG00010002117
ENSGALG00010002118	ENSGALG00010002118
ENSGALG00010002119	ENSGALG00010002119
ENSGALG00010002120	ENSGALG00010002120
ENSGALG00010002121	ENSGALG00010002121
ENSGALG00010002122	ENSGALG00010002122
ENSGALG00010002123	ENSGALG00010002123
ENSGALG00010002124	ENSGALG00010002124
ENSGALG00010002125	ENSGALG00010002125
ENSGALG00010002126	ENSGALG00010002126
ENSGALG00010002127	ENSGALG00010002127
ENSGALG00010002128	ENSGALG00010002128
ENSGALG00010002129	ENSGALG00010002129
OR14J1L58	OR14J1L58
ENSGALG00010002131	ENSGALG00010002131
ENSGALG00010002132	ENSGALG00010002132
ENSGALG00010002133	ENSGALG00010002133
ANKRD28	ANKRD28
ELOVL5	ELOVL5
ACAP1	ACAP1
PDK3	PDK3
MYO7A	MYO7A
ENSGALG00010002139	ENSGALG00010002139
ENSGALG00010002140	ENSGALG00010002140
ENSGALG00010002141	ENSGALG00010002141
CLDN34	CLDN34
SLC16A13	SLC16A13
ENSGALG00010002144	ENSGALG00010002144
ENSGALG00010002145	ENSGALG00010002145
CACUL1	CACUL1
ENSGALG00010002147	ENSGALG00010002147
POLR2A	POLR2A
SLC51AL	SLC51AL
EIF3A	EIF3A
ENSGALG00010002151	ENSGALG00010002151
ENSGALG00010002152	ENSGALG00010002152
ENSGALG00010002153	ENSGALG00010002153
ENSGALG00010002154	ENSGALG00010002154
ENSGALG00010002155	ENSGALG00010002155
ENSGALG00010002156	ENSGALG00010002156
ENSGALG00010002157	ENSGALG00010002157
ENSGALG00010002158	ENSGALG00010002158
GALNT15	GALNT15
CAPN5	CAPN5
CDKL5	CDKL5
ENSGALG00010002162	ENSGALG00010002162
ENSGALG00010002163	ENSGALG00010002163
ENSGALG00010002164	ENSGALG00010002164
ENSGALG00010002165	ENSGALG00010002165
ENSGALG00010002166	ENSGALG00010002166
ENSGALG00010002167	ENSGALG00010002167
ENSGALG00010002168	ENSGALG00010002168
ENSGALG00010002169	ENSGALG00010002169
ENSGALG00010002170	ENSGALG00010002170
ENSGALG00010002171	ENSGALG00010002171
ENSGALG00010002172	ENSGALG00010002172
GCM1	GCM1
ENSGALG00010002174	ENSGALG00010002174
ENSGALG00010002175	ENSGALG00010002175
ENSGALG00010002176	ENSGALG00010002176
FBXO9	FBXO9
ENSGALG00010002178	ENSGALG00010002178
ENSGALG00010002179	ENSGALG00010002179
ENSGALG00010002180	ENSGALG00010002180
FIS1	FIS1
ENSGALG00010002182	ENSGALG00010002182
ENSGALG00010002183	ENSGALG00010002183
ENSGALG00010002184	ENSGALG00010002184
ENSGALG00010002185	ENSGALG00010002185
CILK1	CILK1
ENSGALG00010002187	ENSGALG00010002187
ENSGALG00010002188	ENSGALG00010002188
ENSGALG00010002189	ENSGALG00010002189
ENSGALG00010002190	ENSGALG00010002190
ENSGALG00010002191	ENSGALG00010002191
ENSGALG00010002192	ENSGALG00010002192
ENSGALG00010002193	ENSGALG00010002193
SHROOM2	SHROOM2
ENSGALG00010002195	ENSGALG00010002195
FAM45A	FAM45A
GSTA2	GSTA2
ENSGALG00010002198	ENSGALG00010002198
ENSGALG00010002199	ENSGALG00010002199
ENSGALG00010002200	ENSGALG00010002200
ENSGALG00010002201	ENSGALG00010002201
SFXN4	SFXN4
ENSGALG00010002203	ENSGALG00010002203
ENSGALG00010002204	ENSGALG00010002204
ENSGALG00010002205	ENSGALG00010002205
DPH3P1	DPH3P1
ENSGALG00010002207	ENSGALG00010002207
ENSGALG00010002208	ENSGALG00010002208
ENSGALG00010002209	ENSGALG00010002209
GPR143	GPR143
ACER3	ACER3
ENSGALG00010002212	ENSGALG00010002212
ENSGALG00010002213	ENSGALG00010002213
ENSGALG00010002214	ENSGALG00010002214
YLEC18	YLEC18
ENSGALG00010002216	ENSGALG00010002216
ENSGALG00010002217	ENSGALG00010002217
ENSGALG00010002218	ENSGALG00010002218
ENSGALG00010002219	ENSGALG00010002219
ENSGALG00010002220	ENSGALG00010002220
ENSGALG00010002221	ENSGALG00010002221
ENSGALG00010002222	ENSGALG00010002222
ENSGALG00010002223	ENSGALG00010002223
ENSGALG00010002224	ENSGALG00010002224
PRDX3	PRDX3
OXNAD1	OXNAD1
ENSGALG00010002227	ENSGALG00010002227
ENSGALG00010002228	ENSGALG00010002228
ENSGALG00010002229	ENSGALG00010002229
ENSGALG00010002230	ENSGALG00010002230
TMEM14A	TMEM14A
ENSGALG00010002232	ENSGALG00010002232
ENSGALG00010002233	ENSGALG00010002233
ENSGALG00010002234	ENSGALG00010002234
MXRA5	MXRA5
ENSGALG00010002236	ENSGALG00010002236
ENSGALG00010002237	ENSGALG00010002237
ENSGALG00010002238	ENSGALG00010002238
AGPAT5	AGPAT5
ENSGALG00010002240	ENSGALG00010002240
ENSGALG00010002241	ENSGALG00010002241
ENSGALG00010002242	ENSGALG00010002242
ARSH	ARSH
ENSGALG00010002244	ENSGALG00010002244
ENSGALG00010002245	ENSGALG00010002245
ENSGALG00010002246	ENSGALG00010002246
RFTN1	RFTN1
ENSGALG00010002248	ENSGALG00010002248
ENSGALG00010002249	ENSGALG00010002249
ENSGALG00010002250	ENSGALG00010002250
GRK5	GRK5
ENSGALG00010002252	ENSGALG00010002252
GK2	GK2
ARSD	ARSD
ENSGALG00010002255	ENSGALG00010002255
ENSGALG00010002256	ENSGALG00010002256
ENSGALG00010002257	ENSGALG00010002257
ENSGALG00010002258	ENSGALG00010002258
CXorf21	CXorf21
ENSGALG00010002260	ENSGALG00010002260
NR0B1	NR0B1
gga-mir-7447	gga-mir-7447
ENSGALG00010002263	ENSGALG00010002263
gga-mir-1645	gga-mir-1645
gga-mir-12208	gga-mir-12208
gga-mir-1695	gga-mir-1695
ENSGALG00010002267	ENSGALG00010002267
ENSGALG00010002268	ENSGALG00010002268
MCPH1	MCPH1
IMMP2L - ENSGALG00010002270	IMMP2L - ENSGALG00010002270
ENSGALG00010002271	ENSGALG00010002271
ENSGALG00010002272	ENSGALG00010002272
ENSGALG00010002273	ENSGALG00010002273
ENSGALG00010002274	ENSGALG00010002274
IL1RAPL1	IL1RAPL1
ENSGALG00010002276	ENSGALG00010002276
RGS10	RGS10
ENSGALG00010002278	ENSGALG00010002278
ENSGALG00010002279	ENSGALG00010002279
ST7	ST7
TGFBR2	TGFBR2
TSKU	TSKU
ENSGALG00010002283	ENSGALG00010002283
ENSGALG00010002284	ENSGALG00010002284
CAV1	CAV1
ENSGALG00010002286	ENSGALG00010002286
ENSGALG00010002287	ENSGALG00010002287
ANGPT2	ANGPT2
ENSGALG00010002289	ENSGALG00010002289
ENSGALG00010002290	ENSGALG00010002290
RNASEH1	RNASEH1
ENSGALG00010002292	ENSGALG00010002292
GYG2	GYG2
DAZL	DAZL
YAF2	YAF2
ENSGALG00010002296	ENSGALG00010002296
ENSGALG00010002297	ENSGALG00010002297
ENSGALG00010002298	ENSGALG00010002298
ENSGALG00010002299	ENSGALG00010002299
TPO	TPO
ENSGALG00010002301	ENSGALG00010002301
ENSGALG00010002302	ENSGALG00010002302
ENSGALG00010002303	ENSGALG00010002303
U1 - ENSGALG00010002304	U1 - ENSGALG00010002304
ENSGALG00010002305	ENSGALG00010002305
gga-mir-1803	gga-mir-1803
gga-mir-6701	gga-mir-6701
GXYLT1	GXYLT1
GADL1	GADL1
PRRG1	PRRG1
ENSGALG00010002311	ENSGALG00010002311
ENSGALG00010002312	ENSGALG00010002312
gga-mir-1681	gga-mir-1681
ENSGALG00010002314	ENSGALG00010002314
ENSGALG00010002315	ENSGALG00010002315
gga-mir-3524b	gga-mir-3524b
gga-mir-6584	gga-mir-6584
ENSGALG00010002318	ENSGALG00010002318
ENSGALG00010002319	ENSGALG00010002319
ENSGALG00010002320	ENSGALG00010002320
ENSGALG00010002321	ENSGALG00010002321
ENSGALG00010002322	ENSGALG00010002322
ENSGALG00010002323	ENSGALG00010002323
SNTG2	SNTG2
ENSGALG00010002325	ENSGALG00010002325
ENSGALG00010002326	ENSGALG00010002326
ENSGALG00010002327	ENSGALG00010002327
ENSGALG00010002328	ENSGALG00010002328
STT3B	STT3B
KHDRBS2	KHDRBS2
ENSGALG00010002331	ENSGALG00010002331
ENSGALG00010002332	ENSGALG00010002332
ENSGALG00010002333	ENSGALG00010002333
OSBPL10	OSBPL10
TMEM47	TMEM47
PRIM2	PRIM2
MHCY2B1	MHCY2B1
CD99	CD99
ZNFY4	ZNFY4
RAB23	RAB23
FAM49A	FAM49A
BAG2	BAG2
GPD1L	GPD1L
ENSGALG00010002344	ENSGALG00010002344
SCML2	SCML2
FBXO15	FBXO15
ZNF451	ZNF451
THAP12	THAP12
DHRSX - ENSGALG00010002349	DHRSX - ENSGALG00010002349
BEND6	BEND6
ENSGALG00010002351	ENSGALG00010002351
MYL12B	MYL12B
CMTM8	CMTM8
ENSGALG00010002354	ENSGALG00010002354
UFM1	UFM1
WNT11	WNT11
RAB31	RAB31
FREM2	FREM2
CMTM6	CMTM6
DHRSX - ENSGALG00010002360	DHRSX - ENSGALG00010002360
TIAL1	TIAL1
TRPC4	TRPC4
ENSGALG00010002363	ENSGALG00010002363
VSNL1	VSNL1
RAI2	RAI2
ENSGALG00010002366	ENSGALG00010002366
STK31	STK31
UVRAG	UVRAG
GEMIN8	GEMIN8
ENSGALG00010002370	ENSGALG00010002370
BAG3	BAG3
SMC6	SMC6
POSTN	POSTN
DST	DST
NPY	NPY
GEN1	GEN1
ART7B	ART7B
ENSGALG00010002378	ENSGALG00010002378
NHS	NHS
CMPK2	CMPK2
TDRD3	TDRD3
ART1L2	ART1L2
INPP5F	INPP5F
ENSGALG00010002384	ENSGALG00010002384
PALS2	PALS2
MHCY2B2	MHCY2B2
MCMBP	MCMBP
ENSGALG00010002388	ENSGALG00010002388
COL21A1	COL21A1
MYT1L	MYT1L
REPS2	REPS2
DFNA5	DFNA5
GPM6B	GPM6B
ENSGALG00010002394	ENSGALG00010002394
CLN8	CLN8
SEC23IP	SEC23IP
ENSGALG00010002397	ENSGALG00010002397
ENSGALG00010002398	ENSGALG00010002398
CSMD1	CSMD1
RBBP7	RBBP7
ZRANB1	ZRANB1
TXLNG	TXLNG
ZNFY3	ZNFY3
OSBPL3	OSBPL3
KCNQ5	KCNQ5
DIAPH3	DIAPH3
ENSGALG00010002407	ENSGALG00010002407
OFD1	OFD1
CYCS	CYCS
RNF175	RNF175
ENSGALG00010002411	ENSGALG00010002411
ENSGALG00010002412	ENSGALG00010002412
TSSC1	TSSC1
ENSGALG00010002414	ENSGALG00010002414
PCDH17	PCDH17
SH3BGRL2	SH3BGRL2
YLEC17	YLEC17
TRAPPC2	TRAPPC2
CTBP2	CTBP2
TMEM272	TMEM272
ENSGALG00010002421	ENSGALG00010002421
TRAPPC12	TRAPPC12
ENSGALG00010002423	ENSGALG00010002423
CASK	CASK
FDX2	FDX2
TEX36	TEX36
CYB5R4	CYB5R4
IBSP	IBSP
ENSGALG00010002429	ENSGALG00010002429
NUMA1	NUMA1
BCKDHB	BCKDHB
RAVER1	RAVER1
GRHL1	GRHL1
GPR34	GPR34
ATP7B	ATP7B
ENSGALG00010002436	ENSGALG00010002436
TTK	TTK
RARB	RARB
GPR82	GPR82
LRRC51	LRRC51
USO1	USO1
ENSGALG00010002442	ENSGALG00010002442
TYK2	TYK2
KLF11	KLF11
EDRF1	EDRF1
RIMS1	RIMS1
YLEC12	YLEC12
RAB9A	RAB9A
ALG11	ALG11
ENSGALG00010002450	ENSGALG00010002450
ENSGALG00010002451	ENSGALG00010002451
ENSGALG00010002452	ENSGALG00010002452
TOP2B	TOP2B
NEK5	NEK5
NYX	NYX
ELOVL4	ELOVL4
ENSGALG00010002457	ENSGALG00010002457
ENSGALG00010002458	ENSGALG00010002458
G3BP2	G3BP2
LAMTOR1	LAMTOR1
TOMT	TOMT
RRM2	RRM2
ASRGL1	ASRGL1
NGLY1	NGLY1
ENSGALG00010002465	ENSGALG00010002465
UROS	UROS
NEK3	NEK3
ENSGALG00010002468	ENSGALG00010002468
MEPE	MEPE
OXSM	OXSM
OGFRL1	OGFRL1
CDC37	CDC37
ENSGALG00010002473	ENSGALG00010002473
HPCAL1	HPCAL1
ENSGALG00010002475	ENSGALG00010002475
DDX3X	DDX3X
MBOAT4	MBOAT4
PPME1	PPME1
ENSGALG00010002479	ENSGALG00010002479
ENSGALG00010002480	ENSGALG00010002480
CKAP2	CKAP2
ENSGALG00010002482	ENSGALG00010002482
COQ2	COQ2
ENSGALG00010002484	ENSGALG00010002484
ENSGALG00010002485	ENSGALG00010002485
ENSGALG00010002486	ENSGALG00010002486
BCCIP	BCCIP
ENSGALG00010002488	ENSGALG00010002488
ENSGALG00010002489	ENSGALG00010002489
ENSGALG00010002490	ENSGALG00010002490
ENSGALG00010002491	ENSGALG00010002491
RPL8	RPL8
ENSGALG00010002493	ENSGALG00010002493
ENSGALG00010002494	ENSGALG00010002494
ENSGALG00010002495	ENSGALG00010002495
ENSGALG00010002496	ENSGALG00010002496
DHX32	DHX32
ENSGALG00010002498	ENSGALG00010002498
ENSGALG00010002499	ENSGALG00010002499
OSR1	OSR1
TCEANC	TCEANC
ENSGALG00010002502	ENSGALG00010002502
ENSGALG00010002503	ENSGALG00010002503
USP9Y	USP9Y
ENSGALG00010002505	ENSGALG00010002505
ENSGALG00010002506	ENSGALG00010002506
C2CD3	C2CD3
ENSGALG00010002508	ENSGALG00010002508
ENSGALG00010002509	ENSGALG00010002509
ENSGALG00010002510	ENSGALG00010002510
VPS36	VPS36
DAXX	DAXX
ENSGALG00010002513	ENSGALG00010002513
ENSGALG00010002514	ENSGALG00010002514
ENSGALG00010002515	ENSGALG00010002515
ENSGALG00010002516	ENSGALG00010002516
ENSGALG00010002517	ENSGALG00010002517
MAST1	MAST1
ENSGALG00010002519	ENSGALG00010002519
TTC32	TTC32
ENSGALG00010002521	ENSGALG00010002521
HPSE	HPSE
DNAJB13	DNAJB13
ENSGALG00010002524	ENSGALG00010002524
ENSGALG00010002525	ENSGALG00010002525
ZBTB22	ZBTB22
LRRC3B	LRRC3B
MED14	MED14
ENSGALG00010002529	ENSGALG00010002529
STAG3	STAG3
ENSGALG00010002531	ENSGALG00010002531
ENSGALG00010002532	ENSGALG00010002532
LPAR2	LPAR2
ENSGALG00010002534	ENSGALG00010002534
ENSGALG00010002535	ENSGALG00010002535
RGL2	RGL2
ENSGALG00010002537	ENSGALG00010002537
ENSGALG00010002538	ENSGALG00010002538
SNAP91	SNAP91
ENSGALG00010002540	ENSGALG00010002540
ENSGALG00010002541	ENSGALG00010002541
ENSGALG00010002542	ENSGALG00010002542
UCP3	UCP3
THSD1	THSD1
ENSGALG00010002545	ENSGALG00010002545
ATP6AP2	ATP6AP2
PBX4	PBX4
ENSGALG00010002548	ENSGALG00010002548
ENSGALG00010002549	ENSGALG00010002549
ENSGALG00010002550	ENSGALG00010002550
WDR35	WDR35
ENSGALG00010002552	ENSGALG00010002552
ENSGALG00010002553	ENSGALG00010002553
EGFL6	EGFL6
ENSGALG00010002555	ENSGALG00010002555
ENSGALG00010002556	ENSGALG00010002556
ENSGALG00010002557	ENSGALG00010002557
ENSGALG00010002558	ENSGALG00010002558
NEK10	NEK10
ENSGALG00010002560	ENSGALG00010002560
PAAF1	PAAF1
ENSGALG00010002562	ENSGALG00010002562
ENSGALG00010002563	ENSGALG00010002563
ENSGALG00010002564	ENSGALG00010002564
MRPS18C	MRPS18C
TMSB4X	TMSB4X
COA4	COA4
ENSGALG00010002568	ENSGALG00010002568
GTPBP6	GTPBP6
ADAM12	ADAM12
BCOR	BCOR
ENSGALG00010002572	ENSGALG00010002572
MVB12A	MVB12A
ENSGALG00010002574	ENSGALG00010002574
V-BG	V-BG
HELQ	HELQ
MRPL48	MRPL48
ENSGALG00010002578	ENSGALG00010002578
MATN3	MATN3
ENSGALG00010002580	ENSGALG00010002580
ATP13A1	ATP13A1
ENSGALG00010002582	ENSGALG00010002582
ENSGALG00010002583	ENSGALG00010002583
ENSGALG00010002584	ENSGALG00010002584
ENSGALG00010002585	ENSGALG00010002585
GPR63	GPR63
DOCK1	DOCK1
FAM175A	FAM175A
SLC4A7	SLC4A7
ATP6V1C2	ATP6V1C2
ENSGALG00010002591	ENSGALG00010002591
RPS6KA3	RPS6KA3
ENSGALG00010002593	ENSGALG00010002593
ENSGALG00010002594	ENSGALG00010002594
ENSGALG00010002595	ENSGALG00010002595
ENSGALG00010002596	ENSGALG00010002596
ENSGALG00010002597	ENSGALG00010002597
NMT2	NMT2
KIFC1	KIFC1
TRPA1	TRPA1
PLCXD1	PLCXD1
ENSGALG00010002602	ENSGALG00010002602
INSYN2A	INSYN2A
BLEC3	BLEC3
EOMES	EOMES
ENSGALG00010002606	ENSGALG00010002606
ENSGALG00010002607	ENSGALG00010002607
RPP38	RPP38
PDIA6	PDIA6
ENSGALG00010002610	ENSGALG00010002610
NPS	NPS
JPH1	JPH1
CMC1	CMC1
GPAT3	GPAT3
ENSGALG00010002615	ENSGALG00010002615
ZNF692	ZNF692
CLRN3	CLRN3
ENSGALG00010002618	ENSGALG00010002618
RAB6A	RAB6A
ENSGALG00010002620	ENSGALG00010002620
SLC25A15	SLC25A15
AZI2	AZI2
MID1IP1	MID1IP1
ENSGALG00010002624	ENSGALG00010002624
FHL5	FHL5
CHD7	CHD7
MRPS31	MRPS31
TRIM7.2	TRIM7.2
ENSGALG00010002629	ENSGALG00010002629
ENSGALG00010002630	ENSGALG00010002630
ENSGALG00010002631	ENSGALG00010002631
HPGD	HPGD
ENSGALG00010002633	ENSGALG00010002633
RGN	RGN
ENSGALG00010002635	ENSGALG00010002635
ENSGALG00010002636	ENSGALG00010002636
ENSGALG00010002637	ENSGALG00010002637
FABP9	FABP9
ENSGALG00010002639	ENSGALG00010002639
ENSGALG00010002640	ENSGALG00010002640
ENSGALG00010002641	ENSGALG00010002641
ENSGALG00010002642	ENSGALG00010002642
ENSGALG00010002643	ENSGALG00010002643
KCNF1	KCNF1
ENSGALG00010002645	ENSGALG00010002645
FOXO1	FOXO1
FAM168A	FAM168A
ENSGALG00010002648	ENSGALG00010002648
UFL1	UFL1
ENSGALG00010002650	ENSGALG00010002650
ENSGALG00010002651	ENSGALG00010002651
ENSGALG00010002652	ENSGALG00010002652
EIF1AX	EIF1AX
ENSGALG00010002654	ENSGALG00010002654
FABP4	FABP4
GLRA3	GLRA3
C2orf50	C2orf50
FBXL12	FBXL12
ENSGALG00010002659	ENSGALG00010002659
ENSGALG00010002660	ENSGALG00010002660
ACBD7	ACBD7
ENSGALG00010002662	ENSGALG00010002662
ENSGALG00010002663	ENSGALG00010002663
BZFP1	BZFP1
ENSGALG00010002665	ENSGALG00010002665
ENSGALG00010002666	ENSGALG00010002666
ENSGALG00010002667	ENSGALG00010002667
ENSGALG00010002668	ENSGALG00010002668
IL4I1	IL4I1
ENSGALG00010002670	ENSGALG00010002670
ENSGALG00010002671	ENSGALG00010002671
ENSGALG00010002672	ENSGALG00010002672
SLC66A3	SLC66A3
ENSGALG00010002674	ENSGALG00010002674
ENSGALG00010002675	ENSGALG00010002675
ENSGALG00010002676	ENSGALG00010002676
ENSGALG00010002677	ENSGALG00010002677
CCNI	CCNI
OLAH	OLAH
ENSGALG00010002680	ENSGALG00010002680
PLEKHB1	PLEKHB1
UBL5	UBL5
ENSGALG00010002683	ENSGALG00010002683
ENSGALG00010002684	ENSGALG00010002684
CA8	CA8
ENSGALG00010002686	ENSGALG00010002686
ENSGALG00010002687	ENSGALG00010002687
ENSGALG00010002688	ENSGALG00010002688
COG6	COG6
ENSGALG00010002690	ENSGALG00010002690
ENSGALG00010002691	ENSGALG00010002691
ENSGALG00010002692	ENSGALG00010002692
MSC	MSC
ENSGALG00010002694	ENSGALG00010002694
ENSGALG00010002695	ENSGALG00010002695
ENSGALG00010002696	ENSGALG00010002696
ENSGALG00010002697	ENSGALG00010002697
ENSGALG00010002698	ENSGALG00010002698
ENSGALG00010002699	ENSGALG00010002699
LHFPL1	LHFPL1
TMEM196	TMEM196
ENSGALG00010002702	ENSGALG00010002702
PIN1	PIN1
KCNB2	KCNB2
JADE3	JADE3
ROCK2	ROCK2
RELT	RELT
ENSGALG00010002708	ENSGALG00010002708
ENSGALG00010002709	ENSGALG00010002709
ENSGALG00010002710	ENSGALG00010002710
ENSGALG00010002711	ENSGALG00010002711
PTPRE	PTPRE
OLFM2	OLFM2
ENSGALG00010002714	ENSGALG00010002714
ENSGALG00010002715	ENSGALG00010002715
NHLRC3	NHLRC3
ENSGALG00010002717	ENSGALG00010002717
ENSGALG00010002718	ENSGALG00010002718
ENSGALG00010002719	ENSGALG00010002719
ENSGALG00010002720	ENSGALG00010002720
ENSGALG00010002721	ENSGALG00010002721
TRIM7.1	TRIM7.1
ENSGALG00010002723	ENSGALG00010002723
ENSGALG00010002724	ENSGALG00010002724
TSPAN7	TSPAN7
ENSGALG00010002726	ENSGALG00010002726
ENSGALG00010002727	ENSGALG00010002727
RP2	RP2
ENSGALG00010002729	ENSGALG00010002729
E2F6	E2F6
ENSGALG00010002731	ENSGALG00010002731
ENSGALG00010002732	ENSGALG00010002732
RDH8	RDH8
ENSGALG00010002734	ENSGALG00010002734
ENSGALG00010002735	ENSGALG00010002735
ENSGALG00010002736	ENSGALG00010002736
ENSGALG00010002737	ENSGALG00010002737
ENSGALG00010002738	ENSGALG00010002738
SLURP1	SLURP1
ENSGALG00010002740	ENSGALG00010002740
PDK4	PDK4
PROSER1	PROSER1
ENSGALG00010002743	ENSGALG00010002743
ENSGALG00010002744	ENSGALG00010002744
ENSGALG00010002745	ENSGALG00010002745
gga-mir-7465	gga-mir-7465
FUT9	FUT9
gga-mir-6634	gga-mir-6634
ENSGALG00010002749	ENSGALG00010002749
ENSGALG00010002750	ENSGALG00010002750
gga-mir-30c-2	gga-mir-30c-2
NDUFA4	NDUFA4
SLC9A7	SLC9A7
gga-mir-12263	gga-mir-12263
gga-mir-6605	gga-mir-6605
STOML3	STOML3
gga-mir-12264	gga-mir-12264
GREB1	GREB1
MIR30A	MIR30A
RAB2A	RAB2A
ENSGALG00010002761	ENSGALG00010002761
PPAN	PPAN
SEPTIN11	SEPTIN11
ENSGALG00010002764	ENSGALG00010002764
MAP7D2	MAP7D2
NANOS1	NANOS1
ENSGALG00010002767	ENSGALG00010002767
TRIM39.2	TRIM39.2
ENSGALG00010002769	ENSGALG00010002769
OTC	OTC
ENSGALG00010002771	ENSGALG00010002771
ENSGALG00010002772	ENSGALG00010002772
ENSGALG00010002773	ENSGALG00010002773
TBX18	TBX18
ENSGALG00010002775	ENSGALG00010002775
ENSGALG00010002776	ENSGALG00010002776
ENSGALG00010002777	ENSGALG00010002777
ENSGALG00010002778	ENSGALG00010002778
FBXO8	FBXO8
ENSGALG00010002780	ENSGALG00010002780
EIF3G	EIF3G
GSTA3	GSTA3
ENSGALG00010002783	ENSGALG00010002783
TRIM27.2	TRIM27.2
ENSGALG00010002785	ENSGALG00010002785
ENSGALG00010002786	ENSGALG00010002786
CEP44	CEP44
ENSGALG00010002788	ENSGALG00010002788
ENSGALG00010002789	ENSGALG00010002789
CXorf23	CXorf23
ENSGALG00010002791	ENSGALG00010002791
ENSGALG00010002792	ENSGALG00010002792
ENSGALG00010002793	ENSGALG00010002793
ENSGALG00010002794	ENSGALG00010002794
ENSGALG00010002795	ENSGALG00010002795
PRDM8	PRDM8
ENSGALG00010002797	ENSGALG00010002797
TRIM39.1	TRIM39.1
ENSGALG00010002799	ENSGALG00010002799
TUBGCP5	TUBGCP5
FGF5	FGF5
ENSGALG00010002802	ENSGALG00010002802
ENSGALG00010002803	ENSGALG00010002803
ENSGALG00010002804	ENSGALG00010002804
FAM171A1	FAM171A1
ENSGALG00010002806	ENSGALG00010002806
P2RY6	P2RY6
ENSGALG00010002808	ENSGALG00010002808
SH3KBP1	SH3KBP1
TRIM27.1	TRIM27.1
ENSGALG00010002811	ENSGALG00010002811
TRIM13	TRIM13
ENSGALG00010002813	ENSGALG00010002813
TERF1	TERF1
ENSGALG00010002815	ENSGALG00010002815
ENSGALG00010002816	ENSGALG00010002816
SHFM1	SHFM1
ENSGALG00010002818	ENSGALG00010002818
BMP3	BMP3
DLEU7	DLEU7
ENSGALG00010002821	ENSGALG00010002821
ENSGALG00010002822	ENSGALG00010002822
ENSGALG00010002823	ENSGALG00010002823
NXPH1	NXPH1
TRIM41	TRIM41
ENSGALG00010002826	ENSGALG00010002826
SBSPON	SBSPON
ENSGALG00010002828	ENSGALG00010002828
ENSGALG00010002829	ENSGALG00010002829
ENSGALG00010002830	ENSGALG00010002830
ENSGALG00010002831	ENSGALG00010002831
LPIN1	LPIN1
ENSGALG00010002833	ENSGALG00010002833
MRPL53	MRPL53
CYFIP1	CYFIP1
ENSGALG00010002836	ENSGALG00010002836
DNMT1	DNMT1
ENSGALG00010002838	ENSGALG00010002838
ENSGALG00010002839	ENSGALG00010002839
SRPX	SRPX
ENSGALG00010002841	ENSGALG00010002841
ENSGALG00010002842	ENSGALG00010002842
ENSGALG00010002843	ENSGALG00010002843
ENSGALG00010002844	ENSGALG00010002844
ENSGALG00010002845	ENSGALG00010002845
ENSGALG00010002846	ENSGALG00010002846
ENSGALG00010002847	ENSGALG00010002847
TRIB2	TRIB2
ENSGALG00010002849	ENSGALG00010002849
ENSGALG00010002850	ENSGALG00010002850
ENSGALG00010002851	ENSGALG00010002851
ENSGALG00010002852	ENSGALG00010002852
CEP162	CEP162
ENSGALG00010002854	ENSGALG00010002854
RACK1	RACK1
ENSGALG00010002856	ENSGALG00010002856
DCAF15	DCAF15
ENSGALG00010002858	ENSGALG00010002858
ENSGALG00010002859	ENSGALG00010002859
NIPA2	NIPA2
ENSGALG00010002861	ENSGALG00010002861
ENSGALG00010002862	ENSGALG00010002862
ENSGALG00010002863	ENSGALG00010002863
RNASEH2B	RNASEH2B
ENSGALG00010002865	ENSGALG00010002865
ENSGALG00010002866	ENSGALG00010002866
ENSGALG00010002867	ENSGALG00010002867
PPP1R9A	PPP1R9A
ENSGALG00010002869	ENSGALG00010002869
FABP5	FABP5
ENSGALG00010002871	ENSGALG00010002871
ENSGALG00010002872	ENSGALG00010002872
MRAP2	MRAP2
ENSGALG00010002874	ENSGALG00010002874
ENSGALG00010002875	ENSGALG00010002875
ENSGALG00010002876	ENSGALG00010002876
ENSGALG00010002877	ENSGALG00010002877
P2RY2	P2RY2
ENSGALG00010002879	ENSGALG00010002879
RASGEF1B	RASGEF1B
ENSGALG00010002881	ENSGALG00010002881
ENSGALG00010002882	ENSGALG00010002882
MAP3K15	MAP3K15
ADHFE1	ADHFE1
ENSGALG00010002885	ENSGALG00010002885
HERC2	HERC2
ENSGALG00010002887	ENSGALG00010002887
FAM124A	FAM124A
ENSGALG00010002889	ENSGALG00010002889
VXN	VXN
ENSGALG00010002891	ENSGALG00010002891
ENSGALG00010002892	ENSGALG00010002892
ENSGALG00010002893	ENSGALG00010002893
FCHSD2	FCHSD2
ENSGALG00010002895	ENSGALG00010002895
OCA2	OCA2
SERPINE3	SERPINE3
ENSGALG00010002898	ENSGALG00010002898
ENSGALG00010002899	ENSGALG00010002899
ENSGALG00010002900	ENSGALG00010002900
ENSGALG00010002901	ENSGALG00010002901
ENSGALG00010002902	ENSGALG00010002902
ENSGALG00010002903	ENSGALG00010002903
PON1	PON1
ENSGALG00010002905	ENSGALG00010002905
ENSGALG00010002906	ENSGALG00010002906
GABRG3	GABRG3
S1PR2	S1PR2
ENSGALG00010002909	ENSGALG00010002909
ENSGALG00010002910	ENSGALG00010002910
MYBL1	MYBL1
RPS3	RPS3
NXNL1	NXNL1
SLC27A1	SLC27A1
ENSGALG00010002915	ENSGALG00010002915
SDCBP	SDCBP
PGLS	PGLS
FAM84A	FAM84A
ENSGALG00010002919	ENSGALG00010002919
VCPIP1	VCPIP1
ENSGALG00010002921	ENSGALG00010002921
TMEM106B	TMEM106B
SERPINH1	SERPINH1
ENSGALG00010002924	ENSGALG00010002924
INTS6	INTS6
GALNTL6	GALNTL6
GABRA5	GABRA5
ASB4	ASB4
PDHA2	PDHA2
ENSGALG00010002930	ENSGALG00010002930
ENSGALG00010002931	ENSGALG00010002931
ENSGALG00010002932	ENSGALG00010002932
ENSGALG00010002933	ENSGALG00010002933
VWDE	VWDE
SYTL5	SYTL5
ENSGALG00010002936	ENSGALG00010002936
GALNT7	GALNT7
ENSGALG00010002938	ENSGALG00010002938
HMGB2	HMGB2
BG1	BG1
ENSGALG00010002941	ENSGALG00010002941
GABRB3	GABRB3
SAP30	SAP30
ENSGALG00010002944	ENSGALG00010002944
ENSGALG00010002945	ENSGALG00010002945
GDPD5	GDPD5
ENSGALG00010002947	ENSGALG00010002947
DLX6	DLX6
ENSGALG00010002949	ENSGALG00010002949
ENSGALG00010002950	ENSGALG00010002950
ENSGALG00010002951	ENSGALG00010002951
NBAS	NBAS
WDFY2	WDFY2
CHST7	CHST7
BLEC1	BLEC1
SCRG1	SCRG1
ADGRG2	ADGRG2
ENSGALG00010002958	ENSGALG00010002958
DLX5	DLX5
BLEC2	BLEC2
ENSGALG00010002961	ENSGALG00010002961
ENSGALG00010002962	ENSGALG00010002962
ENSGALG00010002963	ENSGALG00010002963
ENSGALG00010002964	ENSGALG00010002964
PRSS35	PRSS35
ENSGALG00010002966	ENSGALG00010002966
OLFM4	OLFM4
ENSGALG00010002968	ENSGALG00010002968
ENSGALG00010002969	ENSGALG00010002969
ENSGALG00010002970	ENSGALG00010002970
ENSGALG00010002971	ENSGALG00010002971
ME1	ME1
U1 - ENSGALG00010002973	U1 - ENSGALG00010002973
ENSGALG00010002974	ENSGALG00010002974
ENSGALG00010002975	ENSGALG00010002975
ENSGALG00010002976	ENSGALG00010002976
gga-mir-1622	gga-mir-1622
DYNLT3	DYNLT3
ENSGALG00010002979	ENSGALG00010002979
ENSGALG00010002980	ENSGALG00010002980
KLHL35	KLHL35
HAND2	HAND2
NSMAF	NSMAF
gga-mir-196-2	gga-mir-196-2
ENSGALG00010002985	ENSGALG00010002985
ENSGALG00010002986	ENSGALG00010002986
PCDH8	PCDH8
gga-mir-148a	gga-mir-148a
ENSGALG00010002989	ENSGALG00010002989
gga-mir-1732-1	gga-mir-1732-1
BLB1	BLB1
CHN2 - ENSGALG00010002992	CHN2 - ENSGALG00010002992
ENSGALG00010002993	ENSGALG00010002993
DUSP4	DUSP4
RWDD2A	RWDD2A
ENSGALG00010002996	ENSGALG00010002996
ENSGALG00010002997	ENSGALG00010002997
LECT1	LECT1
CMTM7	CMTM7
ENSGALG00010003000	ENSGALG00010003000
MAP6	MAP6
PHKA2	PHKA2
ENSGALG00010003003	ENSGALG00010003003
ENSGALG00010003004	ENSGALG00010003004
ENSGALG00010003005	ENSGALG00010003005
CYP7B1	CYP7B1
ENSGALG00010003007	ENSGALG00010003007
ENSGALG00010003008	ENSGALG00010003008
TNKS	TNKS
ENSGALG00010003010	ENSGALG00010003010
ENSGALG00010003011	ENSGALG00010003011
ENSGALG00010003012	ENSGALG00010003012
ENSGALG00010003013	ENSGALG00010003013
ENSGALG00010003014	ENSGALG00010003014
ENSGALG00010003015	ENSGALG00010003015
ENSGALG00010003016	ENSGALG00010003016
PGM3	PGM3
MOGAT2	MOGAT2
TAPBP	TAPBP
ENSGALG00010003020	ENSGALG00010003020
ENSGALG00010003021	ENSGALG00010003021
BLB2	BLB2
ENSGALG00010003023	ENSGALG00010003023
SUGT1	SUGT1
MFHAS1	MFHAS1
ENSGALG00010003026	ENSGALG00010003026
SCIN	SCIN
ENSGALG00010003028	ENSGALG00010003028
ENSGALG00010003029	ENSGALG00010003029
PPEF1	PPEF1
ENSGALG00010003031	ENSGALG00010003031
ENSGALG00010003032	ENSGALG00010003032
ENSGALG00010003033	ENSGALG00010003033
ERI1	ERI1
DGAT2	DGAT2
ENSGALG00010003036	ENSGALG00010003036
ENSGALG00010003037	ENSGALG00010003037
ENSGALG00010003038	ENSGALG00010003038
ENSGALG00010003039	ENSGALG00010003039
RS1	RS1
ENSGALG00010003041	ENSGALG00010003041
TOX	TOX
ENSGALG00010003043	ENSGALG00010003043
ENSGALG00010003044	ENSGALG00010003044
ENSGALG00010003045	ENSGALG00010003045
ENSGALG00010003046	ENSGALG00010003046
ENSGALG00010003047	ENSGALG00010003047
ENSGALG00010003048	ENSGALG00010003048
ENSGALG00010003049	ENSGALG00010003049
ENSGALG00010003050	ENSGALG00010003050
ART1L3	ART1L3
ZFX	ZFX
ENSGALG00010003053	ENSGALG00010003053
ENSGALG00010003054	ENSGALG00010003054
ENSGALG00010003055	ENSGALG00010003055
ENSGALG00010003056	ENSGALG00010003056
DDX1	DDX1
ENSGALG00010003058	ENSGALG00010003058
ENSGALG00010003059	ENSGALG00010003059
ENSGALG00010003060	ENSGALG00010003060
ABCB5	ABCB5
ENSGALG00010003062	ENSGALG00010003062
GGH	GGH
VAV1	VAV1
ENSGALG00010003065	ENSGALG00010003065
ENSGALG00010003066	ENSGALG00010003066
ENSGALG00010003067	ENSGALG00010003067
BRD2	BRD2
ENSGALG00010003069	ENSGALG00010003069
ENSGALG00010003070	ENSGALG00010003070
ENSGALG00010003071	ENSGALG00010003071
ELF1	ELF1
ENSGALG00010003073	ENSGALG00010003073
TTPA	TTPA
ENSGALG00010003075	ENSGALG00010003075
ENSGALG00010003076	ENSGALG00010003076
EIF2S3	EIF2S3
ENSGALG00010003078	ENSGALG00010003078
SP8	SP8
ENSGALG00010003080	ENSGALG00010003080
DOP1A	DOP1A
ENSGALG00010003082	ENSGALG00010003082
ENSGALG00010003083	ENSGALG00010003083
ENSGALG00010003084	ENSGALG00010003084
ENSGALG00010003085	ENSGALG00010003085
ENSGALG00010003086	ENSGALG00010003086
TWISTNB	TWISTNB
ENSGALG00010003088	ENSGALG00010003088
ENSGALG00010003089	ENSGALG00010003089
DMA	DMA
ENSGALG00010003091	ENSGALG00010003091
ENSGALG00010003092	ENSGALG00010003092
ENSGALG00010003093	ENSGALG00010003093
ENSGALG00010003094	ENSGALG00010003094
ENSGALG00010003095	ENSGALG00010003095
ENSGALG00010003096	ENSGALG00010003096
TFPI2	TFPI2
ENSGALG00010003098	ENSGALG00010003098
ENSGALG00010003099	ENSGALG00010003099
ENSGALG00010003100	ENSGALG00010003100
KLHL15	KLHL15
ENSGALG00010003102	ENSGALG00010003102
YTHDF3	YTHDF3
ENSGALG00010003104	ENSGALG00010003104
ENSGALG00010003105	ENSGALG00010003105
ENSGALG00010003106	ENSGALG00010003106
GNG11	GNG11
PPP1R3B	PPP1R3B
ART5	ART5
BF1	BF1
ENSGALG00010003111	ENSGALG00010003111
ENSGALG00010003112	ENSGALG00010003112
WBP4	WBP4
CHRNA10	CHRNA10
UBE3D	UBE3D
ENSGALG00010003116	ENSGALG00010003116
ID2	ID2
ENSGALG00010003118	ENSGALG00010003118
ENSGALG00010003119	ENSGALG00010003119
ENSGALG00010003120	ENSGALG00010003120
ARMC1	ARMC1
ENSGALG00010003122	ENSGALG00010003122
ENSGALG00010003123	ENSGALG00010003123
ENSGALG00010003124	ENSGALG00010003124
APOO	APOO
ENSGALG00010003126	ENSGALG00010003126
ENSGALG00010003127	ENSGALG00010003127
ENSGALG00010003128	ENSGALG00010003128
ENSGALG00010003129	ENSGALG00010003129
ENSGALG00010003130	ENSGALG00010003130
TAP1	TAP1
TPBG	TPBG
SAT1	SAT1
ENSGALG00010003134	ENSGALG00010003134
ENSGALG00010003135	ENSGALG00010003135
NUP98	NUP98
ENSGALG00010003137	ENSGALG00010003137
ENSGALG00010003138	ENSGALG00010003138
ENSGALG00010003139	ENSGALG00010003139
ENSGALG00010003140	ENSGALG00010003140
ENSGALG00010003141	ENSGALG00010003141
ENSGALG00010003142	ENSGALG00010003142
ENSGALG00010003143	ENSGALG00010003143
ENSGALG00010003144	ENSGALG00010003144
ENSGALG00010003145	ENSGALG00010003145
ENSGALG00010003146	ENSGALG00010003146
ENSGALG00010003147	ENSGALG00010003147
ENSGALG00010003148	ENSGALG00010003148
ENSGALG00010003149	ENSGALG00010003149
ENSGALG00010003150	ENSGALG00010003150
ENSGALG00010003151	ENSGALG00010003151
ENSGALG00010003152	ENSGALG00010003152
ENSGALG00010003153	ENSGALG00010003153
MTFR1	MTFR1
ENSGALG00010003155	ENSGALG00010003155
ENSGALG00010003156	ENSGALG00010003156
ENSGALG00010003157	ENSGALG00010003157
ENSGALG00010003158	ENSGALG00010003158
TAP2	TAP2
KIDINS220	KIDINS220
ENSGALG00010003161	ENSGALG00010003161
ENSGALG00010003162	ENSGALG00010003162
ENSGALG00010003163	ENSGALG00010003163
C3	C3
BMP2K	BMP2K
PGAP2	PGAP2
ENSGALG00010003167	ENSGALG00010003167
ENSGALG00010003168	ENSGALG00010003168
MTRF1	MTRF1
C4	C4
PAQR3	PAQR3
ENSGALG00010003172	ENSGALG00010003172
ENSGALG00010003173	ENSGALG00010003173
ENSGALG00010003174	ENSGALG00010003174
ENSGALG00010003175	ENSGALG00010003175
PRAG1	PRAG1
ENSGALG00010003177	ENSGALG00010003177
CENPA	CENPA
ENSGALG00010003179	ENSGALG00010003179
IBTK	IBTK
gga-mir-1726	gga-mir-1726
ENSGALG00010003182	ENSGALG00010003182
NAA16	NAA16
BET1	BET1
gga-mir-7472	gga-mir-7472
CYP21A1	CYP21A1
RHOG	RHOG
ENSGALG00010003188	ENSGALG00010003188
ANTXR2	ANTXR2
ENSGALG00010003190	ENSGALG00010003190
CC2D1A	CC2D1A
RGCC	RGCC
ACOT9	ACOT9
ENSGALG00010003194	ENSGALG00010003194
ENSGALG00010003195	ENSGALG00010003195
ENSGALG00010003196	ENSGALG00010003196
ENSGALG00010003197	ENSGALG00010003197
PRKG2	PRKG2
ENSGALG00010003199	ENSGALG00010003199
ENSGALG00010003200	ENSGALG00010003200
MBOAT2	MBOAT2
FAM46A	FAM46A
ENSGALG00010003203	ENSGALG00010003203
PKD2	PKD2
ENSGALG00010003205	ENSGALG00010003205
ENSGALG00010003206	ENSGALG00010003206
ENSGALG00010003207	ENSGALG00010003207
ENSGALG00010003208	ENSGALG00010003208
ENSGALG00010003209	ENSGALG00010003209
EYA1	EYA1
ENSGALG00010003211	ENSGALG00010003211
LTB4R	LTB4R
ENSGALG00010003213	ENSGALG00010003213
PRDX4	PRDX4
ENSGALG00010003215	ENSGALG00010003215
ENSGALG00010003216	ENSGALG00010003216
ENSGALG00010003217	ENSGALG00010003217
MAP3K7	MAP3K7
ENSGALG00010003219	ENSGALG00010003219
SPP1	SPP1
ENSGALG00010003221	ENSGALG00010003221
ITGA8	ITGA8
AREG	AREG
ENSGALG00010003224	ENSGALG00010003224
ENSGALG00010003225	ENSGALG00010003225
ENSGALG00010003226	ENSGALG00010003226
PLAC8L1	PLAC8L1
ENSGALG00010003228	ENSGALG00010003228
STIM1	STIM1
ENSGALG00010003230	ENSGALG00010003230
ENSGALG00010003231	ENSGALG00010003231
ENSGALG00010003232	ENSGALG00010003232
gga-mir-1397	gga-mir-1397
ENSGALG00010003234	ENSGALG00010003234
gga-mir-7448	gga-mir-7448
gga-mir-1805	gga-mir-1805
ENSGALG00010003237	ENSGALG00010003237
HEPACAM2	HEPACAM2
RRM1	RRM1
PLACL2	PLACL2
ENSGALG00010003241	ENSGALG00010003241
ASAP2	ASAP2
VPS50	VPS50
ENSGALG00010003244	ENSGALG00010003244
ENSGALG00010003245	ENSGALG00010003245
VWA8	VWA8
ENSGALG00010003247	ENSGALG00010003247
MRI1	MRI1
YJU2B	YJU2B
CD1C	CD1C
ELOF1	ELOF1
PHEX	PHEX
ITGB1BP1	ITGB1BP1
DGKH	DGKH
CALCR	CALCR
ENSGALG00010003256	ENSGALG00010003256
ENSGALG00010003257	ENSGALG00010003257
ENSGALG00010003258	ENSGALG00010003258
VEGFC	VEGFC
ACP5	ACP5
PEX2	PEX2
ENSGALG00010003262	ENSGALG00010003262
ENSGALG00010003263	ENSGALG00010003263
ENSGALG00010003264	ENSGALG00010003264
ENSGALG00010003265	ENSGALG00010003265
ENSGALG00010003266	ENSGALG00010003266
ENSGALG00010003267	ENSGALG00010003267
SMS	SMS
ENSGALG00010003269	ENSGALG00010003269
ENSGALG00010003270	ENSGALG00010003270
AKAP11	AKAP11
CPSF3	CPSF3
NFIX	NFIX
BACH2	BACH2
MBTPS2	MBTPS2
TNFSF11	TNFSF11
ENSGALG00010003277	ENSGALG00010003277
ENSGALG00010003278	ENSGALG00010003278
ENSGALG00010003279	ENSGALG00010003279
ENSGALG00010003280	ENSGALG00010003280
ENSGALG00010003281	ENSGALG00010003281
ENSGALG00010003282	ENSGALG00010003282
ENSGALG00010003283	ENSGALG00010003283
ENSGALG00010003284	ENSGALG00010003284
ENSGALG00010003285	ENSGALG00010003285
ENSGALG00010003286	ENSGALG00010003286
ENSGALG00010003287	ENSGALG00010003287
ENSGALG00010003288	ENSGALG00010003288
ENSGALG00010003289	ENSGALG00010003289
ENSGALG00010003290	ENSGALG00010003290
ENSGALG00010003291	ENSGALG00010003291
GADD45GIP1	GADD45GIP1
ENSGALG00010003293	ENSGALG00010003293
ENSGALG00010003294	ENSGALG00010003294
IAH1	IAH1
ENSGALG00010003296	ENSGALG00010003296
ENSGALG00010003297	ENSGALG00010003297
IL7	IL7
RAD23A	RAD23A
CASP8AP2	CASP8AP2
ENSGALG00010003301	ENSGALG00010003301
ENSGALG00010003302	ENSGALG00010003302
MTHFD2L	MTHFD2L
ENSGALG00010003304	ENSGALG00010003304
CALR	CALR
ENSGALG00010003306	ENSGALG00010003306
COL1A2	COL1A2
MDN1	MDN1
ENSGALG00010003309	ENSGALG00010003309
ENSGALG00010003310	ENSGALG00010003310
ENSGALG00010003311	ENSGALG00010003311
ENSGALG00010003312	ENSGALG00010003312
ENSGALG00010003313	ENSGALG00010003313
ENSGALG00010003314	ENSGALG00010003314
EPGN	EPGN
ENSGALG00010003316	ENSGALG00010003316
LYRM2	LYRM2
ENSGALG00010003318	ENSGALG00010003318
ENSGALG00010003319	ENSGALG00010003319
OR51E2	OR51E2
ENSGALG00010003321	ENSGALG00010003321
EREG	EREG
STMN2	STMN2
ENSGALG00010003324	ENSGALG00010003324
ENSGALG00010003325	ENSGALG00010003325
ENSGALG00010003326	ENSGALG00010003326
ENSGALG00010003327	ENSGALG00010003327
ENSGALG00010003328	ENSGALG00010003328
ENSGALG00010003329	ENSGALG00010003329
HEY1	HEY1
EPSTI1	EPSTI1
ENSGALG00010003332	ENSGALG00010003332
ENSGALG00010003333	ENSGALG00010003333
TAC1	TAC1
ENSGALG00010003335	ENSGALG00010003335
ENSGALG00010003336	ENSGALG00010003336
ENSGALG00010003337	ENSGALG00010003337
ENSGALG00010003338	ENSGALG00010003338
ENSGALG00010003339	ENSGALG00010003339
ENSGALG00010003340	ENSGALG00010003340
ENSGALG00010003341	ENSGALG00010003341
ENSGALG00010003342	ENSGALG00010003342
ENSGALG00010003343	ENSGALG00010003343
ZFAND1	ZFAND1
ENSGALG00010003345	ENSGALG00010003345
ENSGALG00010003346	ENSGALG00010003346
GPM6A	GPM6A
ADAM17	ADAM17
OR51M1	OR51M1
ENSGALG00010003350	ENSGALG00010003350
ENSGALG00010003351	ENSGALG00010003351
FARSA	FARSA
ENSGALG00010003353	ENSGALG00010003353
ENSGALG00010003354	ENSGALG00010003354
ENSGALG00010003355	ENSGALG00010003355
ENSGALG00010003356	ENSGALG00010003356
ENSGALG00010003357	ENSGALG00010003357
DNAJC15	DNAJC15
ENSGALG00010003359	ENSGALG00010003359
ENSGALG00010003360	ENSGALG00010003360
ENSGALG00010003361	ENSGALG00010003361
ENSGALG00010003362	ENSGALG00010003362
HBE1	HBE1
ANKRD6	ANKRD6
ENSGALG00010003365	ENSGALG00010003365
CASD1	CASD1
ENSGALG00010003367	ENSGALG00010003367
ENSGALG00010003368	ENSGALG00010003368
ENSGALG00010003369	ENSGALG00010003369
ENSGALG00010003370	ENSGALG00010003370
ENSGALG00010003371	ENSGALG00010003371
ENOX1	ENOX1
ENSGALG00010003373	ENSGALG00010003373
SYCE2	SYCE2
YWHAQ	YWHAQ
ENSGALG00010003376	ENSGALG00010003376
ENSGALG00010003377	ENSGALG00010003377
ENSGALG00010003378	ENSGALG00010003378
ENSGALG00010003379	ENSGALG00010003379
ENSGALG00010003380	ENSGALG00010003380
ENSGALG00010003381	ENSGALG00010003381
ASNS	ASNS
UBE2J1	UBE2J1
WDR17	WDR17
ENSGALG00010003385	ENSGALG00010003385
ENSGALG00010003386	ENSGALG00010003386
ENSGALG00010003387	ENSGALG00010003387
PXDN	PXDN
ENSGALG00010003389	ENSGALG00010003389
ENSGALG00010003390	ENSGALG00010003390
ENSGALG00010003391	ENSGALG00010003391
ENSGALG00010003392	ENSGALG00010003392
ENSGALG00010003393	ENSGALG00010003393
ENSGALG00010003394	ENSGALG00010003394
ENSGALG00010003395	ENSGALG00010003395
ENSGALG00010003396	ENSGALG00010003396
SPATA4	SPATA4
ENSGALG00010003398	ENSGALG00010003398
ENSGALG00010003399	ENSGALG00010003399
PKIA	PKIA
ENSGALG00010003401	ENSGALG00010003401
ENSGALG00010003402	ENSGALG00010003402
GCDH	GCDH
ENSGALG00010003404	ENSGALG00010003404
GABRR2	GABRR2
C1GALT1	C1GALT1
CHMP4C	CHMP4C
ENSGALG00010003408	ENSGALG00010003408
ENSGALG00010003409	ENSGALG00010003409
ENSGALG00010003410	ENSGALG00010003410
ENSGALG00010003411	ENSGALG00010003411
ASB5	ASB5
ENSGALG00010003413	ENSGALG00010003413
ENSGALG00010003414	ENSGALG00010003414
FOLR1	FOLR1
ENSGALG00010003416	ENSGALG00010003416
ENSGALG00010003417	ENSGALG00010003417
ENSGALG00010003418	ENSGALG00010003418
ENSGALG00010003419	ENSGALG00010003419
ENSGALG00010003420	ENSGALG00010003420
ENSGALG00010003421	ENSGALG00010003421
ENSGALG00010003422	ENSGALG00010003422
ENSGALG00010003423	ENSGALG00010003423
ENSGALG00010003424	ENSGALG00010003424
ENSGALG00010003425	ENSGALG00010003425
ENSGALG00010003426	ENSGALG00010003426
ENSGALG00010003427	ENSGALG00010003427
SNX16	SNX16
ENSGALG00010003429	ENSGALG00010003429
ENSGALG00010003430	ENSGALG00010003430
PM20D2	PM20D2
LACC1	LACC1
ENSGALG00010003433	ENSGALG00010003433
ENSGALG00010003434	ENSGALG00010003434
ENSGALG00010003435	ENSGALG00010003435
ENSGALG00010003436	ENSGALG00010003436
PNRC1	PNRC1
KCNS3	KCNS3
GMIP	GMIP
ENSGALG00010003440	ENSGALG00010003440
ENSGALG00010003441	ENSGALG00010003441
SPCS3	SPCS3
ENSGALG00010003443	ENSGALG00010003443
ENSGALG00010003444	ENSGALG00010003444
ENSGALG00010003445	ENSGALG00010003445
ENSGALG00010003446	ENSGALG00010003446
ZC2HC1A	ZC2HC1A
ENSGALG00010003448	ENSGALG00010003448
BORCS6	BORCS6
OR51Q1	OR51Q1
ENSGALG00010003451	ENSGALG00010003451
ENSGALG00010003452	ENSGALG00010003452
ENSGALG00010003453	ENSGALG00010003453
BPNT2	BPNT2
ENSGALG00010003455	ENSGALG00010003455
CDS1	CDS1
ENSGALG00010003457	ENSGALG00010003457
ENSGALG00010003458	ENSGALG00010003458
ENSGALG00010003459	ENSGALG00010003459
ENSGALG00010003460	ENSGALG00010003460
CCDC122	CCDC122
ENSGALG00010003462	ENSGALG00010003462
ENSGALG00010003463	ENSGALG00010003463
ENSGALG00010003464	ENSGALG00010003464
ENSGALG00010003465	ENSGALG00010003465
TSC22D1	TSC22D1
ENSGALG00010003467	ENSGALG00010003467
ILVBL	ILVBL
ZPAX	ZPAX
METTL3	METTL3
ADI1	ADI1
FAM110B	FAM110B
ENSGALG00010003473	ENSGALG00010003473
RPS7	RPS7
ENSGALG00010003475	ENSGALG00010003475
ENSGALG00010003476	ENSGALG00010003476
ENSGALG00010003477	ENSGALG00010003477
COLEC11	COLEC11
SYDE1	SYDE1
ENSGALG00010003480	ENSGALG00010003480
ENSGALG00010003481	ENSGALG00010003481
ENSGALG00010003482	ENSGALG00010003482
ENSGALG00010003483	ENSGALG00010003483
ENSGALG00010003484	ENSGALG00010003484
RNGTT	RNGTT
ENSGALG00010003486	ENSGALG00010003486
OR52B2L	OR52B2L
ENSGALG00010003488	ENSGALG00010003488
SGCE	SGCE
ENSGALG00010003490	ENSGALG00010003490
ENSGALG00010003491	ENSGALG00010003491
ENSGALG00010003492	ENSGALG00010003492
ENSGALG00010003493	ENSGALG00010003493
ENSGALG00010003494	ENSGALG00010003494
ENSGALG00010003495	ENSGALG00010003495
ENSGALG00010003496	ENSGALG00010003496
ENSGALG00010003497	ENSGALG00010003497
ENSGALG00010003498	ENSGALG00010003498
ENSGALG00010003499	ENSGALG00010003499
ENSGALG00010003500	ENSGALG00010003500
ENSGALG00010003501	ENSGALG00010003501
ENSGALG00010003502	ENSGALG00010003502
NUFIP1	NUFIP1
ENSGALG00010003504	ENSGALG00010003504
ENSGALG00010003505	ENSGALG00010003505
DYNC1I1	DYNC1I1
WDFY3	WDFY3
ENSGALG00010003508	ENSGALG00010003508
GPALPP1	GPALPP1
ENSGALG00010003510	ENSGALG00010003510
UBXN2B	UBXN2B
ENSGALG00010003512	ENSGALG00010003512
ENSGALG00010003513	ENSGALG00010003513
ENSGALG00010003514	ENSGALG00010003514
ENSGALG00010003515	ENSGALG00010003515
ENSGALG00010003516	ENSGALG00010003516
GTF2F2	GTF2F2
CYP7A1	CYP7A1
KCTD4	KCTD4
ENSGALG00010003520	ENSGALG00010003520
ENSGALG00010003521	ENSGALG00010003521
THRSPB	THRSPB
ENSGALG00010003523	ENSGALG00010003523
ENSGALG00010003524	ENSGALG00010003524
NOL10	NOL10
ENSGALG00010003526	ENSGALG00010003526
ENSGALG00010003527	ENSGALG00010003527
GDAP1	GDAP1
ENSGALG00010003529	ENSGALG00010003529
ENSGALG00010003530	ENSGALG00010003530
PPM1K	PPM1K
ENSGALG00010003532	ENSGALG00010003532
ENSGALG00010003533	ENSGALG00010003533
ENSGALG00010003534	ENSGALG00010003534
ENSGALG00010003535	ENSGALG00010003535
ENSGALG00010003536	ENSGALG00010003536
ENSGALG00010003537	ENSGALG00010003537
ENSGALG00010003538	ENSGALG00010003538
ENSGALG00010003539	ENSGALG00010003539
5_8S_rRNA - ENSGALG00010003540	5_8S_rRNA - ENSGALG00010003540
CNR1	CNR1
ENSGALG00010003542	ENSGALG00010003542
SOX11	SOX11
OR52R1	OR52R1
ENSGALG00010003545	ENSGALG00010003545
ENSGALG00010003546	ENSGALG00010003546
ENSGALG00010003547	ENSGALG00010003547
ENSGALG00010003548	ENSGALG00010003548
ENSGALG00010003549	ENSGALG00010003549
ENSGALG00010003550	ENSGALG00010003550
ENSGALG00010003551	ENSGALG00010003551
PI15	PI15
ENSGALG00010003553	ENSGALG00010003553
5_8S_rRNA - ENSGALG00010003554	5_8S_rRNA - ENSGALG00010003554
ENSGALG00010003555	ENSGALG00010003555
ENSGALG00010003556	ENSGALG00010003556
ENSGALG00010003557	ENSGALG00010003557
TPT1	TPT1
ENSGALG00010003559	ENSGALG00010003559
ADGRL3	ADGRL3
ENSGALG00010003561	ENSGALG00010003561
ENSGALG00010003562	ENSGALG00010003562
ENSGALG00010003563	ENSGALG00010003563
ENSGALG00010003564	ENSGALG00010003564
ENSGALG00010003565	ENSGALG00010003565
ENSGALG00010003566	ENSGALG00010003566
ENSGALG00010003567	ENSGALG00010003567
5_8S_rRNA - ENSGALG00010003568	5_8S_rRNA - ENSGALG00010003568
ENSGALG00010003569	ENSGALG00010003569
ENSGALG00010003570	ENSGALG00010003570
RPL7	RPL7
ENSGALG00010003572	ENSGALG00010003572
ENSGALG00010003573	ENSGALG00010003573
5_8S_rRNA - ENSGALG00010003574	5_8S_rRNA - ENSGALG00010003574
ENSGALG00010003575	ENSGALG00010003575
ENSGALG00010003576	ENSGALG00010003576
ENSGALG00010003577	ENSGALG00010003577
ENSGALG00010003578	ENSGALG00010003578
5_8S_rRNA - ENSGALG00010003579	5_8S_rRNA - ENSGALG00010003579
5_8S_rRNA - ENSGALG00010003580	5_8S_rRNA - ENSGALG00010003580
ENSGALG00010003581	ENSGALG00010003581
RDH10	RDH10
RSAD2	RSAD2
ENSGALG00010003584	ENSGALG00010003584
PNPLA6	PNPLA6
ENSGALG00010003586	ENSGALG00010003586
ENSGALG00010003587	ENSGALG00010003587
5_8S_rRNA - ENSGALG00010003588	5_8S_rRNA - ENSGALG00010003588
SLC25A30	SLC25A30
ENSGALG00010003590	ENSGALG00010003590
ENSGALG00010003591	ENSGALG00010003591
ENSGALG00010003592	ENSGALG00010003592
5_8S_rRNA - ENSGALG00010003593	5_8S_rRNA - ENSGALG00010003593
ENSGALG00010003594	ENSGALG00010003594
SNX13	SNX13
CRISPLD1	CRISPLD1
RNF144A	RNF144A
ENSGALG00010003598	ENSGALG00010003598
ENSGALG00010003599	ENSGALG00010003599
ENSGALG00010003600	ENSGALG00010003600
ENSGALG00010003601	ENSGALG00010003601
5_8S_rRNA - ENSGALG00010003602	5_8S_rRNA - ENSGALG00010003602
ENSGALG00010003603	ENSGALG00010003603
ODC	ODC
5_8S_rRNA - ENSGALG00010003605	5_8S_rRNA - ENSGALG00010003605
ENSGALG00010003606	ENSGALG00010003606
5_8S_rRNA - ENSGALG00010003607	5_8S_rRNA - ENSGALG00010003607
ENSGALG00010003608	ENSGALG00010003608
ENSGALG00010003609	ENSGALG00010003609
ENSGALG00010003610	ENSGALG00010003610
ENSGALG00010003611	ENSGALG00010003611
5_8S_rRNA - ENSGALG00010003612	5_8S_rRNA - ENSGALG00010003612
ENSGALG00010003613	ENSGALG00010003613
ENSGALG00010003614	ENSGALG00010003614
ENSGALG00010003615	ENSGALG00010003615
ENSGALG00010003616	ENSGALG00010003616
COG3	COG3
5_8S_rRNA - ENSGALG00010003618	5_8S_rRNA - ENSGALG00010003618
HNF4G	HNF4G
ENSGALG00010003620	ENSGALG00010003620
5_8S_rRNA - ENSGALG00010003621	5_8S_rRNA - ENSGALG00010003621
ENSGALG00010003622	ENSGALG00010003622
ENSGALG00010003623	ENSGALG00010003623
5_8S_rRNA - ENSGALG00010003624	5_8S_rRNA - ENSGALG00010003624
ENSGALG00010003625	ENSGALG00010003625
ENSGALG00010003626	ENSGALG00010003626
MCOLN1	MCOLN1
ENSGALG00010003628	ENSGALG00010003628
ENSGALG00010003629	ENSGALG00010003629
ENSGALG00010003630	ENSGALG00010003630
ENSGALG00010003631	ENSGALG00010003631
TECRL	TECRL
ENSGALG00010003633	ENSGALG00010003633
CYP4F11	CYP4F11
ENSGALG00010003635	ENSGALG00010003635
ENSGALG00010003636	ENSGALG00010003636
5_8S_rRNA - ENSGALG00010003637	5_8S_rRNA - ENSGALG00010003637
ENSGALG00010003638	ENSGALG00010003638
ENSGALG00010003639	ENSGALG00010003639
ENSGALG00010003640	ENSGALG00010003640
ENSGALG00010003641	ENSGALG00010003641
ENSGALG00010003642	ENSGALG00010003642
ENSGALG00010003643	ENSGALG00010003643
ENSGALG00010003644	ENSGALG00010003644
5_8S_rRNA - ENSGALG00010003645	5_8S_rRNA - ENSGALG00010003645
ENSGALG00010003646	ENSGALG00010003646
ENSGALG00010003647	ENSGALG00010003647
5_8S_rRNA - ENSGALG00010003648	5_8S_rRNA - ENSGALG00010003648
ENSGALG00010003649	ENSGALG00010003649
SPACA1	SPACA1
gga-mir-7480-1	gga-mir-7480-1
MYCN	MYCN
ENSGALG00010003653	ENSGALG00010003653
ENSGALG00010003654	ENSGALG00010003654
gga-mir-6566 - ENSGALG00010003655	gga-mir-6566 - ENSGALG00010003655
ENSGALG00010003656	ENSGALG00010003656
gga-mir-6566 - ENSGALG00010003657	gga-mir-6566 - ENSGALG00010003657
gga-mir-6566 - ENSGALG00010003658	gga-mir-6566 - ENSGALG00010003658
ENSGALG00010003659	ENSGALG00010003659
IGFBP7	IGFBP7
ENSGALG00010003661	ENSGALG00010003661
ENSGALG00010003662	ENSGALG00010003662
ENSGALG00010003663	ENSGALG00010003663
ENSGALG00010003664	ENSGALG00010003664
RDH14	RDH14
SLC25A13	SLC25A13
ENSGALG00010003667	ENSGALG00010003667
ENSGALG00010003668	ENSGALG00010003668
ENSGALG00010003669	ENSGALG00010003669
ENSGALG00010003670	ENSGALG00010003670
ENSGALG00010003671	ENSGALG00010003671
ENSGALG00010003672	ENSGALG00010003672
ENSGALG00010003673	ENSGALG00010003673
AKIRIN2	AKIRIN2
ENSGALG00010003675	ENSGALG00010003675
POLR2B	POLR2B
ENSGALG00010003677	ENSGALG00010003677
ZNFY1	ZNFY1
ENSGALG00010003679	ENSGALG00010003679
TRAPPC5	TRAPPC5
NT5C1B	NT5C1B
ENSGALG00010003682	ENSGALG00010003682
ENSGALG00010003683	ENSGALG00010003683
ENSGALG00010003684	ENSGALG00010003684
U1 - ENSGALG00010003685	U1 - ENSGALG00010003685
ENSGALG00010003686	ENSGALG00010003686
ENSGALG00010003687	ENSGALG00010003687
ENSGALG00010003688	ENSGALG00010003688
ENSGALG00010003689	ENSGALG00010003689
ENSGALG00010003690	ENSGALG00010003690
ERICH1	ERICH1
ZNFY2	ZNFY2
ENSGALG00010003693	ENSGALG00010003693
ENSGALG00010003694	ENSGALG00010003694
NOA1	NOA1
ENSGALG00010003696	ENSGALG00010003696
ENSGALG00010003697	ENSGALG00010003697
MACC1	MACC1
ENSGALG00010003699	ENSGALG00010003699
REST	REST
SARAF	SARAF
ENSGALG00010003702	ENSGALG00010003702
TDRP	TDRP
ENSGALG00010003704	ENSGALG00010003704
ENSGALG00010003705	ENSGALG00010003705
ENSGALG00010003706	ENSGALG00010003706
ENSGALG00010003707	ENSGALG00010003707
ENSGALG00010003708	ENSGALG00010003708
ENSGALG00010003709	ENSGALG00010003709
ENSGALG00010003710	ENSGALG00010003710
ENSGALG00010003711	ENSGALG00010003711
ENSGALG00010003712	ENSGALG00010003712
SPERT	SPERT
ORC3	ORC3
ENSGALG00010003715	ENSGALG00010003715
YLEC8	YLEC8
LEPROTL1	LEPROTL1
SIAH3	SIAH3
RPGR	RPGR
ENSGALG00010003720	ENSGALG00010003720
ENSGALG00010003721	ENSGALG00010003721
MHCY11	MHCY11
ENSGALG00010003723	ENSGALG00010003723
ENSGALG00010003724	ENSGALG00010003724
ENSGALG00010003725	ENSGALG00010003725
ENPEP	ENPEP
FBXO25	FBXO25
ENSGALG00010003728	ENSGALG00010003728
RARS2	RARS2
ENSGALG00010003730	ENSGALG00010003730
ENSGALG00010003731	ENSGALG00010003731
ENSGALG00010003732	ENSGALG00010003732
STAU2	STAU2
ZC3H13	ZC3H13
ENSGALG00010003735	ENSGALG00010003735
ENSGALG00010003736	ENSGALG00010003736
SRP72	SRP72
ENSGALG00010003738	ENSGALG00010003738
ENSGALG00010003739	ENSGALG00010003739
PITX2	PITX2
ENSGALG00010003741	ENSGALG00010003741
ZFHX4	ZFHX4
ARL9	ARL9
ENSGALG00010003744	ENSGALG00010003744
ENSGALG00010003745	ENSGALG00010003745
HOPX	HOPX
ENSGALG00010003747	ENSGALG00010003747
ENSGALG00010003748	ENSGALG00010003748
MHCY15	MHCY15
CPB2	CPB2
ENSGALG00010003751	ENSGALG00010003751
ENSGALG00010003752	ENSGALG00010003752
ENSGALG00010003753	ENSGALG00010003753
FAM110C	FAM110C
SLC35A1	SLC35A1
MHCY7	MHCY7
ENSGALG00010003757	ENSGALG00010003757
ENSGALG00010003758	ENSGALG00010003758
PRDM14	PRDM14
ENSGALG00010003760	ENSGALG00010003760
UGT8	UGT8
EVI5L	EVI5L
ENSGALG00010003763	ENSGALG00010003763
HDAC9	HDAC9
ENSGALG00010003765	ENSGALG00010003765
CFAP206	CFAP206
ENSGALG00010003767	ENSGALG00010003767
ARSJ	ARSJ
C3H6ORF163	C3H6ORF163
ENSGALG00010003770	ENSGALG00010003770
SPARCL1	SPARCL1
ENSGALG00010003772	ENSGALG00010003772
ENSGALG00010003773	ENSGALG00010003773
ENSGALG00010003774	ENSGALG00010003774
NCOA2	NCOA2
ENSGALG00010003776	ENSGALG00010003776
ENSGALG00010003777	ENSGALG00010003777
LCA5	LCA5
ENSGALG00010003779	ENSGALG00010003779
ENSGALG00010003780	ENSGALG00010003780
ENSGALG00010003781	ENSGALG00010003781
ENSGALG00010003782	ENSGALG00010003782
ENSGALG00010003783	ENSGALG00010003783
ENSGALG00010003784	ENSGALG00010003784
ENSGALG00010003785	ENSGALG00010003785
ENSGALG00010003786	ENSGALG00010003786
SMIM8	SMIM8
NUDT9	NUDT9
ENSGALG00010003789	ENSGALG00010003789
ELOVL6	ELOVL6
ITGB8	ITGB8
ENSGALG00010003792	ENSGALG00010003792
TRAM1L1	TRAM1L1
ENSGALG00010003794	ENSGALG00010003794
LCP1	LCP1
ENSGALG00010003796	ENSGALG00010003796
ENSGALG00010003797	ENSGALG00010003797
SNORD15 - ENSGALG00010003798	SNORD15 - ENSGALG00010003798
SNORD15 - ENSGALG00010003799	SNORD15 - ENSGALG00010003799
SNORD15 - ENSGALG00010003800	SNORD15 - ENSGALG00010003800
ENSGALG00010003801	ENSGALG00010003801
ENSGALG00010003802	ENSGALG00010003802
LACTB2	LACTB2
PSME1	PSME1
gga-mir-1708	gga-mir-1708
EGF	EGF
gga-mir-12289-1	gga-mir-12289-1
TWIST1	TWIST1
ENSGALG00010003809	ENSGALG00010003809
HMGN2P46	HMGN2P46
PGLYRP2	PGLYRP2
BG8	BG8
LRIT3	LRIT3
TPP1	TPP1
RASAL3 - ENSGALG00010003815	RASAL3 - ENSGALG00010003815
KLHL8	KLHL8
BF2	BF2
GAB2	GAB2
PHIP	PHIP
SH3YL1	SH3YL1
RUBCNL	RUBCNL
ENSGALG00010003822	ENSGALG00010003822
PTPN13	PTPN13
SP4	SP4
DMB1	DMB1
ENSGALG00010003826	ENSGALG00010003826
RRH	RRH
ENSGALG00010003828	ENSGALG00010003828
ENSGALG00010003829	ENSGALG00010003829
DMB2	DMB2
IRAK1BP1	IRAK1BP1
ART7C	ART7C
ACP1	ACP1
MAPK10	MAPK10
ENSGALG00010003835	ENSGALG00010003835
CD1B	CD1B
FAM150B	FAM150B
GAR1	GAR1
ENSGALG00010003839	ENSGALG00010003839
CGA	CGA
UBE2W	UBE2W
RASAL3 - ENSGALG00010003842	RASAL3 - ENSGALG00010003842
LRCH1	LRCH1
TMEM18	TMEM18
CFI	CFI
MEI4	MEI4
XKR9	XKR9
ESD	ESD
MSGN1	MSGN1
PLA2G12A	PLA2G12A
PHF14	PHF14
TCEB1	TCEB1
ENSGALG00010003853	ENSGALG00010003853
ENSGALG00010003854	ENSGALG00010003854
ENSGALG00010003855	ENSGALG00010003855
ENSGALG00010003856	ENSGALG00010003856
ENSGALG00010003857	ENSGALG00010003857
SUCLA2	SUCLA2
ENSGALG00010003859	ENSGALG00010003859
TMEM70	TMEM70
NUDT15	NUDT15
PCK2	PCK2
HTR1B	HTR1B
ENSGALG00010003864	ENSGALG00010003864
AKAP8L	AKAP8L
ENSGALG00010003866	ENSGALG00010003866
ENSGALG00010003867	ENSGALG00010003867
HBBA	HBBA
LY96	LY96
MED4	MED4
ENSGALG00010003871	ENSGALG00010003871
ENSGALG00010003872	ENSGALG00010003872
CLUL1	CLUL1
YES1	YES1
AKAP8	AKAP8
ENSGALG00010003876	ENSGALG00010003876
CLVS1	CLVS1
ARHGAP24	ARHGAP24
CASP6	CASP6
ENSGALG00010003880	ENSGALG00010003880
ENSGALG00010003881	ENSGALG00010003881
ENSGALG00010003882	ENSGALG00010003882
ENSGALG00010003883	ENSGALG00010003883
TYMS	TYMS
ENSGALG00010003885	ENSGALG00010003885
ENSGALG00010003886	ENSGALG00010003886
GIPC1	GIPC1
ENSGALG00010003888	ENSGALG00010003888
ITM2B	ITM2B
ENSGALG00010003890	ENSGALG00010003890
ENSGALG00010003891	ENSGALG00010003891
OPRK1	OPRK1
ENSGALG00010003893	ENSGALG00010003893
COPS4	COPS4
THSD7A	THSD7A
MCUB	MCUB
ENSGALG00010003897	ENSGALG00010003897
NDST4	NDST4
LIN54	LIN54
RB1	RB1
ENSGALG00010003901	ENSGALG00010003901
ENSGALG00010003902	ENSGALG00010003902
COL28A1	COL28A1
ENSGALG00010003904	ENSGALG00010003904
ENSGALG00010003905	ENSGALG00010003905
ENSGALG00010003906	ENSGALG00010003906
ENSGALG00010003907	ENSGALG00010003907
ENSGALG00010003908	ENSGALG00010003908
DNAJB1	DNAJB1
THAP9	THAP9
ENSGALG00010003911	ENSGALG00010003911
ENSGALG00010003912	ENSGALG00010003912
PSMB5	PSMB5
CAMK2D	CAMK2D
MIOS	MIOS
ENSGALG00010003916	ENSGALG00010003916
ENSGALG00010003917	ENSGALG00010003917
HTR1E	HTR1E
ENSGALG00010003919	ENSGALG00010003919
LPAR6	LPAR6
COLEC12	COLEC12
ENSGALG00010003922	ENSGALG00010003922
RPA3	RPA3
ENSGALG00010003924	ENSGALG00010003924
SEC31A	SEC31A
ENSGALG00010003926	ENSGALG00010003926
ENSGALG00010003927	ENSGALG00010003927
ENSGALG00010003928	ENSGALG00010003928
RCBTB2	RCBTB2
ENSGALG00010003930	ENSGALG00010003930
ENSGALG00010003931	ENSGALG00010003931
ENSGALG00010003932	ENSGALG00010003932
TECR	TECR
ENSGALG00010003934	ENSGALG00010003934
IMPG1	IMPG1
ENSGALG00010003936	ENSGALG00010003936
ENSGALG00010003937	ENSGALG00010003937
ENSGALG00010003938	ENSGALG00010003938
ENSGALG00010003939	ENSGALG00010003939
ENSGALG00010003940	ENSGALG00010003940
ENSGALG00010003941	ENSGALG00010003941
ENSGALG00010003942	ENSGALG00010003942
ENSGALG00010003943	ENSGALG00010003943
ENSGALG00010003944	ENSGALG00010003944
ENSGALG00010003945	ENSGALG00010003945
ENSGALG00010003946	ENSGALG00010003946
ENSGALG00010003947	ENSGALG00010003947
SCD5	SCD5
ENSGALG00010003949	ENSGALG00010003949
ENSGALG00010003950	ENSGALG00010003950
ENSGALG00010003951	ENSGALG00010003951
ENSGALG00010003952	ENSGALG00010003952
ENSGALG00010003953	ENSGALG00010003953
ENSGALG00010003954	ENSGALG00010003954
gga-mir-12266-1	gga-mir-12266-1
ENSGALG00010003956	ENSGALG00010003956
gga-mir-12288	gga-mir-12288
CYSLTR2	CYSLTR2
ENSGALG00010003959	ENSGALG00010003959
ASPH	ASPH
ENSGALG00010003961	ENSGALG00010003961
UMAD1	UMAD1
ENSGALG00010003963	ENSGALG00010003963
ENSGALG00010003964	ENSGALG00010003964
SNTG1	SNTG1
ENSGALG00010003966	ENSGALG00010003966
ENSGALG00010003967	ENSGALG00010003967
DSN1	DSN1
ENSGALG00010003969	ENSGALG00010003969
ENSGALG00010003970	ENSGALG00010003970
ENSGALG00010003971	ENSGALG00010003971
PENK	PENK
ENSGALG00010003973	ENSGALG00010003973
ENSGALG00010003974	ENSGALG00010003974
ENSGALG00010003975	ENSGALG00010003975
ENSGALG00010003976	ENSGALG00010003976
MYO6	MYO6
ANK2	ANK2
ENSGALG00010003979	ENSGALG00010003979
CHCHD7	CHCHD7
TMEM150C	TMEM150C
GLCCI1	GLCCI1
ENSGALG00010003983	ENSGALG00010003983
ENSGALG00010003984	ENSGALG00010003984
PRMT5	PRMT5
FNDC3A	FNDC3A
ENSGALG00010003987	ENSGALG00010003987
ENOPH1	ENOPH1
ENSGALG00010003989	ENSGALG00010003989
ICA1	ICA1
ENSGALG00010003991	ENSGALG00010003991
ENSGALG00010003992	ENSGALG00010003992
ENSGALG00010003993	ENSGALG00010003993
SDR16C5	SDR16C5
MLNR	MLNR
ENSGALG00010003996	ENSGALG00010003996
ENSGALG00010003997	ENSGALG00010003997
ENSGALG00010003998	ENSGALG00010003998
ENSGALG00010003999	ENSGALG00010003999
ENSGALG00010004000	ENSGALG00010004000
LARP7	LARP7
CDADC1	CDADC1
HNRNPDL	HNRNPDL
ENSGALG00010004004	ENSGALG00010004004
ERD2L	ERD2L
NKAIN3	NKAIN3
ENSGALG00010004007	ENSGALG00010004007
ENSGALG00010004008	ENSGALG00010004008
ENSGALG00010004009	ENSGALG00010004009
ENSGALG00010004010	ENSGALG00010004010
ENSGALG00010004011	ENSGALG00010004011
ENSGALG00010004012	ENSGALG00010004012
ENSGALG00010004013	ENSGALG00010004013
ENSGALG00010004014	ENSGALG00010004014
ENSGALG00010004015	ENSGALG00010004015
ENSGALG00010004016	ENSGALG00010004016
ENSGALG00010004017	ENSGALG00010004017
HNRNPD	HNRNPD
ENSGALG00010004019	ENSGALG00010004019
ENSGALG00010004020	ENSGALG00010004020
ENSGALG00010004021	ENSGALG00010004021
ENSGALG00010004022	ENSGALG00010004022
ENSGALG00010004023	ENSGALG00010004023
ENSGALG00010004024	ENSGALG00010004024
ENSGALG00010004025	ENSGALG00010004025
ENSGALG00010004026	ENSGALG00010004026
ENSGALG00010004027	ENSGALG00010004027
ENSGALG00010004028	ENSGALG00010004028
ARL4A	ARL4A
ENSGALG00010004030	ENSGALG00010004030
ENSGALG00010004031	ENSGALG00010004031
ENSGALG00010004032	ENSGALG00010004032
ENSGALG00010004033	ENSGALG00010004033
NEDD8	NEDD8
ENSGALG00010004035	ENSGALG00010004035
ADCYAP1	ADCYAP1
ENSGALG00010004037	ENSGALG00010004037
SENP6	SENP6
ALPK1	ALPK1
LGALS1B	LGALS1B
ENSGALG00010004041	ENSGALG00010004041
PLAG1	PLAG1
CAB39L	CAB39L
RNF138	RNF138
ENSGALG00010004045	ENSGALG00010004045
ENSGALG00010004046	ENSGALG00010004046
PDE7A	PDE7A
ENSGALG00010004048	ENSGALG00010004048
SETDB2	SETDB2
DNAJC5B	DNAJC5B
ENSGALG00010004051	ENSGALG00010004051
ENSGALG00010004052	ENSGALG00010004052
ENSGALG00010004053	ENSGALG00010004053
ENSGALG00010004054	ENSGALG00010004054
FILIP1	FILIP1
SHROOM3	SHROOM3
ENSGALG00010004057	ENSGALG00010004057
TMEM30A	TMEM30A
ENSGALG00010004059	ENSGALG00010004059
ETV1	ETV1
MEP1B	MEP1B
ENSGALG00010004062	ENSGALG00010004062
ENSGALG00010004063	ENSGALG00010004063
ENSGALG00010004064	ENSGALG00010004064
TIFA	TIFA
ENSGALG00010004066	ENSGALG00010004066
ENSGALG00010004067	ENSGALG00010004067
ALKAL1	ALKAL1
ENSGALG00010004069	ENSGALG00010004069
ARL11	ARL11
ENSGALG00010004071	ENSGALG00010004071
SGK3	SGK3
ENSGALG00010004073	ENSGALG00010004073
ENSGALG00010004074	ENSGALG00010004074
ENSGALG00010004075	ENSGALG00010004075
COX7A2	COX7A2
ENSGALG00010004077	ENSGALG00010004077
ENSGALG00010004078	ENSGALG00010004078
AP1AR	AP1AR
ENSGALG00010004080	ENSGALG00010004080
RPS20	RPS20
FAM241A	FAM241A
PHF11	PHF11
ENSGALG00010004084	ENSGALG00010004084
RB1CC1	RB1CC1
UTP3	UTP3
NCOA7	NCOA7
ENSGALG00010004088	ENSGALG00010004088
NPBWR1	NPBWR1
ENSGALG00010004090	ENSGALG00010004090
ENSGALG00010004091	ENSGALG00010004091
ENSGALG00010004092	ENSGALG00010004092
ENSGALG00010004093	ENSGALG00010004093
DGKB	DGKB
ANKRD50	ANKRD50
COL12A1	COL12A1
ENSGALG00010004097	ENSGALG00010004097
ENSGALG00010004098	ENSGALG00010004098
ENSGALG00010004099	ENSGALG00010004099
ENSGALG00010004100	ENSGALG00010004100
ARID1B	ARID1B
PCMTD1	PCMTD1
ENSGALG00010004103	ENSGALG00010004103
SCARB2	SCARB2
ENSGALG00010004105	ENSGALG00010004105
ENSGALG00010004106	ENSGALG00010004106
ENSGALG00010004107	ENSGALG00010004107
PERPB	PERPB
AGMO	AGMO
ENSGALG00010004110	ENSGALG00010004110
ENSGALG00010004111	ENSGALG00010004111
ENSGALG00010004112	ENSGALG00010004112
ECHDC1	ECHDC1
ENSGALG00010004114	ENSGALG00010004114
ENSGALG00010004115	ENSGALG00010004115
SPRY1	SPRY1
STBD1	STBD1
ENSGALG00010004118	ENSGALG00010004118
ENSGALG00010004119	ENSGALG00010004119
ENSGALG00010004120	ENSGALG00010004120
ENSGALG00010004121	ENSGALG00010004121
TRIM55	TRIM55
NDUFAF4	NDUFAF4
ENSGALG00010004124	ENSGALG00010004124
MANEA	MANEA
ENSGALG00010004126	ENSGALG00010004126
EPHA7	EPHA7
MCMDC2	MCMDC2
ENSGALG00010004129	ENSGALG00010004129
RIPPLY2	RIPPLY2
NUDT6	NUDT6
ST18	ST18
CRH	CRH
ENSGALG00010004134	ENSGALG00010004134
NUP54	NUP54
PRDM13	PRDM13
CROT	CROT
ENSGALG00010004138	ENSGALG00010004138
PPEF2	PPEF2
ENSGALG00010004140	ENSGALG00010004140
KPNA3	KPNA3
RBBP8	RBBP8
TCF24	TCF24
ENSGALG00010004144	ENSGALG00010004144
PPP1R42	PPP1R42
NAAA	NAAA
SPRYD7	SPRYD7
ENSGALG00010004148	ENSGALG00010004148
SDAD1	SDAD1
ENSGALG00010004150	ENSGALG00010004150
ENSGALG00010004151	ENSGALG00010004151
ENSGALG00010004152	ENSGALG00010004152
ENSGALG00010004153	ENSGALG00010004153
COPS5	COPS5
ENSGALG00010004155	ENSGALG00010004155
ENSGALG00010004156	ENSGALG00010004156
ENSGALG00010004157	ENSGALG00010004157
JCHAIN	JCHAIN
ENSGALG00010004159	ENSGALG00010004159
ENSGALG00010004160	ENSGALG00010004160
ENSGALG00010004161	ENSGALG00010004161
ENSGALG00010004162	ENSGALG00010004162
ENSGALG00010004163	ENSGALG00010004163
ENSGALG00010004164	ENSGALG00010004164
ENSGALG00010004165	ENSGALG00010004165
ENSGALG00010004166	ENSGALG00010004166
ENSGALG00010004167	ENSGALG00010004167
ENSGALG00010004168	ENSGALG00010004168
ENSGALG00010004169	ENSGALG00010004169
ENSGALG00010004170	ENSGALG00010004170
ENSGALG00010004171	ENSGALG00010004171
ST8SIA6	ST8SIA6
ENSGALG00010004173	ENSGALG00010004173
ENSGALG00010004174	ENSGALG00010004174
ENSGALG00010004175	ENSGALG00010004175
ENSGALG00010004176	ENSGALG00010004176
CSPP1	CSPP1
ENSGALG00010004178	ENSGALG00010004178
ENSGALG00010004179	ENSGALG00010004179
ENSGALG00010004180	ENSGALG00010004180
BBS12	BBS12
ENSGALG00010004182	ENSGALG00010004182
ENSGALG00010004183	ENSGALG00010004183
ENSGALG00010004184	ENSGALG00010004184
ENSGALG00010004185	ENSGALG00010004185
ENSGALG00010004186	ENSGALG00010004186
ARFGEF1	ARFGEF1
BMI1	BMI1
ENSGALG00010004189	ENSGALG00010004189
ENSGALG00010004190	ENSGALG00010004190
CABLES1	CABLES1
ENSGALG00010004192	ENSGALG00010004192
ENSGALG00010004193	ENSGALG00010004193
ENSGALG00010004194	ENSGALG00010004194
ENSGALG00010004195	ENSGALG00010004195
ENSGALG00010004196	ENSGALG00010004196
ENSGALG00010004197	ENSGALG00010004197
ENSGALG00010004198	ENSGALG00010004198
ENSGALG00010004199	ENSGALG00010004199
ABCB1 - ENSGALG00010004200	ABCB1 - ENSGALG00010004200
CPA6	CPA6
ENSGALG00010004202	ENSGALG00010004202
ENSGALG00010004203	ENSGALG00010004203
ENSGALG00010004204	ENSGALG00010004204
ENSGALG00010004205	ENSGALG00010004205
ENSGALG00010004206	ENSGALG00010004206
ENSGALG00010004207	ENSGALG00010004207
ENSGALG00010004208	ENSGALG00010004208
ENSGALG00010004209	ENSGALG00010004209
SYNCRIP	SYNCRIP
RNF146	RNF146
RSPO3	RSPO3
ENSGALG00010004213	ENSGALG00010004213
REPS1	REPS1
ENSGALG00010004215	ENSGALG00010004215
SNX14	SNX14
CCDC28A	CCDC28A
ENSGALG00010004218	ENSGALG00010004218
FGF2	FGF2
ENSGALG00010004220	ENSGALG00010004220
U1 - ENSGALG00010004221	U1 - ENSGALG00010004221
SPAG6	SPAG6
gga-mir-12265	gga-mir-12265
NT5E	NT5E
CETN2	CETN2
RUNDC3B	RUNDC3B
gga-mir-1329	gga-mir-1329
IL21	IL21
PTF1A	PTF1A
TAF1B	TAF1B
ARMC3	ARMC3
IL2	IL2
NHSL1	NHSL1
SLC25A40	SLC25A40
ADAD1	ADAD1
DBF4	DBF4
RUFY3	RUFY3
CCNC	CCNC
SMIM28	SMIM28
ENSGALG00010004240	ENSGALG00010004240
PREX2	PREX2
ADAM22	ADAM22
BLTP1	BLTP1
TMEM241	TMEM241
ARFGEF3	ARFGEF3
C8orf34	C8orf34
MEOX2	MEOX2
GRSF1	GRSF1
USP45	USP45
MOB1B	MOB1B
CCN2	CCN2
ENSGALG00010004252	ENSGALG00010004252
ENSGALG00010004253	ENSGALG00010004253
ENSGALG00010004254	ENSGALG00010004254
RPS12	RPS12
ENSGALG00010004256	ENSGALG00010004256
ENSGALG00010004257	ENSGALG00010004257
ENSGALG00010004258	ENSGALG00010004258
ENSGALG00010004259	ENSGALG00010004259
ENSGALG00010004260	ENSGALG00010004260
ENSGALG00010004261	ENSGALG00010004261
ENSGALG00010004262	ENSGALG00010004262
ENSGALG00010004263	ENSGALG00010004263
ENSGALG00010004264	ENSGALG00010004264
PIP4K2A	PIP4K2A
ENSGALG00010004266	ENSGALG00010004266
ENSGALG00010004267	ENSGALG00010004267
ENSGALG00010004268	ENSGALG00010004268
ENSGALG00010004269	ENSGALG00010004269
ENSGALG00010004270	ENSGALG00010004270
ENSGALG00010004271	ENSGALG00010004271
ENSGALG00010004272	ENSGALG00010004272
ENSGALG00010004273	ENSGALG00010004273
ENSGALG00010004274	ENSGALG00010004274
ADARB2	ADARB2
ENSGALG00010004276	ENSGALG00010004276
ENSGALG00010004277	ENSGALG00010004277
ENSGALG00010004278	ENSGALG00010004278
ENSGALG00010004279	ENSGALG00010004279
ENSGALG00010004280	ENSGALG00010004280
VIM	VIM
ENSGALG00010004282	ENSGALG00010004282
DCK	DCK
ENSGALG00010004284	ENSGALG00010004284
SLC18B1	SLC18B1
ENSGALG00010004286	ENSGALG00010004286
ENSGALG00010004287	ENSGALG00010004287
ENSGALG00010004288	ENSGALG00010004288
ENSGALG00010004289	ENSGALG00010004289
ENSGALG00010004290	ENSGALG00010004290
ENSGALG00010004291	ENSGALG00010004291
ENSGALG00010004292	ENSGALG00010004292
ENSGALG00010004293	ENSGALG00010004293
ENSGALG00010004294	ENSGALG00010004294
ENSGALG00010004295	ENSGALG00010004295
DSG1	DSG1
SULF1	SULF1
ENSGALG00010004298	ENSGALG00010004298
ENSGALG00010004299	ENSGALG00010004299
VNN2	VNN2
ENSGALG00010004301	ENSGALG00010004301
CRPPA	CRPPA
ENSGALG00010004303	ENSGALG00010004303
ENSGALG00010004304	ENSGALG00010004304
ENSGALG00010004305	ENSGALG00010004305
PNISR	PNISR
NPC2	NPC2
DSG2	DSG2
MRPS28	MRPS28
ENSGALG00010004310	ENSGALG00010004310
ENSGALG00010004311	ENSGALG00010004311
PDLIM5	PDLIM5
ENSGALG00010004313	ENSGALG00010004313
ENSGALG00010004314	ENSGALG00010004314
ENSGALG00010004315	ENSGALG00010004315
ENSGALG00010004316	ENSGALG00010004316
ENSGALG00010004317	ENSGALG00010004317
ENSGALG00010004318	ENSGALG00010004318
TAAR1	TAAR1
ENSGALG00010004320	ENSGALG00010004320
ENSGALG00010004321	ENSGALG00010004321
TAAR5	TAAR5
TRDMT1	TRDMT1
ENSGALG00010004324	ENSGALG00010004324
LTBP2	LTBP2
ENSGALG00010004326	ENSGALG00010004326
ENSGALG00010004327	ENSGALG00010004327
ENSGALG00010004328	ENSGALG00010004328
COQ3	COQ3
STX7	STX7
ENSGALG00010004331	ENSGALG00010004331
ENSGALG00010004332	ENSGALG00010004332
DIO2	DIO2
ENSGALG00010004334	ENSGALG00010004334
ENSGALG00010004335	ENSGALG00010004335
ENSGALG00010004336	ENSGALG00010004336
BMPR1B	BMPR1B
ENSGALG00010004338	ENSGALG00010004338
B4GALT6	B4GALT6
SLC4A4	SLC4A4
ENSGALG00010004341	ENSGALG00010004341
ZNF438	ZNF438
ENSGALG00010004343	ENSGALG00010004343
SOSTDC1	SOSTDC1
FAXC	FAXC
CEP128	CEP128
OPN5L1	OPN5L1
ENSGALG00010004348	ENSGALG00010004348
ENSGALG00010004349	ENSGALG00010004349
MOXD1	MOXD1
ENSGALG00010004351	ENSGALG00010004351
CHMP2A	CHMP2A
ENSGALG00010004353	ENSGALG00010004353
ENSGALG00010004354	ENSGALG00010004354
ANKMY2	ANKMY2
TRAPPC8	TRAPPC8
ENSGALG00010004357	ENSGALG00010004357
GC	GC
APOV1	APOV1
ENSGALG00010004360	ENSGALG00010004360
NPFFR2	NPFFR2
FBXL4	FBXL4
ENSGALG00010004363	ENSGALG00010004363
TSHR	TSHR
TPD52	TPD52
UNC5C	UNC5C
TSPAN13	TSPAN13
GJD4	GJD4
UBE2M	UBE2M
ATP6V1H	ATP6V1H
ENSGALG00010004371	ENSGALG00010004371
SYNJ2	SYNJ2
MMS22L	MMS22L
ILDR1	ILDR1
ENSGALG00010004375	ENSGALG00010004375
ENSGALG00010004376	ENSGALG00010004376
AGR2	AGR2
TRIM28	TRIM28
ZBTB10	ZBTB10
ISCA2	ISCA2
ENSGALG00010004381	ENSGALG00010004381
ENSGALG00010004382	ENSGALG00010004382
ENSGALG00010004383	ENSGALG00010004383
ENSGALG00010004384	ENSGALG00010004384
ADAMTS3	ADAMTS3
CFAP44	CFAP44
ENSGALG00010004387	ENSGALG00010004387
ENSGALG00010004388	ENSGALG00010004388
ENSGALG00010004389	ENSGALG00010004389
PNLDC1	PNLDC1
AGR3	AGR3
GJA10	GJA10
ZBTB45	ZBTB45
CCNY	CCNY
BOC	BOC
ENSGALG00010004396	ENSGALG00010004396
ENSGALG00010004397	ENSGALG00010004397
COX18	COX18
POU3F2	POU3F2
ENSGALG00010004400	ENSGALG00010004400
ENSGALG00010004401	ENSGALG00010004401
ENSGALG00010004402	ENSGALG00010004402
ENSGALG00010004403	ENSGALG00010004403
RGS20	RGS20
ENSGALG00010004405	ENSGALG00010004405
ENSGALG00010004406	ENSGALG00010004406
ENSGALG00010004407	ENSGALG00010004407
SERAC1	SERAC1
ENSGALG00010004409	ENSGALG00010004409
ENSGALG00010004410	ENSGALG00010004410
ENSGALG00010004411	ENSGALG00010004411
ENSGALG00010004412	ENSGALG00010004412
ENSGALG00010004413	ENSGALG00010004413
ENSGALG00010004414	ENSGALG00010004414
ENSGALG00010004415	ENSGALG00010004415
STXBP6	STXBP6
ENSGALG00010004417	ENSGALG00010004417
ENSGALG00010004418	ENSGALG00010004418
ENSGALG00010004419	ENSGALG00010004419
ENSGALG00010004420	ENSGALG00010004420
RAP1GDS1	RAP1GDS1
ENSGALG00010004422	ENSGALG00010004422
ENSGALG00010004423	ENSGALG00010004423
MRPL18	MRPL18
CREM	CREM
ENSGALG00010004426	ENSGALG00010004426
ENSGALG00010004427	ENSGALG00010004427
ENSGALG00010004428	ENSGALG00010004428
ENSGALG00010004429	ENSGALG00010004429
TCEA1	TCEA1
ENSGALG00010004431	ENSGALG00010004431
ENSGALG00010004432	ENSGALG00010004432
AHR1A	AHR1A
TCP1	TCP1
ENSGALG00010004435	ENSGALG00010004435
NOVA1 - ENSGALG00010004436	NOVA1 - ENSGALG00010004436
ENSGALG00010004437	ENSGALG00010004437
ENSGALG00010004438	ENSGALG00010004438
ENSGALG00010004439	ENSGALG00010004439
GTF2H5	GTF2H5
ENSGALG00010004441	ENSGALG00010004441
ENSGALG00010004442	ENSGALG00010004442
ANKRD17	ANKRD17
ENSGALG00010004444	ENSGALG00010004444
EPHA6	EPHA6
ACAT2	ACAT2
ENSGALG00010004447	ENSGALG00010004447
ENSGALG00010004448	ENSGALG00010004448
ENSGALG00010004449	ENSGALG00010004449
ENSGALG00010004450	ENSGALG00010004450
CLDND1	CLDND1
ENSGALG00010004452	ENSGALG00010004452
ENSGALG00010004453	ENSGALG00010004453
SRI	SRI
ENSGALG00010004455	ENSGALG00010004455
ENSGALG00010004456	ENSGALG00010004456
AGA	AGA
ENSGALG00010004458	ENSGALG00010004458
ENSGALG00010004459	ENSGALG00010004459
ENSGALG00010004460	ENSGALG00010004460
ENSGALG00010004461	ENSGALG00010004461
ENSGALG00010004462	ENSGALG00010004462
ENSGALG00010004463	ENSGALG00010004463
ENSGALG00010004464	ENSGALG00010004464
ENSGALG00010004465	ENSGALG00010004465
ENSGALG00010004466	ENSGALG00010004466
ENSGALG00010004467	ENSGALG00010004467
LYPLA1	LYPLA1
ENSGALG00010004469	ENSGALG00010004469
ENSGALG00010004470	ENSGALG00010004470
C1H3ORF52	C1H3ORF52
NEIL3	NEIL3
JDP2	JDP2
ENSGALG00010004474	ENSGALG00010004474
ENSGALG00010004475	ENSGALG00010004475
ENSGALG00010004476	ENSGALG00010004476
TULP4	TULP4
ENSGALG00010004478	ENSGALG00010004478
ENSGALG00010004479	ENSGALG00010004479
ENSGALG00010004480	ENSGALG00010004480
ZNF704	ZNF704
ENSGALG00010004482	ENSGALG00010004482
STEAP4	STEAP4
CLDN23	CLDN23
ENSGALG00010004485	ENSGALG00010004485
ENSGALG00010004486	ENSGALG00010004486
ABHD10	ABHD10
ENSGALG00010004488	ENSGALG00010004488
LIG1	LIG1
ENSGALG00010004490	ENSGALG00010004490
ENSGALG00010004491	ENSGALG00010004491
ENSGALG00010004492	ENSGALG00010004492
ENSGALG00010004493	ENSGALG00010004493
WTAP	WTAP
MRPL15	MRPL15
ENSGALG00010004496	ENSGALG00010004496
ENSGALG00010004497	ENSGALG00010004497
ENSGALG00010004498	ENSGALG00010004498
ENSGALG00010004499	ENSGALG00010004499
ENSGALG00010004500	ENSGALG00010004500
TAGLN3	TAGLN3
ENSGALG00010004502	ENSGALG00010004502
SOX17	SOX17
ZNF804B	ZNF804B
ENSGALG00010004505	ENSGALG00010004505
ENSGALG00010004506	ENSGALG00010004506
CUL2	CUL2
ENSGALG00010004508	ENSGALG00010004508
ENSGALG00010004509	ENSGALG00010004509
ENSGALG00010004510	ENSGALG00010004510
ENSGALG00010004511	ENSGALG00010004511
ENSGALG00010004512	ENSGALG00010004512
ENSGALG00010004513	ENSGALG00010004513
ENSGALG00010004514	ENSGALG00010004514
ENSGALG00010004515	ENSGALG00010004515
sox17	sox17
ENSGALG00010004517	ENSGALG00010004517
ENSGALG00010004518	ENSGALG00010004518
ENSGALG00010004519	ENSGALG00010004519
ENSGALG00010004520	ENSGALG00010004520
ENSGALG00010004521	ENSGALG00010004521
TSPAN5	TSPAN5
ENSGALG00010004523	ENSGALG00010004523
ENSGALG00010004524	ENSGALG00010004524
ENSGALG00010004525	ENSGALG00010004525
ENSGALG00010004526	ENSGALG00010004526
ENSGALG00010004527	ENSGALG00010004527
ENSGALG00010004528	ENSGALG00010004528
ENSGALG00010004529	ENSGALG00010004529
ENSGALG00010004530	ENSGALG00010004530
ENSGALG00010004531	ENSGALG00010004531
ENSGALG00010004532	ENSGALG00010004532
PAG1	PAG1
CUBN	CUBN
ENSGALG00010004535	ENSGALG00010004535
ENSGALG00010004536	ENSGALG00010004536
ENSGALG00010004537	ENSGALG00010004537
ENSGALG00010004538	ENSGALG00010004538
ENSGALG00010004539	ENSGALG00010004539
ENSGALG00010004540	ENSGALG00010004540
ENSGALG00010004541	ENSGALG00010004541
ERMARD	ERMARD
ENSGALG00010004543	ENSGALG00010004543
ENSGALG00010004544	ENSGALG00010004544
TMPRSS7	TMPRSS7
ENSGALG00010004546	ENSGALG00010004546
ENSGALG00010004547	ENSGALG00010004547
ENSGALG00010004548	ENSGALG00010004548
ENSGALG00010004549	ENSGALG00010004549
ENSGALG00010004550	ENSGALG00010004550
ENSGALG00010004551	ENSGALG00010004551
ENSGALG00010004552	ENSGALG00010004552
BATF	BATF
ENSGALG00010004554	ENSGALG00010004554
ENSGALG00010004555	ENSGALG00010004555
ENSGALG00010004556	ENSGALG00010004556
ENSGALG00010004557	ENSGALG00010004557
ENSGALG00010004558	ENSGALG00010004558
ENSGALG00010004559	ENSGALG00010004559
ENSGALG00010004560	ENSGALG00010004560
ENSGALG00010004561	ENSGALG00010004561
ENSGALG00010004562	ENSGALG00010004562
ENSGALG00010004563	ENSGALG00010004563
ENSGALG00010004564	ENSGALG00010004564
ENSGALG00010004565	ENSGALG00010004565
ENSGALG00010004566	ENSGALG00010004566
ENSGALG00010004567	ENSGALG00010004567
RSU1	RSU1
ENSGALG00010004569	ENSGALG00010004569
ENSGALG00010004570	ENSGALG00010004570
ENSGALG00010004571	ENSGALG00010004571
ENSGALG00010004572	ENSGALG00010004572
ENSGALG00010004573	ENSGALG00010004573
ENSGALG00010004574	ENSGALG00010004574
ENSGALG00010004575	ENSGALG00010004575
STEAP2	STEAP2
ZPLD1	ZPLD1
ENSGALG00010004578	ENSGALG00010004578
ENSGALG00010004579	ENSGALG00010004579
ENSGALG00010004580	ENSGALG00010004580
ENSGALG00010004581	ENSGALG00010004581
ENSGALG00010004582	ENSGALG00010004582
XKR4	XKR4
ENSGALG00010004584	ENSGALG00010004584
ENSGALG00010004585	ENSGALG00010004585
ENSGALG00010004586	ENSGALG00010004586
ENSGALG00010004587	ENSGALG00010004587
MINDY3	MINDY3
CDX2	CDX2
ENSGALG00010004590	ENSGALG00010004590
RRS1	RRS1
ENSGALG00010004592	ENSGALG00010004592
ENSGALG00010004593	ENSGALG00010004593
ENSGALG00010004594	ENSGALG00010004594
ENSGALG00010004595	ENSGALG00010004595
ENSGALG00010004596	ENSGALG00010004596
ENSGALG00010004597	ENSGALG00010004597
ENSGALG00010004598	ENSGALG00010004598
ENSGALG00010004599	ENSGALG00010004599
ENSGALG00010004600	ENSGALG00010004600
ENSGALG00010004601	ENSGALG00010004601
DYNLT2	DYNLT2
ENSGALG00010004603	ENSGALG00010004603
ENSGALG00010004604	ENSGALG00010004604
ENSGALG00010004605	ENSGALG00010004605
ENSGALG00010004606	ENSGALG00010004606
ENSGALG00010004607	ENSGALG00010004607
ENSGALG00010004608	ENSGALG00010004608
CFAP69	CFAP69
TGS1	TGS1
ENSGALG00010004611	ENSGALG00010004611
ENSGALG00010004612	ENSGALG00010004612
GSX1	GSX1
ENSGALG00010004614	ENSGALG00010004614
ENSGALG00010004615	ENSGALG00010004615
ENSGALG00010004616	ENSGALG00010004616
ENSGALG00010004617	ENSGALG00010004617
FAM237B	FAM237B
ENSGALG00010004619	ENSGALG00010004619
ENSGALG00010004620	ENSGALG00010004620
ENSGALG00010004621	ENSGALG00010004621
ENSGALG00010004622	ENSGALG00010004622
MBIP	MBIP
PHF10	PHF10
ENSGALG00010004625	ENSGALG00010004625
ENSGALG00010004626	ENSGALG00010004626
ENSGALG00010004627	ENSGALG00010004627
ENSGALG00010004628	ENSGALG00010004628
ENSGALG00010004629	ENSGALG00010004629
ENSGALG00010004630	ENSGALG00010004630
ENSGALG00010004631	ENSGALG00010004631
ENSGALG00010004632	ENSGALG00010004632
ENSGALG00010004633	ENSGALG00010004633
ENSGALG00010004634	ENSGALG00010004634
ENSGALG00010004635	ENSGALG00010004635
ENSGALG00010004636	ENSGALG00010004636
ENSGALG00010004637	ENSGALG00010004637
ENSGALG00010004638	ENSGALG00010004638
HBS1L	HBS1L
ENSGALG00010004640	ENSGALG00010004640
METAP1	METAP1
ENSGALG00010004642	ENSGALG00010004642
ENSGALG00010004643	ENSGALG00010004643
ENSGALG00010004644	ENSGALG00010004644
ENSGALG00010004645	ENSGALG00010004645
ENSGALG00010004646	ENSGALG00010004646
ENSGALG00010004647	ENSGALG00010004647
ENSGALG00010004648	ENSGALG00010004648
ENSGALG00010004649	ENSGALG00010004649
GTPBP10	GTPBP10
ENSGALG00010004651	ENSGALG00010004651
ENSGALG00010004652	ENSGALG00010004652
ENSGALG00010004653	ENSGALG00010004653
NKX2-1	NKX2-1
ENSGALG00010004655	ENSGALG00010004655
ENSGALG00010004656	ENSGALG00010004656
ENSGALG00010004657	ENSGALG00010004657
ENSGALG00010004658	ENSGALG00010004658
ENSGALG00010004659	ENSGALG00010004659
ENSGALG00010004660	ENSGALG00010004660
ENSGALG00010004661	ENSGALG00010004661
ENSGALG00010004662	ENSGALG00010004662
ENSGALG00010004663	ENSGALG00010004663
ENSGALG00010004664	ENSGALG00010004664
ENSGALG00010004665	ENSGALG00010004665
C6orf120	C6orf120
ENSGALG00010004667	ENSGALG00010004667
ENSGALG00010004668	ENSGALG00010004668
ELMOD1	ELMOD1
ENSGALG00010004670	ENSGALG00010004670
ENSGALG00010004671	ENSGALG00010004671
ENSGALG00010004672	ENSGALG00010004672
RAB18	RAB18
SNORA31	SNORA31
ENSGALG00010004675	ENSGALG00010004675
5S_rRNA - ENSGALG00010004676	5S_rRNA - ENSGALG00010004676
ENSGALG00010004677	ENSGALG00010004677
gga-mir-15a	gga-mir-15a
ENSGALG00010004679	ENSGALG00010004679
ENSGALG00010004680	ENSGALG00010004680
ENSGALG00010004681	ENSGALG00010004681
gga-mir-16-1	gga-mir-16-1
ENSGALG00010004683	ENSGALG00010004683
ENSGALG00010004684	ENSGALG00010004684
ENSGALG00010004685	ENSGALG00010004685
ENSGALG00010004686	ENSGALG00010004686
gga-mir-6555	gga-mir-6555
ENSGALG00010004688	ENSGALG00010004688
BBX	BBX
gga-mir-12214	gga-mir-12214
ENSGALG00010004691	ENSGALG00010004691
ENSGALG00010004692	ENSGALG00010004692
ENSGALG00010004693	ENSGALG00010004693
ENSGALG00010004694	ENSGALG00010004694
ENSGALG00010004695	ENSGALG00010004695
ENSGALG00010004696	ENSGALG00010004696
ENSGALG00010004697	ENSGALG00010004697
ENSGALG00010004698	ENSGALG00010004698
ENSGALG00010004699	ENSGALG00010004699
ENSGALG00010004700	ENSGALG00010004700
ENSGALG00010004701	ENSGALG00010004701
ENSGALG00010004702	ENSGALG00010004702
ENSGALG00010004703	ENSGALG00010004703
ENSGALG00010004704	ENSGALG00010004704
ENSGALG00010004705	ENSGALG00010004705
ENSGALG00010004706	ENSGALG00010004706
OTUD1	OTUD1
ENSGALG00010004708	ENSGALG00010004708
ENSGALG00010004709	ENSGALG00010004709
ENSGALG00010004710	ENSGALG00010004710
ENSGALG00010004711	ENSGALG00010004711
ENSGALG00010004712	ENSGALG00010004712
ENSGALG00010004713	ENSGALG00010004713
ENSGALG00010004714	ENSGALG00010004714
WDR27	WDR27
ADH6	ADH6
ALKBH8	ALKBH8
ENSGALG00010004718	ENSGALG00010004718
ENSGALG00010004719	ENSGALG00010004719
ENSGALG00010004720	ENSGALG00010004720
LAMA2	LAMA2
C1QL3	C1QL3
ENSGALG00010004723	ENSGALG00010004723
ENSGALG00010004724	ENSGALG00010004724
ENSGALG00010004725	ENSGALG00010004725
ENSGALG00010004726	ENSGALG00010004726
ENSGALG00010004727	ENSGALG00010004727
ENSGALG00010004728	ENSGALG00010004728
ENSGALG00010004729	ENSGALG00010004729
CLDN12	CLDN12
ENSGALG00010004731	ENSGALG00010004731
ENSGALG00010004732	ENSGALG00010004732
ENSGALG00010004733	ENSGALG00010004733
ENSGALG00010004734	ENSGALG00010004734
ENSGALG00010004735	ENSGALG00010004735
CD47	CD47
ENSGALG00010004737	ENSGALG00010004737
ENSGALG00010004738	ENSGALG00010004738
ENSGALG00010004739	ENSGALG00010004739
ENSGALG00010004740	ENSGALG00010004740
ENSGALG00010004741	ENSGALG00010004741
ENSGALG00010004742	ENSGALG00010004742
ENSGALG00010004743	ENSGALG00010004743
ENSGALG00010004744	ENSGALG00010004744
ENSGALG00010004745	ENSGALG00010004745
LYN	LYN
ENSGALG00010004747	ENSGALG00010004747
ENSGALG00010004748	ENSGALG00010004748
ENSGALG00010004749	ENSGALG00010004749
ENSGALG00010004750	ENSGALG00010004750
PTER	PTER
ENSGALG00010004752	ENSGALG00010004752
ENSGALG00010004753	ENSGALG00010004753
ENSGALG00010004754	ENSGALG00010004754
PAX9	PAX9
ENSGALG00010004756	ENSGALG00010004756
TRMT10A	TRMT10A
FLT3	FLT3
ENSGALG00010004759	ENSGALG00010004759
THBS2	THBS2
ENSGALG00010004761	ENSGALG00010004761
IFT57	IFT57
ENSGALG00010004763	ENSGALG00010004763
ENSGALG00010004764	ENSGALG00010004764
ENSGALG00010004765	ENSGALG00010004765
ENSGALG00010004766	ENSGALG00010004766
ENSGALG00010004767	ENSGALG00010004767
ENSGALG00010004768	ENSGALG00010004768
HTR2A	HTR2A
ENSGALG00010004770	ENSGALG00010004770
ENSGALG00010004771	ENSGALG00010004771
ENSGALG00010004772	ENSGALG00010004772
ENSGALG00010004773	ENSGALG00010004773
ENSGALG00010004774	ENSGALG00010004774
ENSGALG00010004775	ENSGALG00010004775
ENSGALG00010004776	ENSGALG00010004776
CDK14	CDK14
ENSGALG00010004778	ENSGALG00010004778
ENSGALG00010004779	ENSGALG00010004779
ENSGALG00010004780	ENSGALG00010004780
ENSGALG00010004781	ENSGALG00010004781
ENSGALG00010004782	ENSGALG00010004782
ENSGALG00010004783	ENSGALG00010004783
ENSGALG00010004784	ENSGALG00010004784
NKX2-8	NKX2-8
ENSGALG00010004786	ENSGALG00010004786
RIOK3	RIOK3
ENSGALG00010004788	ENSGALG00010004788
ENSGALG00010004789	ENSGALG00010004789
ENSGALG00010004790	ENSGALG00010004790
FZD1	FZD1
ENSGALG00010004792	ENSGALG00010004792
ENSGALG00010004793	ENSGALG00010004793
ENSGALG00010004794	ENSGALG00010004794
ENSGALG00010004795	ENSGALG00010004795
ENSGALG00010004796	ENSGALG00010004796
ENSGALG00010004797	ENSGALG00010004797
PTPRK	PTPRK
ENSGALG00010004799	ENSGALG00010004799
ZC3H12C	ZC3H12C
ENSGALG00010004801	ENSGALG00010004801
ENSGALG00010004802	ENSGALG00010004802
RMC1	RMC1
ENSGALG00010004804	ENSGALG00010004804
ENSGALG00010004805	ENSGALG00010004805
ENSGALG00010004806	ENSGALG00010004806
ENSGALG00010004807	ENSGALG00010004807
THEMIS	THEMIS
ENSGALG00010004809	ENSGALG00010004809
ENSGALG00010004810	ENSGALG00010004810
ENSGALG00010004811	ENSGALG00010004811
ENSGALG00010004812	ENSGALG00010004812
ENSGALG00010004813	ENSGALG00010004813
ENSGALG00010004814	ENSGALG00010004814
ENSGALG00010004815	ENSGALG00010004815
ENSGALG00010004816	ENSGALG00010004816
ENSGALG00010004817	ENSGALG00010004817
ENSGALG00010004818	ENSGALG00010004818
ENSGALG00010004819	ENSGALG00010004819
ENSGALG00010004820	ENSGALG00010004820
ENSGALG00010004821	ENSGALG00010004821
ENSGALG00010004822	ENSGALG00010004822
ENSGALG00010004823	ENSGALG00010004823
ATM	ATM
ENSGALG00010004825	ENSGALG00010004825
ENSGALG00010004826	ENSGALG00010004826
ENSGALG00010004827	ENSGALG00010004827
ENSGALG00010004828	ENSGALG00010004828
ENSGALG00010004829	ENSGALG00010004829
ENSGALG00010004830	ENSGALG00010004830
ENSGALG00010004831	ENSGALG00010004831
C6orf58	C6orf58
ENSGALG00010004833	ENSGALG00010004833
ENSGALG00010004834	ENSGALG00010004834
HHLA2	HHLA2
ENSGALG00010004836	ENSGALG00010004836
CENPC	CENPC
ENSGALG00010004838	ENSGALG00010004838
ENSGALG00010004839	ENSGALG00010004839
ENSGALG00010004840	ENSGALG00010004840
AKAP9	AKAP9
ENSGALG00010004842	ENSGALG00010004842
ENSGALG00010004843	ENSGALG00010004843
ENSGALG00010004844	ENSGALG00010004844
ENSGALG00010004845	ENSGALG00010004845
TTLL2	TTLL2
ENSGALG00010004847	ENSGALG00010004847
ENSGALG00010004848	ENSGALG00010004848
ENSGALG00010004849	ENSGALG00010004849
ENSGALG00010004850	ENSGALG00010004850
MTCL3	MTCL3
ENSGALG00010004852	ENSGALG00010004852
ENSGALG00010004853	ENSGALG00010004853
ENSGALG00010004854	ENSGALG00010004854
ZEB1	ZEB1
ENSGALG00010004856	ENSGALG00010004856
ENSGALG00010004857	ENSGALG00010004857
ENSGALG00010004858	ENSGALG00010004858
NPC1	NPC1
ENSGALG00010004860	ENSGALG00010004860
ENSGALG00010004861	ENSGALG00010004861
ENSGALG00010004862	ENSGALG00010004862
ENSGALG00010004863	ENSGALG00010004863
ENSGALG00010004864	ENSGALG00010004864
ENSGALG00010004865	ENSGALG00010004865
SLC25A21	SLC25A21
ENSGALG00010004867	ENSGALG00010004867
NPAT	NPAT
ENSGALG00010004869	ENSGALG00010004869
ENSGALG00010004870	ENSGALG00010004870
C11orf87	C11orf87
KIAA0408	KIAA0408
ENSGALG00010004873	ENSGALG00010004873
ENSGALG00010004874	ENSGALG00010004874
ENSGALG00010004875	ENSGALG00010004875
ENSGALG00010004876	ENSGALG00010004876
ENSGALG00010004877	ENSGALG00010004877
ENSGALG00010004878	ENSGALG00010004878
ENSGALG00010004879	ENSGALG00010004879
STAP1	STAP1
MIPOL1	MIPOL1
ENSGALG00010004882	ENSGALG00010004882
KRIT1	KRIT1
ENSGALG00010004884	ENSGALG00010004884
ENSGALG00010004885	ENSGALG00010004885
ENSGALG00010004886	ENSGALG00010004886
MYH15	MYH15
FOXA1	FOXA1
ENSGALG00010004889	ENSGALG00010004889
ACAT1	ACAT1
ANKIB1	ANKIB1
HEY2	HEY2
ENSGALG00010004893	ENSGALG00010004893
ENSGALG00010004894	ENSGALG00010004894
ENSGALG00010004895	ENSGALG00010004895
UBA6	UBA6
ENSGALG00010004897	ENSGALG00010004897
ENSGALG00010004898	ENSGALG00010004898
GATAD1	GATAD1
ENSGALG00010004900	ENSGALG00010004900
CUL5	CUL5
ANKRD29	ANKRD29
ENSGALG00010004903	ENSGALG00010004903
U6 - ENSGALG00010004904	U6 - ENSGALG00010004904
ENSGALG00010004905	ENSGALG00010004905
ENSGALG00010004906	ENSGALG00010004906
FRMD1	FRMD1
ENSGALG00010004908	ENSGALG00010004908
ENSGALG00010004909	ENSGALG00010004909
gga-mir-1451	gga-mir-1451
ENSGALG00010004911	ENSGALG00010004911
gga-mir-12262	gga-mir-12262
ENSGALG00010004913	ENSGALG00010004913
gga-mir-6670	gga-mir-6670
ENSGALG00010004915	ENSGALG00010004915
gga-mir-1677	gga-mir-1677
ENSGALG00010004917	ENSGALG00010004917
ENSGALG00010004918	ENSGALG00010004918
ENSGALG00010004919	ENSGALG00010004919
gga-mir-1686	gga-mir-1686
RRAGD	RRAGD
ENSGALG00010004922	ENSGALG00010004922
ENSGALG00010004923	ENSGALG00010004923
ENSGALG00010004924	ENSGALG00010004924
ENSGALG00010004925	ENSGALG00010004925
ENSGALG00010004926	ENSGALG00010004926
KIF25	KIF25
HDDC2	HDDC2
ENSGALG00010004929	ENSGALG00010004929
ENSGALG00010004930	ENSGALG00010004930
ENSGALG00010004931	ENSGALG00010004931
ENSGALG00010004932	ENSGALG00010004932
SPTLC2	SPTLC2
KIAA1524	KIAA1524
SVIL	SVIL
ENSGALG00010004936	ENSGALG00010004936
ENSGALG00010004937	ENSGALG00010004937
ENSGALG00010004938	ENSGALG00010004938
DDX10	DDX10
ENSGALG00010004940	ENSGALG00010004940
ENSGALG00010004941	ENSGALG00010004941
GABRR1	GABRR1
ENSGALG00010004943	ENSGALG00010004943
ALKBH1	ALKBH1
ENSGALG00010004945	ENSGALG00010004945
SH2D1B	SH2D1B
ENSGALG00010004947	ENSGALG00010004947
ENSGALG00010004948	ENSGALG00010004948
RAB39A	RAB39A
SLIRP	SLIRP
AFDN	AFDN
PEX1	PEX1
ENSGALG00010004953	ENSGALG00010004953
gga-mir-1751	gga-mir-1751
ENSGALG00010004955	ENSGALG00010004955
gga-mir-1804	gga-mir-1804
ENSGALG00010004957	ENSGALG00010004957
TPD52L1	TPD52L1
gga-mir-1776	gga-mir-1776
gga-mir-1730	gga-mir-1730
ENSGALG00010004961	ENSGALG00010004961
ENSGALG00010004962	ENSGALG00010004962
ENSGALG00010004963	ENSGALG00010004963
ENSGALG00010004964	ENSGALG00010004964
JCAD	JCAD
LAMA3	LAMA3
SLC35F2	SLC35F2
TRAT1	TRAT1
YTHDC1	YTHDC1
RBM48	RBM48
ENSGALG00010004971	ENSGALG00010004971
ENSGALG00010004972	ENSGALG00010004972
SLN	SLN
MTPAP	MTPAP
SNW1	SNW1
ENSGALG00010004976	ENSGALG00010004976
RNF217	RNF217
ENSGALG00010004978	ENSGALG00010004978
ENSGALG00010004979	ENSGALG00010004979
FNDC1	FNDC1
ENSGALG00010004981	ENSGALG00010004981
ENSGALG00010004982	ENSGALG00010004982
CLXN	CLXN
UGT2A1	UGT2A1
ENSGALG00010004985	ENSGALG00010004985
ENSGALG00010004986	ENSGALG00010004986
MAP3K8	MAP3K8
HJURP	HJURP
ENSGALG00010004989	ENSGALG00010004989
ENSGALG00010004990	ENSGALG00010004990
FAM133B	FAM133B
ENSGALG00010004992	ENSGALG00010004992
SULT1B	SULT1B
ENSGALG00010004994	ENSGALG00010004994
PIT54	PIT54
GPR158	GPR158
ENSGALG00010004997	ENSGALG00010004997
ENSGALG00010004998	ENSGALG00010004998
ADCK1	ADCK1
ENSGALG00010005000	ENSGALG00010005000
GUCA1C	GUCA1C
ENSGALG00010005002	ENSGALG00010005002
ENSGALG00010005003	ENSGALG00010005003
CDK6	CDK6
ENSGALG00010005005	ENSGALG00010005005
ENSGALG00010005006	ENSGALG00010005006
ENSGALG00010005007	ENSGALG00010005007
ENSGALG00010005008	ENSGALG00010005008
ENSGALG00010005009	ENSGALG00010005009
NKAIN2	NKAIN2
CD163L	CD163L
ENSGALG00010005012	ENSGALG00010005012
ENSGALG00010005013	ENSGALG00010005013
SULT1B1	SULT1B1
NRXN3	NRXN3
STX11	STX11
SULT1E1	SULT1E1
FERD3L	FERD3L
ENSGALG00010005019	ENSGALG00010005019
ENSGALG00010005020	ENSGALG00010005020
ENSGALG00010005021	ENSGALG00010005021
ENSGALG00010005022	ENSGALG00010005022
POGLUT3	POGLUT3
ENSGALG00010005024	ENSGALG00010005024
THOC1	THOC1
ENSGALG00010005026	ENSGALG00010005026
ENSGALG00010005027	ENSGALG00010005027
ENSGALG00010005028	ENSGALG00010005028
FAT4	FAT4
ENSGALG00010005030	ENSGALG00010005030
ENSGALG00010005031	ENSGALG00010005031
ENSGALG00010005032	ENSGALG00010005032
USP14	USP14
ENSGALG00010005034	ENSGALG00010005034
NECTIN3	NECTIN3
ENSGALG00010005036	ENSGALG00010005036
THNSL1	THNSL1
ENSGALG00010005038	ENSGALG00010005038
ENSGALG00010005039	ENSGALG00010005039
ENSGALG00010005040	ENSGALG00010005040
ENSGALG00010005041	ENSGALG00010005041
SLC46A3	SLC46A3
ENSGALG00010005043	ENSGALG00010005043
ENSGALG00010005044	ENSGALG00010005044
UTRN	UTRN
ENSGALG00010005046	ENSGALG00010005046
ENSGALG00010005047	ENSGALG00010005047
ROCK1	ROCK1
ENSGALG00010005049	ENSGALG00010005049
ENSGALG00010005050	ENSGALG00010005050
ENSGALG00010005051	ENSGALG00010005051
ENSGALG00010005052	ENSGALG00010005052
ENSGALG00010005053	ENSGALG00010005053
ENSGALG00010005054	ENSGALG00010005054
ENSGALG00010005055	ENSGALG00010005055
ENSGALG00010005056	ENSGALG00010005056
FLVCR2	FLVCR2
ENSGALG00010005058	ENSGALG00010005058
ENSGALG00010005059	ENSGALG00010005059
POMP	POMP
ENSGALG00010005061	ENSGALG00010005061
ENSGALG00010005062	ENSGALG00010005062
ENSGALG00010005063	ENSGALG00010005063
ENSGALG00010005064	ENSGALG00010005064
ENKUR	ENKUR
ENSGALG00010005066	ENSGALG00010005066
ENSGALG00010005067	ENSGALG00010005067
PLCXD2	PLCXD2
ENSGALG00010005069	ENSGALG00010005069
ALB	ALB
ENSGALG00010005071	ENSGALG00010005071
ENSGALG00010005072	ENSGALG00010005072
ENSGALG00010005073	ENSGALG00010005073
ENSGALG00010005074	ENSGALG00010005074
TRDN	TRDN
ENSGALG00010005076	ENSGALG00010005076
C5H14orf1	C5H14orf1
ENSGALG00010005078	ENSGALG00010005078
ENSGALG00010005079	ENSGALG00010005079
ENSGALG00010005080	ENSGALG00010005080
GREB1L	GREB1L
ENSGALG00010005082	ENSGALG00010005082
ENSGALG00010005083	ENSGALG00010005083
ENSGALG00010005084	ENSGALG00010005084
ENSGALG00010005085	ENSGALG00010005085
ENSGALG00010005086	ENSGALG00010005086
ENPP1	ENPP1
ENSGALG00010005088	ENSGALG00010005088
ENSGALG00010005089	ENSGALG00010005089
ENSGALG00010005090	ENSGALG00010005090
ENSGALG00010005091	ENSGALG00010005091
ESCO1	ESCO1
ENSGALG00010005093	ENSGALG00010005093
AFP	AFP
ENSGALG00010005095	ENSGALG00010005095
ENSGALG00010005096	ENSGALG00010005096
ENSGALG00010005097	ENSGALG00010005097
ENSGALG00010005098	ENSGALG00010005098
ENSGALG00010005099	ENSGALG00010005099
ENSGALG00010005100	ENSGALG00010005100
ENSGALG00010005101	ENSGALG00010005101
ENSGALG00010005102	ENSGALG00010005102
ENSGALG00010005103	ENSGALG00010005103
ENPP3	ENPP3
ENSGALG00010005105	ENSGALG00010005105
ENSGALG00010005106	ENSGALG00010005106
TTLL5	TTLL5
ENSGALG00010005108	ENSGALG00010005108
ABHD3	ABHD3
ENSGALG00010005110	ENSGALG00010005110
RASSF6	RASSF6
ENSGALG00010005112	ENSGALG00010005112
ENSGALG00010005113	ENSGALG00010005113
PHLDB2	PHLDB2
ENSGALG00010005115	ENSGALG00010005115
ENSGALG00010005116	ENSGALG00010005116
ENSGALG00010005117	ENSGALG00010005117
PRTFDC1	PRTFDC1
MIB1	MIB1
ENSGALG00010005120	ENSGALG00010005120
ENSGALG00010005121	ENSGALG00010005121
IL8L1	IL8L1
MTIF3	MTIF3
ENSGALG00010005124	ENSGALG00010005124
ENSGALG00010005125	ENSGALG00010005125
MED23	MED23
GATA6	GATA6
ENSGALG00010005128	ENSGALG00010005128
ENSGALG00010005129	ENSGALG00010005129
ENSGALG00010005130	ENSGALG00010005130
IL8L2	IL8L2
LNX2	LNX2
ENSGALG00010005133	ENSGALG00010005133
gga-mir-124c	gga-mir-124c
ENSGALG00010005135	ENSGALG00010005135
gga-mir-7456	gga-mir-7456
gga-mir-1557	gga-mir-1557
ENSGALG00010005138	ENSGALG00010005138
ENSGALG00010005139	ENSGALG00010005139
DCT	DCT
CCDC170	CCDC170
ENSGALG00010005142	ENSGALG00010005142
GTF3A	GTF3A
ENSGALG00010005144	ENSGALG00010005144
AKAP7	AKAP7
TGFB3	TGFB3
ENSGALG00010005147	ENSGALG00010005147
TTC39C	TTC39C
ENSGALG00010005149	ENSGALG00010005149
ALCAM	ALCAM
ENSGALG00010005151	ENSGALG00010005151
ENSGALG00010005152	ENSGALG00010005152
ENSGALG00010005153	ENSGALG00010005153
CWF19L2	CWF19L2
ENSGALG00010005155	ENSGALG00010005155
ENSGALG00010005156	ENSGALG00010005156
IMPA1	IMPA1
IFT43	IFT43
ARHGAP21	ARHGAP21
ENSGALG00010005160	ENSGALG00010005160
VMO1	VMO1
ENSGALG00010005162	ENSGALG00010005162
GPC6	GPC6
ENSGALG00010005164	ENSGALG00010005164
METTL21C	METTL21C
CBLB	CBLB
GUCY1A2	GUCY1A2
ENSGALG00010005168	ENSGALG00010005168
ENSGALG00010005169	ENSGALG00010005169
GPATCH2L	GPATCH2L
ENSGALG00010005171	ENSGALG00010005171
OSBPL1A	OSBPL1A
ENSGALG00010005173	ENSGALG00010005173
TPP2	TPP2
ENSGALG00010005175	ENSGALG00010005175
BAMBI	BAMBI
AASDHPPT	AASDHPPT
EPHA5	EPHA5
ENSGALG00010005179	ENSGALG00010005179
WAC	WAC
IMPACT	IMPACT
NEPRO	NEPRO
ENSGALG00010005183	ENSGALG00010005183
FGF14	FGF14
ENSGALG00010005185	ENSGALG00010005185
ESR1	ESR1
KBTBD3	KBTBD3
ENSGALG00010005188	ENSGALG00010005188
ENSGALG00010005189	ENSGALG00010005189
ENSGALG00010005190	ENSGALG00010005190
MSANTD4	MSANTD4
ENSGALG00010005192	ENSGALG00010005192
EPB41L2	EPB41L2
ENSGALG00010005194	ENSGALG00010005194
ENSGALG00010005195	ENSGALG00010005195
ENSGALG00010005196	ENSGALG00010005196
ENSGALG00010005197	ENSGALG00010005197
TRPC3	TRPC3
ENSGALG00010005199	ENSGALG00010005199
ENSGALG00010005200	ENSGALG00010005200
ENSGALG00010005201	ENSGALG00010005201
ENSGALG00010005202	ENSGALG00010005202
ENSGALG00010005203	ENSGALG00010005203
ITGBL1	ITGBL1
ENSGALG00010005205	ENSGALG00010005205
gga-mir-6601	gga-mir-6601
MIR489	MIR489
SSNA1	SSNA1
gga-mir-1650	gga-mir-1650
gga-mir-1685	gga-mir-1685
ESRRB	ESRRB
TAF13	TAF13
ENSGALG00010005213	ENSGALG00010005213
BBS7	BBS7
VASH1	VASH1
ENSGALG00010005216	ENSGALG00010005216
CCNA2	CCNA2
GTPBP8	GTPBP8
NALCN	NALCN
ANGEL1	ANGEL1
ENSGALG00010005221	ENSGALG00010005221
ABCB1 - ENSGALG00010005222	ABCB1 - ENSGALG00010005222
GRIA4	GRIA4
ENSGALG00010005224	ENSGALG00010005224
ENSGALG00010005225	ENSGALG00010005225
MYCT1	MYCT1
EXOSC9	EXOSC9
ZNF521	ZNF521
CIPC	CIPC
ENSGALG00010005230	ENSGALG00010005230
ENSGALG00010005231	ENSGALG00010005231
GATA3	GATA3
CD200R1B	CD200R1B
ENSGALG00010005234	ENSGALG00010005234
ZDHHC22	ZDHHC22
TMTC4	TMTC4
RAP2A	RAP2A
TMEM63C	TMEM63C
ENSGALG00010005239	ENSGALG00010005239
VIP	VIP
C4orf54	C4orf54
CCDC80	CCDC80
NGB	NGB
FBXO5	FBXO5
KIAA1217	KIAA1217
ENSGALG00010005246	ENSGALG00010005246
THAP8	THAP8
TMEM200A	TMEM200A
PDGFD	PDGFD
SLC35A5	SLC35A5
MTRF1L	MTRF1L
KLHL14	KLHL14
POMT2	POMT2
ENSGALG00010005254	ENSGALG00010005254
BZW2	BZW2
OPRM1	OPRM1
SAMD3	SAMD3
ITIH5	ITIH5
SLC27A2	SLC27A2
ANXA5	ANXA5
ATG3	ATG3
ENSGALG00010005262	ENSGALG00010005262
ENSGALG00010005263	ENSGALG00010005263
ITIH2	ITIH2
DYNC2H1	DYNC2H1
SLC19A2	SLC19A2
CYP51A1	CYP51A1
MTTP	MTTP
KIN	KIN
GSTZ1	GSTZ1
ENSGALG00010005271	ENSGALG00010005271
MBNL2	MBNL2
ENSGALG00010005273	ENSGALG00010005273
ENSGALG00010005274	ENSGALG00010005274
L3MBTL3	L3MBTL3
ENSGALG00010005276	ENSGALG00010005276
IPCEF1	IPCEF1
DAPP1	DAPP1
CCDC181	CCDC181
TMEM244	TMEM244
TMED8	TMED8
FLT1	FLT1
ATP5C1	ATP5C1
ENSGALG00010005284	ENSGALG00010005284
MPP7	MPP7
ENSGALG00010005286	ENSGALG00010005286
ENSGALG00010005287	ENSGALG00010005287
ENSGALG00010005288	ENSGALG00010005288
ENSGALG00010005289	ENSGALG00010005289
ENSGALG00010005290	ENSGALG00010005290
IFNGR1	IFNGR1
TAF3	TAF3
BLZF1	BLZF1
ENSGALG00010005294	ENSGALG00010005294
ENSGALG00010005295	ENSGALG00010005295
PAN3	PAN3
IL22RA2	IL22RA2
ENSGALG00010005298	ENSGALG00010005298
ODAD2	ODAD2
QRFPR	QRFPR
ENSGALG00010005301	ENSGALG00010005301
PSPC1	PSPC1
ENSGALG00010005303	ENSGALG00010005303
ENSGALG00010005304	ENSGALG00010005304
SCAF8	SCAF8
ENSGALG00010005306	ENSGALG00010005306
TIAM2	TIAM2
ENSGALG00010005308	ENSGALG00010005308
ASXL3	ASXL3
LAMTOR3	LAMTOR3
YME1L1	YME1L1
ENSGALG00010005312	ENSGALG00010005312
MPHOSPH8	MPHOSPH8
IL20RA	IL20RA
ENSGALG00010005315	ENSGALG00010005315
PARP4	PARP4
CHCHD3	CHCHD3
SLC35D3	SLC35D3
NOL4	NOL4
ENSGALG00010005320	ENSGALG00010005320
HS6ST3	HS6ST3
TFB1M	TFB1M
DNAJB14	DNAJB14
CENPJ	CENPJ
ENSGALG00010005325	ENSGALG00010005325
MASTL	MASTL
ENSGALG00010005327	ENSGALG00010005327
CLDN20	CLDN20
VIPAS39	VIPAS39
ENSGALG00010005330	ENSGALG00010005330
ENSGALG00010005331	ENSGALG00010005331
ENSGALG00010005332	ENSGALG00010005332
PLXNA4	PLXNA4
NME7	NME7
AHSA1	AHSA1
PEX7	PEX7
DCTN1	DCTN1
PCGF1	PCGF1
ENSGALG00010005339	ENSGALG00010005339
ENSGALG00010005340	ENSGALG00010005340
UGGT2	UGGT2
MAP3K5	MAP3K5
RNF17	RNF17
ENSGALG00010005344	ENSGALG00010005344
NOX3	NOX3
FBXO30	FBXO30
DOK1	DOK1
ENSGALG00010005348	ENSGALG00010005348
ACBD5	ACBD5
ENSGALG00010005350	ENSGALG00010005350
DTNA	DTNA
ENSGALG00010005352	ENSGALG00010005352
ENSGALG00010005353	ENSGALG00010005353
M1AP	M1AP
FDX1	FDX1
DNAJC3	DNAJC3
TNIP3	TNIP3
SHPRH	SHPRH
MEIS2	MEIS2
CAMK1D	CAMK1D
ENSGALG00010005361	ENSGALG00010005361
ATP1B1	ATP1B1
RDX	RDX
MAP7	MAP7
ENSGALG00010005365	ENSGALG00010005365
AUP1	AUP1
H2AFZ	H2AFZ
CCDC3	CCDC3
DPT	DPT
ENSGALG00010005370	ENSGALG00010005370
GRM1	GRM1
CDIN1	CDIN1
ENSGALG00010005373	ENSGALG00010005373
ENSGALG00010005374	ENSGALG00010005374
ENSGALG00010005375	ENSGALG00010005375
HTRA2	HTRA2
EMCN	EMCN
ENSGALG00010005378	ENSGALG00010005378
DZIP1	DZIP1
XCL1	XCL1
FGF9	FGF9
RAB32	RAB32
OPTN	OPTN
MAPRE2	MAPRE2
PDSS1	PDSS1
CPOX	CPOX
CLDN10	CLDN10
ENSGALG00010005388	ENSGALG00010005388
MCM10	MCM10
ENSGALG00010005390	ENSGALG00010005390
ADGB	ADGB
ENSGALG00010005392	ENSGALG00010005392
CHIR-A2	CHIR-A2
PHYH	PHYH
ENSGALG00010005395	ENSGALG00010005395
MICU2	MICU2
ENSGALG00010005397	ENSGALG00010005397
SEPHS1	SEPHS1
NDNF	NDNF
ENSGALG00010005400	ENSGALG00010005400
BCLAF1	BCLAF1
ABCC4	ABCC4
ENSGALG00010005403	ENSGALG00010005403
BEND7	BEND7
CEBPD	CEBPD
FFAR2L	FFAR2L
DPH6	DPH6
APBB1IP	APBB1IP
PRKCQ	PRKCQ
GR42L6	GR42L6
STXBP5	STXBP5
MTFR2	MTFR2
GAD2	GAD2
ENSGALG00010005414	ENSGALG00010005414
PRKDC	PRKDC
PPP3CA	PPP3CA
LOXL3	LOXL3
ENSGALG00010005418	ENSGALG00010005418
ENSGALG00010005419	ENSGALG00010005419
DHRS4	DHRS4
ENSGALG00010005421	ENSGALG00010005421
ENSGALG00010005422	ENSGALG00010005422
ST3GAL6	ST3GAL6
ENSGALG00010005424	ENSGALG00010005424
ELAPOR2	ELAPOR2
ENSGALG00010005426	ENSGALG00010005426
ENSGALG00010005427	ENSGALG00010005427
ZNF770	ZNF770
ZDHHC20	ZDHHC20
MCM4	MCM4
GRM3	GRM3
ENSGALG00010005432	ENSGALG00010005432
GPC5	GPC5
PRDM5	PRDM5
MAD2L1	MAD2L1
AQR	AQR
PDE7B	PDE7B
GPR180	GPR180
TBX19	TBX19
ENSGALG00010005440	ENSGALG00010005440
UBE2V2	UBE2V2
SASH1	SASH1
BANK1	BANK1
ACTC1	ACTC1
SFT2D2	SFT2D2
ENSGALG00010005446	ENSGALG00010005446
MYO3A	MYO3A
MRPL57	MRPL57
TIPRL	TIPRL
ENSGALG00010005450	ENSGALG00010005450
ENSGALG00010005451	ENSGALG00010005451
ENSGALG00010005452	ENSGALG00010005452
UST	UST
GPR161	GPR161
ENSGALG00010005455	ENSGALG00010005455
RPL7L1	RPL7L1
SEMA3D	SEMA3D
PRKD1	PRKD1
ZC3H12D	ZC3H12D
TGDS	TGDS
ENSGALG00010005461	ENSGALG00010005461
AHI1	AHI1
SKA3	SKA3
SLC39A8	SLC39A8
ENSGALG00010005465	ENSGALG00010005465
LATS2	LATS2
ENSGALG00010005467	ENSGALG00010005467
PPIL4	PPIL4
ENSGALG00010005469	ENSGALG00010005469
SEMA3A	SEMA3A
ENSGALG00010005471	ENSGALG00010005471
PFKP	PFKP
ENSGALG00010005473	ENSGALG00010005473
COL8A1	COL8A1
TMEM181	TMEM181
NFKB1	NFKB1
TMEM161B	TMEM161B
ENSGALG00010005478	ENSGALG00010005478
ENSGALG00010005479	ENSGALG00010005479
ENSGALG00010005480	ENSGALG00010005480
ENSGALG00010005481	ENSGALG00010005481
XPO4	XPO4
FFAR2L7	FFAR2L7
GINM1	GINM1
PITRM1	PITRM1
IRF5	IRF5
ENSGALG00010005487	ENSGALG00010005487
ENSGALG00010005488	ENSGALG00010005488
G2E3	G2E3
DCBLD2	DCBLD2
GGACT	GGACT
TNPO3	TNPO3
KLF6	KLF6
C8orf22	C8orf22
TXN	TXN
ENSGALG00010005496	ENSGALG00010005496
MKX	MKX
SMO	SMO
PDE5A	PDE5A
KATNA1	KATNA1
ENSGALG00010005501	ENSGALG00010005501
SCFD1	SCFD1
DYNLT1	DYNLT1
LATS1	LATS1
FABP2	FABP2
ENSGALG00010005506	ENSGALG00010005506
USP53	USP53
SS18	SS18
COCH	COCH
MYOZ2	MYOZ2
AHCYL2	AHCYL2
SMARCAD1	SMARCAD1
TMEM30CP	TMEM30CP
EEF1AKMT1	EEF1AKMT1
PCCA	PCCA
LARP4B	LARP4B
ENSGALG00010005517	ENSGALG00010005517
HPGDS	HPGDS
PTBP3	PTBP3
ZIC2	ZIC2
SYTL3	SYTL3
SYNPO2	SYNPO2
ENSGALG00010005523	ENSGALG00010005523
STRIP2	STRIP2
ZIC5	ZIC5
STRN3	STRN3
NUP43	NUP43
ENSGALG00010005528	ENSGALG00010005528
ENSGALG00010005529	ENSGALG00010005529
IL-17D	IL-17D
SUSD1	SUSD1
GTPBP4	GTPBP4
OPN4-1	OPN4-1
ENSGALG00010005534	ENSGALG00010005534
AP4S1	AP4S1
TAF4B	TAF4B
GRIN3A	GRIN3A
ENSGALG00010005538	ENSGALG00010005538
IFT88	IFT88
PCMT1	PCMT1
ENSGALG00010005541	ENSGALG00010005541
KCTD1	KCTD1
SEC24D	SEC24D
AQP4	AQP4
RPL34	RPL34
NRF1	NRF1
LRP11	LRP11
EZR	EZR
RNF20	RNF20
ENSGALG00010005550	ENSGALG00010005550
METTL14	METTL14
WDR37	WDR37
PPP1R14C	PPP1R14C
CRYL1	CRYL1
PRSS12	PRSS12
IYD	IYD
CMSS1	CMSS1
TAGAP	TAGAP
FILIP1L	FILIP1L
RSPH3	RSPH3
CLYBL	CLYBL
HECTD1	HECTD1
ENSGALG00010005563	ENSGALG00010005563
TM9SF2	TM9SF2
PGAP4	PGAP4
ENSGALG00010005566	ENSGALG00010005566
NDST3	NDST3
PLEKHG1	PLEKHG1
NEUROG2	NEUROG2
ENSGALG00010005570	ENSGALG00010005570
ENSGALG00010005571	ENSGALG00010005571
ENSGALG00010005572	ENSGALG00010005572
CHST9	CHST9
ENSGALG00010005574	ENSGALG00010005574
ENSGALG00010005575	ENSGALG00010005575
ENSGALG00010005576	ENSGALG00010005576
ENSGALG00010005577	ENSGALG00010005577
HEATR5A	HEATR5A
ENSGALG00010005579	ENSGALG00010005579
ENSGALG00010005580	ENSGALG00010005580
GR42L5	GR42L5
ENSGALG00010005582	ENSGALG00010005582
ALDOB	ALDOB
ENSGALG00010005584	ENSGALG00010005584
ENSGALG00010005585	ENSGALG00010005585
ENSGALG00010005586	ENSGALG00010005586
LEF1	LEF1
PLAGL1	PLAGL1
ENSGALG00010005589	ENSGALG00010005589
TBC1D23	TBC1D23
ENSGALG00010005591	ENSGALG00010005591
ENSGALG00010005592	ENSGALG00010005592
ENSGALG00010005593	ENSGALG00010005593
MRPL50	MRPL50
ENSGALG00010005595	ENSGALG00010005595
PARD3	PARD3
ENSGALG00010005597	ENSGALG00010005597
ENSGALG00010005598	ENSGALG00010005598
ENSGALG00010005599	ENSGALG00010005599
ENSGALG00010005600	ENSGALG00010005600
TMEM215	TMEM215
ZC2HC1B	ZC2HC1B
ENSGALG00010005603	ENSGALG00010005603
ENSGALG00010005604	ENSGALG00010005604
ENSGALG00010005605	ENSGALG00010005605
ENSGALG00010005606	ENSGALG00010005606
ENSGALG00010005607	ENSGALG00010005607
ENSGALG00010005608	ENSGALG00010005608
GJB6	GJB6
MTHFD1L	MTHFD1L
ENSGALG00010005611	ENSGALG00010005611
ENSGALG00010005612	ENSGALG00010005612
ENSGALG00010005613	ENSGALG00010005613
ENSGALG00010005614	ENSGALG00010005614
ENSGALG00010005615	ENSGALG00010005615
ENSGALG00010005616	ENSGALG00010005616
DTD2	DTD2
PHACTR2	PHACTR2
CELF2	CELF2
ENSGALG00010005620	ENSGALG00010005620
CDH2	CDH2
ENSGALG00010005622	ENSGALG00010005622
ENSGALG00010005623	ENSGALG00010005623
ENSGALG00010005624	ENSGALG00010005624
ENSGALG00010005625	ENSGALG00010005625
ENSGALG00010005626	ENSGALG00010005626
ENSGALG00010005627	ENSGALG00010005627
ENSGALG00010005628	ENSGALG00010005628
NRP1	NRP1
NIT2	NIT2
ENSGALG00010005631	ENSGALG00010005631
ITGB1	ITGB1
ENSGALG00010005633	ENSGALG00010005633
HADH	HADH
MOS	MOS
ENSGALG00010005636	ENSGALG00010005636
TOPORS	TOPORS
ENSGALG00010005638	ENSGALG00010005638
ENSGALG00010005639	ENSGALG00010005639
ENSGALG00010005640	ENSGALG00010005640
ENSGALG00010005641	ENSGALG00010005641
ENSGALG00010005642	ENSGALG00010005642
ENSGALG00010005643	ENSGALG00010005643
ENSGALG00010005644	ENSGALG00010005644
FUCA2	FUCA2
ENSGALG00010005646	ENSGALG00010005646
ENSGALG00010005647	ENSGALG00010005647
ENSGALG00010005648	ENSGALG00010005648
TOMM70	TOMM70
ENSGALG00010005650	ENSGALG00010005650
USP6NL	USP6NL
ENSGALG00010005652	ENSGALG00010005652
ENSGALG00010005653	ENSGALG00010005653
ENSGALG00010005654	ENSGALG00010005654
ENSGALG00010005655	ENSGALG00010005655
CYP2U1	CYP2U1
ENSGALG00010005657	ENSGALG00010005657
ENSGALG00010005658	ENSGALG00010005658
ENSGALG00010005659	ENSGALG00010005659
UBAC2	UBAC2
ENSGALG00010005661	ENSGALG00010005661
ENSGALG00010005662	ENSGALG00010005662
ENSGALG00010005663	ENSGALG00010005663
ENSGALG00010005664	ENSGALG00010005664
ENSGALG00010005665	ENSGALG00010005665
ENSGALG00010005666	ENSGALG00010005666
ENSGALG00010005667	ENSGALG00010005667
LNP1	LNP1
ENSGALG00010005669	ENSGALG00010005669
SGMS2	SGMS2
ENSGALG00010005671	ENSGALG00010005671
ENSGALG00010005672	ENSGALG00010005672
ENSGALG00010005673	ENSGALG00010005673
ENSGALG00010005674	ENSGALG00010005674
GJA3	GJA3
ENSGALG00010005676	ENSGALG00010005676
ENSGALG00010005677	ENSGALG00010005677
ENSGALG00010005678	ENSGALG00010005678
TMEM45B - ENSGALG00010005679	TMEM45B - ENSGALG00010005679
ENSGALG00010005680	ENSGALG00010005680
EPC1	EPC1
ENSGALG00010005682	ENSGALG00010005682
ENSGALG00010005683	ENSGALG00010005683
ENSGALG00010005684	ENSGALG00010005684
ENSGALG00010005685	ENSGALG00010005685
ENSGALG00010005686	ENSGALG00010005686
ENSGALG00010005687	ENSGALG00010005687
ENSGALG00010005688	ENSGALG00010005688
ENSGALG00010005689	ENSGALG00010005689
ENSGALG00010005690	ENSGALG00010005690
ENSGALG00010005691	ENSGALG00010005691
SEC24B	SEC24B
ENSGALG00010005693	ENSGALG00010005693
PEX3	PEX3
KIF5B	KIF5B
NUBPL	NUBPL
ENSGALG00010005697	ENSGALG00010005697
ADGRG7	ADGRG7
PRPF18	PRPF18
ENSGALG00010005700	ENSGALG00010005700
ENSGALG00010005701	ENSGALG00010005701
ENSGALG00010005702	ENSGALG00010005702
ENSGALG00010005703	ENSGALG00010005703
AKAP12	AKAP12
ECHDC3	ECHDC3
ENSGALG00010005706	ENSGALG00010005706
ENSGALG00010005707	ENSGALG00010005707
ENSGALG00010005708	ENSGALG00010005708
ENSGALG00010005709	ENSGALG00010005709
ENSGALG00010005710	ENSGALG00010005710
ENSGALG00010005711	ENSGALG00010005711
ADAT2	ADAT2
ENSGALG00010005713	ENSGALG00010005713
ARHGAP5	ARHGAP5
ENSGALG00010005715	ENSGALG00010005715
ZBTB2	ZBTB2
ENSGALG00010005717	ENSGALG00010005717
ENSGALG00010005718	ENSGALG00010005718
ENSGALG00010005719	ENSGALG00010005719
COL25A1	COL25A1
ENSGALG00010005721	ENSGALG00010005721
ENSGALG00010005722	ENSGALG00010005722
ENSGALG00010005723	ENSGALG00010005723
PROSER2	PROSER2
ENSGALG00010005725	ENSGALG00010005725
ENSGALG00010005726	ENSGALG00010005726
ENSGALG00010005727	ENSGALG00010005727
ENSGALG00010005728	ENSGALG00010005728
ENSGALG00010005729	ENSGALG00010005729
ENSGALG00010005730	ENSGALG00010005730
ENSGALG00010005731	ENSGALG00010005731
ENSGALG00010005732	ENSGALG00010005732
ENSGALG00010005733	ENSGALG00010005733
ENSGALG00010005734	ENSGALG00010005734
ENSGALG00010005735	ENSGALG00010005735
ENSGALG00010005736	ENSGALG00010005736
ENSGALG00010005737	ENSGALG00010005737
ELAVL2	ELAVL2
ENSGALG00010005739	ENSGALG00010005739
ENSGALG00010005740	ENSGALG00010005740
ENSGALG00010005741	ENSGALG00010005741
GPR183	GPR183
ETNPPL	ETNPPL
ENSGALG00010005744	ENSGALG00010005744
ENSGALG00010005745	ENSGALG00010005745
ENSGALG00010005746	ENSGALG00010005746
ENSGALG00010005747	ENSGALG00010005747
AIG1	AIG1
ENSGALG00010005749	ENSGALG00010005749
ENSGALG00010005750	ENSGALG00010005750
ENSGALG00010005751	ENSGALG00010005751
RMND1	RMND1
ENSGALG00010005753	ENSGALG00010005753
ENSGALG00010005754	ENSGALG00010005754
ZMYM2	ZMYM2
TET2	TET2
ARHGAP12	ARHGAP12
HIVEP2	HIVEP2
ENSGALG00010005759	ENSGALG00010005759
GPR18	GPR18
ENSGALG00010005761	ENSGALG00010005761
ENSGALG00010005762	ENSGALG00010005762
AKAP6	AKAP6
ENSGALG00010005764	ENSGALG00010005764
ENSGALG00010005765	ENSGALG00010005765
ENSGALG00010005766	ENSGALG00010005766
ENSGALG00010005767	ENSGALG00010005767
CXXC4	CXXC4
TFG	TFG
ENSGALG00010005770	ENSGALG00010005770
ENSGALG00010005771	ENSGALG00010005771
SVEP1	SVEP1
ENSGALG00010005773	ENSGALG00010005773
ENSGALG00010005774	ENSGALG00010005774
ENSGALG00010005775	ENSGALG00010005775
TACR3	TACR3
ENSGALG00010005777	ENSGALG00010005777
ENSGALG00010005778	ENSGALG00010005778
ARMT1	ARMT1
ENSGALG00010005780	ENSGALG00010005780
ENSGALG00010005781	ENSGALG00010005781
ENSGALG00010005782	ENSGALG00010005782
ENSGALG00010005783	ENSGALG00010005783
RASL11A	RASL11A
RPL21	RPL21
ENSGALG00010005786	ENSGALG00010005786
ENSGALG00010005787	ENSGALG00010005787
ENSGALG00010005788	ENSGALG00010005788
RNASET2	RNASET2
MUSK	MUSK
ENSGALG00010005791	ENSGALG00010005791
ADGRG6	ADGRG6
ENSGALG00010005793	ENSGALG00010005793
ENSGALG00010005794	ENSGALG00010005794
ENSGALG00010005795	ENSGALG00010005795
ENSGALG00010005796	ENSGALG00010005796
ENSGALG00010005797	ENSGALG00010005797
ENSGALG00010005798	ENSGALG00010005798
UFSP2	UFSP2
FRMD4A	FRMD4A
ENSGALG00010005801	ENSGALG00010005801
ENSGALG00010005802	ENSGALG00010005802
ENSGALG00010005803	ENSGALG00010005803
ENSGALG00010005804	ENSGALG00010005804
ENSGALG00010005805	ENSGALG00010005805
ENSGALG00010005806	ENSGALG00010005806
ENSGALG00010005807	ENSGALG00010005807
ENSGALG00010005808	ENSGALG00010005808
ENSGALG00010005809	ENSGALG00010005809
ENSGALG00010005810	ENSGALG00010005810
ENSGALG00010005811	ENSGALG00010005811
ENSGALG00010005812	ENSGALG00010005812
ENSGALG00010005813	ENSGALG00010005813
UPF2	UPF2
ENSGALG00010005815	ENSGALG00010005815
ENSGALG00010005816	ENSGALG00010005816
VTA1	VTA1
ENSGALG00010005818	ENSGALG00010005818
ENSGALG00010005819	ENSGALG00010005819
ENSGALG00010005820	ENSGALG00010005820
DOCK9	DOCK9
ENSGALG00010005822	ENSGALG00010005822
ENSGALG00010005823	ENSGALG00010005823
NMBR	NMBR
ENSGALG00010005825	ENSGALG00010005825
LRP2BP	LRP2BP
ENSGALG00010005827	ENSGALG00010005827
LPAR1	LPAR1
NPAS3	NPAS3
USP12	USP12
SEC61A2	SEC61A2
ENSGALG00010005832	ENSGALG00010005832
ENSGALG00010005833	ENSGALG00010005833
ENSGALG00010005834	ENSGALG00010005834
ENSGALG00010005835	ENSGALG00010005835
NEBL	NEBL
ENSGALG00010005837	ENSGALG00010005837
ENSGALG00010005838	ENSGALG00010005838
RPS6KA2	RPS6KA2
ENSGALG00010005840	ENSGALG00010005840
ENSGALG00010005841	ENSGALG00010005841
ENSGALG00010005842	ENSGALG00010005842
GPR12	GPR12
ENSGALG00010005844	ENSGALG00010005844
ENSGALG00010005845	ENSGALG00010005845
ENSGALG00010005846	ENSGALG00010005846
ENSGALG00010005847	ENSGALG00010005847
WASF3	WASF3
SNX25	SNX25
ENSGALG00010005850	ENSGALG00010005850
SLC15A1	SLC15A1
ENSGALG00010005852	ENSGALG00010005852
COMMD3	COMMD3
ENSGALG00010005854	ENSGALG00010005854
ENSGALG00010005855	ENSGALG00010005855
ENSGALG00010005856	ENSGALG00010005856
ENSGALG00010005857	ENSGALG00010005857
CFAP97	CFAP97
ENSGALG00010005859	ENSGALG00010005859
ABI3BP	ABI3BP
MPC1L	MPC1L
ENSGALG00010005862	ENSGALG00010005862
ENSGALG00010005863	ENSGALG00010005863
ENSGALG00010005864	ENSGALG00010005864
ENSGALG00010005865	ENSGALG00010005865
DNAJC1	DNAJC1
ENSGALG00010005867	ENSGALG00010005867
ENSGALG00010005868	ENSGALG00010005868
ENSGALG00010005869	ENSGALG00010005869
ENSGALG00010005870	ENSGALG00010005870
EGLN3	EGLN3
STK24	STK24
ENSGALG00010005873	ENSGALG00010005873
ENSGALG00010005874	ENSGALG00010005874
CDK8	CDK8
ENSGALG00010005876	ENSGALG00010005876
ENSGALG00010005877	ENSGALG00010005877
ENSGALG00010005878	ENSGALG00010005878
FAM107B	FAM107B
SLC25A4	SLC25A4
CORO2A	CORO2A
ENSGALG00010005882	ENSGALG00010005882
ENSGALG00010005883	ENSGALG00010005883
MYB	MYB
SLITRK5	SLITRK5
ENSGALG00010005886	ENSGALG00010005886
CCNH	CCNH
IMPG2	IMPG2
ENSGALG00010005889	ENSGALG00010005889
SNX32	SNX32
RNF6	RNF6
ENSGALG00010005892	ENSGALG00010005892
SFT2D1	SFT2D1
ENSGALG00010005894	ENSGALG00010005894
MLLT10	MLLT10
ENSGALG00010005896	ENSGALG00010005896
ENSGALG00010005897	ENSGALG00010005897
ENSGALG00010005898	ENSGALG00010005898
ENSGALG00010005899	ENSGALG00010005899
SPTSSA	SPTSSA
ENSGALG00010005901	ENSGALG00010005901
EAPP	EAPP
PRR18	PRR18
ENSGALG00010005904	ENSGALG00010005904
CITED2	CITED2
ENSGALG00010005906	ENSGALG00010005906
ENSGALG00010005907	ENSGALG00010005907
ENSGALG00010005908	ENSGALG00010005908
BRMS1L	BRMS1L
ENSGALG00010005910	ENSGALG00010005910
TBXT	TBXT
ENSGALG00010005912	ENSGALG00010005912
NFKBIA	NFKBIA
ENSGALG00010005914	ENSGALG00010005914
PAPSS1	PAPSS1
ENSGALG00010005916	ENSGALG00010005916
ENSGALG00010005917	ENSGALG00010005917
ENSGALG00010005918	ENSGALG00010005918
ENSGALG00010005919	ENSGALG00010005919
ENSGALG00010005920	ENSGALG00010005920
ENSGALG00010005921	ENSGALG00010005921
ENSGALG00010005922	ENSGALG00010005922
ENSGALG00010005923	ENSGALG00010005923
ENSGALG00010005924	ENSGALG00010005924
ENSGALG00010005925	ENSGALG00010005925
NUDT5	NUDT5
ENSGALG00010005927	ENSGALG00010005927
ENSGALG00010005928	ENSGALG00010005928
ENSGALG00010005929	ENSGALG00010005929
ENSGALG00010005930	ENSGALG00010005930
ENSGALG00010005931	ENSGALG00010005931
ENSGALG00010005932	ENSGALG00010005932
ENSGALG00010005933	ENSGALG00010005933
SLITRK6	SLITRK6
ATP8A2	ATP8A2
ENSGALG00010005936	ENSGALG00010005936
ENSGALG00010005937	ENSGALG00010005937
SNORA24B	SNORA24B
ENSGALG00010005939	ENSGALG00010005939
gga-mir-122b	gga-mir-122b
TXLNB	TXLNB
ENSGALG00010005942	ENSGALG00010005942
PROX2	PROX2
ENSGALG00010005944	ENSGALG00010005944
gga-mir-302b	gga-mir-302b
ENSGALG00010005946	ENSGALG00010005946
ENSGALG00010005947	ENSGALG00010005947
gga-mir-7466	gga-mir-7466
SLITRK1	SLITRK1
gga-mir-302c	gga-mir-302c
ENSGALG00010005951	ENSGALG00010005951
ENSGALG00010005952	ENSGALG00010005952
gga-mir-302d	gga-mir-302d
ENSGALG00010005954	ENSGALG00010005954
gga-mir-1679	gga-mir-1679
TXNL4B	TXNL4B
ENSGALG00010005957	ENSGALG00010005957
gga-mir-367	gga-mir-367
ENSGALG00010005959	ENSGALG00010005959
ENSGALG00010005960	ENSGALG00010005960
ENSGALG00010005961	ENSGALG00010005961
ENSGALG00010005962	ENSGALG00010005962
UGCG	UGCG
HSPA14	HSPA14
ENSGALG00010005965	ENSGALG00010005965
PLXDC2	PLXDC2
GJD2	GJD2
gga-mir-302a	gga-mir-302a
HECA	HECA
SHISA2	SHISA2
gga-mir-1811	gga-mir-1811
ENSGALG00010005972	ENSGALG00010005972
ENSGALG00010005973	ENSGALG00010005973
ENSGALG00010005974	ENSGALG00010005974
ABRACL	ABRACL
ENSGALG00010005976	ENSGALG00010005976
ENSGALG00010005977	ENSGALG00010005977
VPS16	VPS16
SUV39H2	SUV39H2
ENSGALG00010005980	ENSGALG00010005980
AREL1	AREL1
ENSGALG00010005982	ENSGALG00010005982
ENSGALG00010005983	ENSGALG00010005983
IDH3B	IDH3B
DKK2	DKK2
ENSGALG00010005986	ENSGALG00010005986
ENSGALG00010005987	ENSGALG00010005987
NUP58	NUP58
FCF1	FCF1
SLC2A12	SLC2A12
FARP1	FARP1
ENSGALG00010005992	ENSGALG00010005992
ENSGALG00010005993	ENSGALG00010005993
ENSGALG00010005994	ENSGALG00010005994
ENSGALG00010005995	ENSGALG00010005995
ENSGALG00010005996	ENSGALG00010005996
ENSGALG00010005997	ENSGALG00010005997
YLPM1	YLPM1
PDE10A	PDE10A
ENSGALG00010006000	ENSGALG00010006000
NOP56	NOP56
ENSGALG00010006002	ENSGALG00010006002
ENSGALG00010006003	ENSGALG00010006003
DCLRE1C	DCLRE1C
ENSGALG00010006005	ENSGALG00010006005
ENSGALG00010006006	ENSGALG00010006006
ENSGALG00010006007	ENSGALG00010006007
ENSGALG00010006008	ENSGALG00010006008
MALRD1	MALRD1
IPO5	IPO5
GIMD1	GIMD1
ENSGALG00010006012	ENSGALG00010006012
TRMT10C	TRMT10C
ENSGALG00010006014	ENSGALG00010006014
CDC123	CDC123
MTMR6	MTMR6
ENSGALG00010006017	ENSGALG00010006017
ENSGALG00010006018	ENSGALG00010006018
SLC10A2	SLC10A2
ENSGALG00010006020	ENSGALG00010006020
ENSGALG00010006021	ENSGALG00010006021
AFG2A	AFG2A
ENSGALG00010006023	ENSGALG00010006023
AMER2	AMER2
TNFAIP3	TNFAIP3
ENSGALG00010006026	ENSGALG00010006026
ENSGALG00010006027	ENSGALG00010006027
ARL5B	ARL5B
HSDL2	HSDL2
ENSGALG00010006030	ENSGALG00010006030
ERCC5	ERCC5
MEIG1	MEIG1
NSUN6	NSUN6
ENSGALG00010006034	ENSGALG00010006034
ADH1C	ADH1C
ENSGALG00010006036	ENSGALG00010006036
METTL21EP	METTL21EP
ENSGALG00010006038	ENSGALG00010006038
PCNP	PCNP
ENSGALG00010006040	ENSGALG00010006040
QKI	QKI
ENSGALG00010006042	ENSGALG00010006042
ENSGALG00010006043	ENSGALG00010006043
ENSGALG00010006044	ENSGALG00010006044
ENSGALG00010006045	ENSGALG00010006045
ENSGALG00010006046	ENSGALG00010006046
ZBTB11	ZBTB11
SNORD54	SNORD54
AIMP1	AIMP1
U6 - ENSGALG00010006050	U6 - ENSGALG00010006050
gga-mir-133a-1	gga-mir-133a-1
RALGAPA1	RALGAPA1
TMEM243	TMEM243
ENSGALG00010006054	ENSGALG00010006054
ENSGALG00010006055	ENSGALG00010006055
gga-mir-6707	gga-mir-6707
gga-mir-1a-2	gga-mir-1a-2
ENSGALG00010006058	ENSGALG00010006058
BIVM	BIVM
ENSGALG00010006060	ENSGALG00010006060
RPL24	RPL24
ENSGALG00010006062	ENSGALG00010006062
KDELC1	KDELC1
DMTF1	DMTF1
WDR54	WDR54
ARHGAP18	ARHGAP18
ENSGALG00010006067	ENSGALG00010006067
PACRG	PACRG
TTR	TTR
TMEM242	TMEM242
TEX30	TEX30
ENSGALG00010006072	ENSGALG00010006072
CEP97	CEP97
ENSGALG00010006074	ENSGALG00010006074
SOX21	SOX21
PODXL	PODXL
TBCK	TBCK
SPATA13	SPATA13
ENSGALG00010006079	ENSGALG00010006079
ENSGALG00010006080	ENSGALG00010006080
ZDHHC14	ZDHHC14
ENSGALG00010006082	ENSGALG00010006082
CACNB2	CACNB2
TMEM68	TMEM68
DLST	DLST
ENSGALG00010006086	ENSGALG00010006086
ENSGALG00010006087	ENSGALG00010006087
ENSGALG00010006088	ENSGALG00010006088
ENSGALG00010006089	ENSGALG00010006089
ENSGALG00010006090	ENSGALG00010006090
RTKN	RTKN
ENSGALG00010006092	ENSGALG00010006092
ENSGALG00010006093	ENSGALG00010006093
ENSGALG00010006094	ENSGALG00010006094
ENSGALG00010006095	ENSGALG00010006095
EDIL3	EDIL3
ENSGALG00010006097	ENSGALG00010006097
ENSGALG00010006098	ENSGALG00010006098
ENSGALG00010006099	ENSGALG00010006099
RPS6KL1	RPS6KL1
ENSGALG00010006101	ENSGALG00010006101
ENSGALG00010006102	ENSGALG00010006102
NXPE3	NXPE3
SLC39A12	SLC39A12
ENSGALG00010006105	ENSGALG00010006105
SHOC1	SHOC1
PGF	PGF
MKLN1	MKLN1
ENSGALG00010006109	ENSGALG00010006109
ENSGALG00010006110	ENSGALG00010006110
WBP1	WBP1
ENSGALG00010006112	ENSGALG00010006112
EIF2B2	EIF2B2
ENSGALG00010006114	ENSGALG00010006114
ENSGALG00010006115	ENSGALG00010006115
ENSGALG00010006116	ENSGALG00010006116
ENSGALG00010006117	ENSGALG00010006117
NPNT	NPNT
ENSGALG00010006119	ENSGALG00010006119
MOGS	MOGS
ATP6AP1L	ATP6AP1L
ENSGALG00010006122	ENSGALG00010006122
MLH3	MLH3
ENSGALG00010006124	ENSGALG00010006124
ENSGALG00010006125	ENSGALG00010006125
ENSGALG00010006126	ENSGALG00010006126
ENSGALG00010006127	ENSGALG00010006127
ACYP1	ACYP1
ENSGALG00010006129	ENSGALG00010006129
ENSGALG00010006130	ENSGALG00010006130
ENSGALG00010006131	ENSGALG00010006131
MIPEP	MIPEP
ENSGALG00010006133	ENSGALG00010006133
K123	K123
ZC2HC1C	ZC2HC1C
ENSGALG00010006136	ENSGALG00010006136
ENSGALG00010006137	ENSGALG00010006137
ENSGALG00010006138	ENSGALG00010006138
GAREM1	GAREM1
ENSGALG00010006140	ENSGALG00010006140
ENSGALG00010006141	ENSGALG00010006141
ENSGALG00010006142	ENSGALG00010006142
ENSGALG00010006143	ENSGALG00010006143
ENSGALG00010006144	ENSGALG00010006144
ENSGALG00010006145	ENSGALG00010006145
CCDC142	CCDC142
ENSGALG00010006147	ENSGALG00010006147
ENSGALG00010006148	ENSGALG00010006148
ENSGALG00010006149	ENSGALG00010006149
ENSGALG00010006150	ENSGALG00010006150
ENSGALG00010006151	ENSGALG00010006151
ENSGALG00010006152	ENSGALG00010006152
ENSGALG00010006153	ENSGALG00010006153
ENSGALG00010006154	ENSGALG00010006154
TNFRSF19	TNFRSF19
NFKBIZ	NFKBIZ
SNX9	SNX9
ENSGALG00010006158	ENSGALG00010006158
ENSGALG00010006159	ENSGALG00010006159
ENSGALG00010006160	ENSGALG00010006160
ENSGALG00010006161	ENSGALG00010006161
ENSGALG00010006162	ENSGALG00010006162
ENSGALG00010006163	ENSGALG00010006163
ENSGALG00010006164	ENSGALG00010006164
ENSGALG00010006165	ENSGALG00010006165
ENSGALG00010006166	ENSGALG00010006166
ENSGALG00010006167	ENSGALG00010006167
ENSGALG00010006168	ENSGALG00010006168
ENSGALG00010006169	ENSGALG00010006169
ENSGALG00010006170	ENSGALG00010006170
ENSGALG00010006171	ENSGALG00010006171
ENSGALG00010006172	ENSGALG00010006172
TBPL1	TBPL1
ENSGALG00010006174	ENSGALG00010006174
IL2RA	IL2RA
MMR1L3	MMR1L3
NEK9	NEK9
RPS23	RPS23
ENSGALG00010006179	ENSGALG00010006179
CD200L	CD200L
ENSGALG00010006181	ENSGALG00010006181
ENSGALG00010006182	ENSGALG00010006182
PRKN	PRKN
LBX2	LBX2
ENSGALG00010006185	ENSGALG00010006185
CHIR-AB1	CHIR-AB1
TCF21	TCF21
TMED10	TMED10
ENSGALG00010006189	ENSGALG00010006189
ENSGALG00010006190	ENSGALG00010006190
ENSGALG00010006191	ENSGALG00010006191
ENSGALG00010006192	ENSGALG00010006192
RBM17	RBM17
ENSGALG00010006194	ENSGALG00010006194
ENSGALG00010006195	ENSGALG00010006195
ENSGALG00010006196	ENSGALG00010006196
ENSGALG00010006197	ENSGALG00010006197
ENSGALG00010006198	ENSGALG00010006198
ENSGALG00010006199	ENSGALG00010006199
GSTCD	GSTCD
SSTR1	SSTR1
SACS	SACS
MMR1L4	MMR1L4
ENSGALG00010006204	ENSGALG00010006204
CGGBP1	CGGBP1
ENSGALG00010006206	ENSGALG00010006206
ENSGALG00010006207	ENSGALG00010006207
ENSGALG00010006208	ENSGALG00010006208
ENSGALG00010006209	ENSGALG00010006209
ENSGALG00010006210	ENSGALG00010006210
ENSGALG00010006211	ENSGALG00010006211
FOS	FOS
ENSGALG00010006213	ENSGALG00010006213
ENSGALG00010006214	ENSGALG00010006214
ENSGALG00010006215	ENSGALG00010006215
ENSGALG00010006216	ENSGALG00010006216
ENSGALG00010006217	ENSGALG00010006217
ENSGALG00010006218	ENSGALG00010006218
CLEC14A	CLEC14A
SGCG	SGCG
ENSGALG00010006221	ENSGALG00010006221
ENSGALG00010006222	ENSGALG00010006222
ATG10	ATG10
ENSGALG00010006224	ENSGALG00010006224
ENSGALG00010006225	ENSGALG00010006225
SNORD57	SNORD57
AGPAT4	AGPAT4
ENSGALG00010006228	ENSGALG00010006228
INTS12	INTS12
ENSGALG00010006230	ENSGALG00010006230
VSX2	VSX2
ZNF654	ZNF654
gga-mir-12285	gga-mir-12285
ENSGALG00010006234	ENSGALG00010006234
ENSGALG00010006235	ENSGALG00010006235
C1H3ORF38	C1H3ORF38
ENSGALG00010006237	ENSGALG00010006237
ENSGALG00010006238	ENSGALG00010006238
EYA4	EYA4
ENSGALG00010006240	ENSGALG00010006240
MRC1	MRC1
ENSGALG00010006242	ENSGALG00010006242
ARHGEF38	ARHGEF38
EPHA3	EPHA3
PFKFB3	PFKFB3
SUPT20H	SUPT20H
ENSGALG00010006247	ENSGALG00010006247
ENSGALG00010006248	ENSGALG00010006248
C9orf72	C9orf72
ENSGALG00010006250	ENSGALG00010006250
SEMA3E	SEMA3E
COX7C	COX7C
ENSGALG00010006253	ENSGALG00010006253
PROS1	PROS1
ENSGALG00010006255	ENSGALG00010006255
ENSGALG00010006256	ENSGALG00010006256
ENSGALG00010006257	ENSGALG00010006257
ENSGALG00010006258	ENSGALG00010006258
PPA2	PPA2
MAP3K4	MAP3K4
PCLO	PCLO
ENSGALG00010006262	ENSGALG00010006262
EXOSC8	EXOSC8
ENSGALG00010006264	ENSGALG00010006264
ENSGALG00010006265	ENSGALG00010006265
CENPW	CENPW
ENSGALG00010006267	ENSGALG00010006267
ENSGALG00010006268	ENSGALG00010006268
ENSGALG00010006269	ENSGALG00010006269
STAM	STAM
ENSGALG00010006271	ENSGALG00010006271
ENSGALG00010006272	ENSGALG00010006272
ARL13B	ARL13B
ENSGALG00010006274	ENSGALG00010006274
ENSGALG00010006275	ENSGALG00010006275
ENSGALG00010006276	ENSGALG00010006276
GNG10	GNG10
ENSGALG00010006278	ENSGALG00010006278
HACD1	HACD1
VRTN	VRTN
TRMT11	TRMT11
ENSGALG00010006282	ENSGALG00010006282
DNAJC25	DNAJC25
ENSGALG00010006284	ENSGALG00010006284
FZD8	FZD8
ENSGALG00010006286	ENSGALG00010006286
ECPAS	ECPAS
ARF5	ARF5
SKIDA1	SKIDA1
ENSGALG00010006290	ENSGALG00010006290
ENSGALG00010006291	ENSGALG00010006291
ENSGALG00010006292	ENSGALG00010006292
SLC22A3	SLC22A3
ENSGALG00010006294	ENSGALG00010006294
ENSGALG00010006295	ENSGALG00010006295
ENSGALG00010006296	ENSGALG00010006296
ENSGALG00010006297	ENSGALG00010006297
ENSGALG00010006298	ENSGALG00010006298
ENSGALG00010006299	ENSGALG00010006299
GCC1	GCC1
ENSGALG00010006301	ENSGALG00010006301
ENSGALG00010006302	ENSGALG00010006302
ENSGALG00010006303	ENSGALG00010006303
ENSGALG00010006304	ENSGALG00010006304
ENSGALG00010006305	ENSGALG00010006305
ENSGALG00010006306	ENSGALG00010006306
ENSGALG00010006307	ENSGALG00010006307
ENSGALG00010006308	ENSGALG00010006308
ENSGALG00010006309	ENSGALG00010006309
ALG5	ALG5
ABCD4	ABCD4
U7 - ENSGALG00010006312	U7 - ENSGALG00010006312
gga-mir-19a	gga-mir-19a
ENSGALG00010006314	ENSGALG00010006314
gga-mir-92-1	gga-mir-92-1
ENSGALG00010006316	ENSGALG00010006316
ENSGALG00010006317	ENSGALG00010006317
ENSGALG00010006318	ENSGALG00010006318
ENSGALG00010006319	ENSGALG00010006319
gga-mir-18a	gga-mir-18a
gga-mir-19b	gga-mir-19b
gga-mir-17	gga-mir-17
ANAPC10	ANAPC10
gga-mir-20a	gga-mir-20a
gga-mir-2984	gga-mir-2984
ENSGALG00010006326	ENSGALG00010006326
DENND6B	DENND6B
SYNDIG1L	SYNDIG1L
ENSGALG00010006329	ENSGALG00010006329
STX19	STX19
SMAD9	SMAD9
ENSGALG00010006332	ENSGALG00010006332
ENSGALG00010006333	ENSGALG00010006333
ENSGALG00010006334	ENSGALG00010006334
ENSGALG00010006335	ENSGALG00010006335
ALDH8A1	ALDH8A1
ENSGALG00010006337	ENSGALG00010006337
ENSGALG00010006338	ENSGALG00010006338
ENSGALG00010006339	ENSGALG00010006339
ENSGALG00010006340	ENSGALG00010006340
HHIP	HHIP
RFXAP	RFXAP
SEC23A	SEC23A
HINT3	HINT3
SMC2	SMC2
NSUN3	NSUN3
PPP6R2	PPP6R2
ENSGALG00010006348	ENSGALG00010006348
ENSGALG00010006349	ENSGALG00010006349
ENSGALG00010006350	ENSGALG00010006350
IGF2R	IGF2R
GEMIN2	GEMIN2
ABCE1	ABCE1
ENSGALG00010006354	ENSGALG00010006354
PTGR1	PTGR1
ENSGALG00010006356	ENSGALG00010006356
ENSGALG00010006357	ENSGALG00010006357
ENSGALG00010006358	ENSGALG00010006358
SGK1	SGK1
ENSGALG00010006360	ENSGALG00010006360
SERTM1	SERTM1
ENSGALG00010006362	ENSGALG00010006362
TRAPPC6A	TRAPPC6A
ENSGALG00010006364	ENSGALG00010006364
TAAR2	TAAR2
CCNA1	CCNA1
ENSGALG00010006367	ENSGALG00010006367
MSH5	MSH5
ENSGALG00010006369	ENSGALG00010006369
ENSGALG00010006370	ENSGALG00010006370
ENSGALG00010006371	ENSGALG00010006371
SBF1	SBF1
ENSGALG00010006373	ENSGALG00010006373
OLIG3	OLIG3
ENSGALG00010006375	ENSGALG00010006375
ENSGALG00010006376	ENSGALG00010006376
ENSGALG00010006377	ENSGALG00010006377
CAAP1	CAAP1
ENSGALG00010006379	ENSGALG00010006379
ENSGALG00010006380	ENSGALG00010006380
SPART	SPART
PNN	PNN
ENSGALG00010006383	ENSGALG00010006383
ENSGALG00010006384	ENSGALG00010006384
ENSGALG00010006385	ENSGALG00010006385
ENSGALG00010006386	ENSGALG00010006386
OTUD4	OTUD4
ENSGALG00010006388	ENSGALG00010006388
ENSGALG00010006389	ENSGALG00010006389
ENSGALG00010006390	ENSGALG00010006390
ENSGALG00010006391	ENSGALG00010006391
ENSGALG00010006392	ENSGALG00010006392
ENSGALG00010006393	ENSGALG00010006393
ENSGALG00010006394	ENSGALG00010006394
ENSGALG00010006395	ENSGALG00010006395
ENSGALG00010006396	ENSGALG00010006396
ENSGALG00010006397	ENSGALG00010006397
ENSGALG00010006398	ENSGALG00010006398
ENSGALG00010006399	ENSGALG00010006399
ENSGALG00010006400	ENSGALG00010006400
ENSGALG00010006401	ENSGALG00010006401
ENSGALG00010006402	ENSGALG00010006402
ENSGALG00010006403	ENSGALG00010006403
SMAD1	SMAD1
ENSGALG00010006405	ENSGALG00010006405
ENSGALG00010006406	ENSGALG00010006406
ENSGALG00010006407	ENSGALG00010006407
ENSGALG00010006408	ENSGALG00010006408
ENSGALG00010006409	ENSGALG00010006409
ADM2	ADM2
RGS17	RGS17
ENSGALG00010006412	ENSGALG00010006412
ENSGALG00010006413	ENSGALG00010006413
ENSGALG00010006414	ENSGALG00010006414
ENSGALG00010006415	ENSGALG00010006415
ENSGALG00010006416	ENSGALG00010006416
ENSGALG00010006417	ENSGALG00010006417
ENSGALG00010006418	ENSGALG00010006418
ENSGALG00010006419	ENSGALG00010006419
ENSGALG00010006420	ENSGALG00010006420
LMF2	LMF2
ENSGALG00010006422	ENSGALG00010006422
ENSGALG00010006423	ENSGALG00010006423
ENSGALG00010006424	ENSGALG00010006424
ENSGALG00010006425	ENSGALG00010006425
ENSGALG00010006426	ENSGALG00010006426
ENSGALG00010006427	ENSGALG00010006427
ENSGALG00010006428	ENSGALG00010006428
ENSGALG00010006429	ENSGALG00010006429
ENSGALG00010006430	ENSGALG00010006430
ENSGALG00010006431	ENSGALG00010006431
ENSGALG00010006432	ENSGALG00010006432
ENSGALG00010006433	ENSGALG00010006433
MMAA	MMAA
ENSGALG00010006435	ENSGALG00010006435
ENSGALG00010006436	ENSGALG00010006436
ENSGALG00010006437	ENSGALG00010006437
ENSGALG00010006438	ENSGALG00010006438
ENSGALG00010006439	ENSGALG00010006439
ENSGALG00010006440	ENSGALG00010006440
ENSGALG00010006441	ENSGALG00010006441
ENSGALG00010006442	ENSGALG00010006442
ENSGALG00010006443	ENSGALG00010006443
ENSGALG00010006444	ENSGALG00010006444
ENSGALG00010006445	ENSGALG00010006445
LSAMP	LSAMP
ENSGALG00010006447	ENSGALG00010006447
MAS1	MAS1
ENSGALG00010006449	ENSGALG00010006449
ENSGALG00010006450	ENSGALG00010006450
ENSGALG00010006451	ENSGALG00010006451
ENSGALG00010006452	ENSGALG00010006452
ENSGALG00010006453	ENSGALG00010006453
SOD2	SOD2
ENSGALG00010006455	ENSGALG00010006455
ENSGALG00010006456	ENSGALG00010006456
NCAPH2	NCAPH2
ENSGALG00010006458	ENSGALG00010006458
ENSGALG00010006459	ENSGALG00010006459
ENSGALG00010006460	ENSGALG00010006460
ENSGALG00010006461	ENSGALG00010006461
ENSGALG00010006462	ENSGALG00010006462
SCO2	SCO2
ENSGALG00010006464	ENSGALG00010006464
PLAA	PLAA
ENSGALG00010006466	ENSGALG00010006466
ENSGALG00010006467	ENSGALG00010006467
ENSGALG00010006468	ENSGALG00010006468
ENSGALG00010006469	ENSGALG00010006469
ENSGALG00010006470	ENSGALG00010006470
ENSGALG00010006471	ENSGALG00010006471
DCLK1	DCLK1
ENSGALG00010006473	ENSGALG00010006473
ENSGALG00010006474	ENSGALG00010006474
ENSGALG00010006475	ENSGALG00010006475
ENSGALG00010006476	ENSGALG00010006476
ENSGALG00010006477	ENSGALG00010006477
ENSGALG00010006478	ENSGALG00010006478
ENSGALG00010006479	ENSGALG00010006479
IFT74	IFT74
ENSGALG00010006481	ENSGALG00010006481
ENSGALG00010006482	ENSGALG00010006482
ENSGALG00010006483	ENSGALG00010006483
ENSGALG00010006484	ENSGALG00010006484
ENSGALG00010006485	ENSGALG00010006485
FGFR1OP	FGFR1OP
ENSGALG00010006487	ENSGALG00010006487
ENSGALG00010006488	ENSGALG00010006488
ENSGALG00010006489	ENSGALG00010006489
ENSGALG00010006490	ENSGALG00010006490
ENSGALG00010006491	ENSGALG00010006491
GAP43	GAP43
ENSGALG00010006493	ENSGALG00010006493
ENSGALG00010006494	ENSGALG00010006494
ENSGALG00010006495	ENSGALG00010006495
UBE2H	UBE2H
ENSGALG00010006497	ENSGALG00010006497
ENSGALG00010006498	ENSGALG00010006498
CCR6	CCR6
ENSGALG00010006500	ENSGALG00010006500
ENSGALG00010006501	ENSGALG00010006501
ENSGALG00010006502	ENSGALG00010006502
LRRC19	LRRC19
ENSGALG00010006504	ENSGALG00010006504
ENSGALG00010006505	ENSGALG00010006505
ZNF827	ZNF827
ENSGALG00010006507	ENSGALG00010006507
ENSGALG00010006508	ENSGALG00010006508
ENSGALG00010006509	ENSGALG00010006509
ENSGALG00010006510	ENSGALG00010006510
ENSGALG00010006511	ENSGALG00010006511
ENSGALG00010006512	ENSGALG00010006512
ENSGALG00010006513	ENSGALG00010006513
ENSGALG00010006514	ENSGALG00010006514
FBXO33	FBXO33
NBEA	NBEA
ZBTB20	ZBTB20
ENSGALG00010006518	ENSGALG00010006518
ENSGALG00010006519	ENSGALG00010006519
ENSGALG00010006520	ENSGALG00010006520
ZNF410	ZNF410
ENSGALG00010006522	ENSGALG00010006522
ENSGALG00010006523	ENSGALG00010006523
TAB2	TAB2
ENSGALG00010006525	ENSGALG00010006525
LSM6	LSM6
ENSGALG00010006527	ENSGALG00010006527
ZC3HC1	ZC3HC1
ENSGALG00010006529	ENSGALG00010006529
REELD1	REELD1
FAM161B	FAM161B
KLHDC10	KLHDC10
ENSGALG00010006533	ENSGALG00010006533
ENSGALG00010006534	ENSGALG00010006534
ENSGALG00010006535	ENSGALG00010006535
ENSGALG00010006536	ENSGALG00010006536
DRD3	DRD3
TEK	TEK
ENSGALG00010006539	ENSGALG00010006539
ENSGALG00010006540	ENSGALG00010006540
ENSGALG00010006541	ENSGALG00010006541
RFC3	RFC3
ENSGALG00010006543	ENSGALG00010006543
MOB3B	MOB3B
ENSGALG00010006545	ENSGALG00010006545
SMOC2	SMOC2
ENSGALG00010006547	ENSGALG00010006547
TMEM209	TMEM209
ZDHHC23	ZDHHC23
ENSGALG00010006550	ENSGALG00010006550
ENSGALG00010006551	ENSGALG00010006551
CPA2	CPA2
ENSGALG00010006553	ENSGALG00010006553
ENSGALG00010006554	ENSGALG00010006554
ENSGALG00010006555	ENSGALG00010006555
ENSGALG00010006556	ENSGALG00010006556
COQ6	COQ6
USP10	USP10
ENSGALG00010006559	ENSGALG00010006559
ENSGALG00010006560	ENSGALG00010006560
ENSGALG00010006561	ENSGALG00010006561
ENSGALG00010006562	ENSGALG00010006562
ENSGALG00010006563	ENSGALG00010006563
SLC10A7	SLC10A7
ENSGALG00010006565	ENSGALG00010006565
CPA5	CPA5
ENSGALG00010006567	ENSGALG00010006567
ENTPD5	ENTPD5
ENSGALG00010006569	ENSGALG00010006569
SULT6B1L	SULT6B1L
ENSGALG00010006571	ENSGALG00010006571
POU4F2	POU4F2
ENSGALG00010006573	ENSGALG00010006573
CPA1	CPA1
SSBP2	SSBP2
CCDC191	CCDC191
ENSGALG00010006577	ENSGALG00010006577
ENSGALG00010006578	ENSGALG00010006578
ENSGALG00010006579	ENSGALG00010006579
ALDH6A1	ALDH6A1
CEP41	CEP41
ENSGALG00010006582	ENSGALG00010006582
ENSGALG00010006583	ENSGALG00010006583
ENSGALG00010006584	ENSGALG00010006584
TTC29	TTC29
ENSGALG00010006586	ENSGALG00010006586
ENSGALG00010006587	ENSGALG00010006587
ACOT12	ACOT12
ENSGALG00010006589	ENSGALG00010006589
ENSGALG00010006590	ENSGALG00010006590
ENSGALG00010006591	ENSGALG00010006591
STARD13	STARD13
ENSGALG00010006593	ENSGALG00010006593
ENSGALG00010006594	ENSGALG00010006594
ENSGALG00010006595	ENSGALG00010006595
ENSGALG00010006596	ENSGALG00010006596
ENSGALG00010006597	ENSGALG00010006597
ENSGALG00010006598	ENSGALG00010006598
ENSGALG00010006599	ENSGALG00010006599
ENSGALG00010006600	ENSGALG00010006600
ENSGALG00010006601	ENSGALG00010006601
EDNRA	EDNRA
MEST	MEST
ENSGALG00010006604	ENSGALG00010006604
ENSGALG00010006605	ENSGALG00010006605
SULT	SULT
ENSGALG00010006607	ENSGALG00010006607
KL	KL
ENSGALG00010006609	ENSGALG00010006609
ENSGALG00010006610	ENSGALG00010006610
ENSGALG00010006611	ENSGALG00010006611
ENSGALG00010006612	ENSGALG00010006612
ENSGALG00010006613	ENSGALG00010006613
TMEM184C	TMEM184C
GRAMD1C	GRAMD1C
COPG2	COPG2
ENSGALG00010006617	ENSGALG00010006617
ENSGALG00010006618	ENSGALG00010006618
LIN52	LIN52
ENSGALG00010006620	ENSGALG00010006620
DACT2	DACT2
ENSGALG00010006622	ENSGALG00010006622
ENSGALG00010006623	ENSGALG00010006623
ENSGALG00010006624	ENSGALG00010006624
ENSGALG00010006625	ENSGALG00010006625
ENSGALG00010006626	ENSGALG00010006626
SF3B5	SF3B5
ENSGALG00010006628	ENSGALG00010006628
ENSGALG00010006629	ENSGALG00010006629
ENSGALG00010006630	ENSGALG00010006630
ENSGALG00010006631	ENSGALG00010006631
ENSGALG00010006632	ENSGALG00010006632
FBXO18	FBXO18
PRMT9	PRMT9
ENSGALG00010006635	ENSGALG00010006635
ENSGALG00010006636	ENSGALG00010006636
ENSGALG00010006637	ENSGALG00010006637
ENSGALG00010006638	ENSGALG00010006638
ENSGALG00010006639	ENSGALG00010006639
gga-mir-12240	gga-mir-12240
PLA2G10L	PLA2G10L
ENSGALG00010006642	ENSGALG00010006642
gga-mir-1661	gga-mir-1661
ENSGALG00010006644	ENSGALG00010006644
gga-mir-6628	gga-mir-6628
ENSGALG00010006646	ENSGALG00010006646
ENSGALG00010006647	ENSGALG00010006647
ENSGALG00010006648	ENSGALG00010006648
GPR15	GPR15
ENSGALG00010006650	ENSGALG00010006650
ENSGALG00010006651	ENSGALG00010006651
ENSGALG00010006652	ENSGALG00010006652
CFL2	CFL2
ENSGALG00010006654	ENSGALG00010006654
ENSGALG00010006655	ENSGALG00010006655
ENSGALG00010006656	ENSGALG00010006656
PDS5B	PDS5B
ENSGALG00010006658	ENSGALG00010006658
ENSGALG00010006659	ENSGALG00010006659
ENSGALG00010006660	ENSGALG00010006660
ENSGALG00010006661	ENSGALG00010006661
ENSGALG00010006662	ENSGALG00010006662
ENSGALG00010006663	ENSGALG00010006663
ENSGALG00010006664	ENSGALG00010006664
ENSGALG00010006665	ENSGALG00010006665
ENSGALG00010006666	ENSGALG00010006666
ENSGALG00010006667	ENSGALG00010006667
ENSGALG00010006668	ENSGALG00010006668
ENSGALG00010006669	ENSGALG00010006669
ANKRD16	ANKRD16
ENSGALG00010006671	ENSGALG00010006671
ENSGALG00010006672	ENSGALG00010006672
BAZ1A	BAZ1A
ENSGALG00010006674	ENSGALG00010006674
ENSGALG00010006675	ENSGALG00010006675
ENSGALG00010006676	ENSGALG00010006676
ENSGALG00010006677	ENSGALG00010006677
ENSGALG00010006678	ENSGALG00010006678
ENSGALG00010006679	ENSGALG00010006679
ENSGALG00010006680	ENSGALG00010006680
CRISPLD2	CRISPLD2
ARHGAP10	ARHGAP10
ENSGALG00010006683	ENSGALG00010006683
ENSGALG00010006684	ENSGALG00010006684
ENSGALG00010006685	ENSGALG00010006685
ENSGALG00010006686	ENSGALG00010006686
ENSGALG00010006687	ENSGALG00010006687
ENSGALG00010006688	ENSGALG00010006688
ENSGALG00010006689	ENSGALG00010006689
ENSGALG00010006690	ENSGALG00010006690
ENSGALG00010006691	ENSGALG00010006691
ENSGALG00010006692	ENSGALG00010006692
ENSGALG00010006693	ENSGALG00010006693
ENSGALG00010006694	ENSGALG00010006694
ENSGALG00010006695	ENSGALG00010006695
ENSGALG00010006696	ENSGALG00010006696
ENSGALG00010006697	ENSGALG00010006697
ENSGALG00010006698	ENSGALG00010006698
ENSGALG00010006699	ENSGALG00010006699
ENSGALG00010006700	ENSGALG00010006700
LINGO2	LINGO2
ENSGALG00010006702	ENSGALG00010006702
ENSGALG00010006703	ENSGALG00010006703
ENSGALG00010006704	ENSGALG00010006704
ENSGALG00010006705	ENSGALG00010006705
ENSGALG00010006706	ENSGALG00010006706
ENSGALG00010006707	ENSGALG00010006707
ENSGALG00010006708	ENSGALG00010006708
ENSGALG00010006709	ENSGALG00010006709
ENSGALG00010006710	ENSGALG00010006710
ENSGALG00010006711	ENSGALG00010006711
ENSGALG00010006712	ENSGALG00010006712
ENSGALG00010006713	ENSGALG00010006713
ENSGALG00010006714	ENSGALG00010006714
IRF8	IRF8
ENSGALG00010006716	ENSGALG00010006716
ENSGALG00010006717	ENSGALG00010006717
ENSGALG00010006718	ENSGALG00010006718
ENSGALG00010006719	ENSGALG00010006719
SRP54	SRP54
ENSGALG00010006721	ENSGALG00010006721
ENSGALG00010006722	ENSGALG00010006722
ENSGALG00010006723	ENSGALG00010006723
ENSGALG00010006724	ENSGALG00010006724
ENSGALG00010006725	ENSGALG00010006725
ENSGALG00010006726	ENSGALG00010006726
ENSGALG00010006727	ENSGALG00010006727
ENSGALG00010006728	ENSGALG00010006728
ENSGALG00010006729	ENSGALG00010006729
HAPLN1	HAPLN1
ENSGALG00010006731	ENSGALG00010006731
ENSGALG00010006732	ENSGALG00010006732
ENSGALG00010006733	ENSGALG00010006733
ENSGALG00010006734	ENSGALG00010006734
NR3C2	NR3C2
ENSGALG00010006736	ENSGALG00010006736
ENSGALG00010006737	ENSGALG00010006737
ENSGALG00010006738	ENSGALG00010006738
VCAN	VCAN
BRCA2	BRCA2
ENSGALG00010006741	ENSGALG00010006741
ENSGALG00010006742	ENSGALG00010006742
ENSGALG00010006743	ENSGALG00010006743
ENSGALG00010006744	ENSGALG00010006744
ENSGALG00010006745	ENSGALG00010006745
ENSGALG00010006746	ENSGALG00010006746
ENSGALG00010006747	ENSGALG00010006747
FAM177A1	FAM177A1
ENSGALG00010006749	ENSGALG00010006749
ENSGALG00010006750	ENSGALG00010006750
ENSGALG00010006751	ENSGALG00010006751
ZAR1L	ZAR1L
ENSGALG00010006753	ENSGALG00010006753
ENSGALG00010006754	ENSGALG00010006754
ENSGALG00010006755	ENSGALG00010006755
ENSGALG00010006756	ENSGALG00010006756
ENSGALG00010006757	ENSGALG00010006757
ENSGALG00010006758	ENSGALG00010006758
ENSGALG00010006759	ENSGALG00010006759
TASOR2	TASOR2
PPP2R3C	PPP2R3C
ENSGALG00010006762	ENSGALG00010006762
ENSGALG00010006763	ENSGALG00010006763
ENSGALG00010006764	ENSGALG00010006764
ENSGALG00010006765	ENSGALG00010006765
ENSGALG00010006766	ENSGALG00010006766
ENSGALG00010006767	ENSGALG00010006767
ENSGALG00010006768	ENSGALG00010006768
ENSGALG00010006769	ENSGALG00010006769
ENSGALG00010006770	ENSGALG00010006770
ENSGALG00010006771	ENSGALG00010006771
ENSGALG00010006772	ENSGALG00010006772
SNORD100	SNORD100
ENSGALG00010006774	ENSGALG00010006774
ENSGALG00010006775	ENSGALG00010006775
ENSGALG00010006776	ENSGALG00010006776
ENSGALG00010006777	ENSGALG00010006777
ENSGALG00010006778	ENSGALG00010006778
SNORD101	SNORD101
ENSGALG00010006780	ENSGALG00010006780
ENSGALG00010006781	ENSGALG00010006781
gga-mir-6697	gga-mir-6697
ENSGALG00010006783	ENSGALG00010006783
gga-mir-1454	gga-mir-1454
ENSGALG00010006785	ENSGALG00010006785
ENSGALG00010006786	ENSGALG00010006786
gga-mir-1660	gga-mir-1660
ENSGALG00010006788	ENSGALG00010006788
ENSGALG00010006789	ENSGALG00010006789
gga-mir-7462	gga-mir-7462
ENSGALG00010006791	ENSGALG00010006791
ENSGALG00010006792	ENSGALG00010006792
ENSGALG00010006793	ENSGALG00010006793
PERPA	PERPA
ENSGALG00010006795	ENSGALG00010006795
ENSGALG00010006796	ENSGALG00010006796
ENSGALG00010006797	ENSGALG00010006797
ENSGALG00010006798	ENSGALG00010006798
ENSGALG00010006799	ENSGALG00010006799
ENSGALG00010006800	ENSGALG00010006800
ENSGALG00010006801	ENSGALG00010006801
ENSGALG00010006802	ENSGALG00010006802
COX4I1	COX4I1
PSMA6	PSMA6
ENSGALG00010006805	ENSGALG00010006805
ENSGALG00010006806	ENSGALG00010006806
ENSGALG00010006807	ENSGALG00010006807
ENSGALG00010006808	ENSGALG00010006808
ENSGALG00010006809	ENSGALG00010006809
ENSGALG00010006810	ENSGALG00010006810
ENSGALG00010006811	ENSGALG00010006811
ENSGALG00010006812	ENSGALG00010006812
ENSGALG00010006813	ENSGALG00010006813
ENSGALG00010006814	ENSGALG00010006814
ENSGALG00010006815	ENSGALG00010006815
ENSGALG00010006816	ENSGALG00010006816
ENSGALG00010006817	ENSGALG00010006817
ENSGALG00010006818	ENSGALG00010006818
EMC8	EMC8
ENSGALG00010006820	ENSGALG00010006820
XRCC4	XRCC4
ENSGALG00010006822	ENSGALG00010006822
ENSGALG00010006823	ENSGALG00010006823
ENSGALG00010006824	ENSGALG00010006824
ENSGALG00010006825	ENSGALG00010006825
ENSGALG00010006826	ENSGALG00010006826
ENSGALG00010006827	ENSGALG00010006827
GTF2A1	GTF2A1
ENSGALG00010006829	ENSGALG00010006829
ENSGALG00010006830	ENSGALG00010006830
ENSGALG00010006831	ENSGALG00010006831
ENSGALG00010006832	ENSGALG00010006832
LTV1	LTV1
ENSGALG00010006834	ENSGALG00010006834
FRY	FRY
ENSGALG00010006836	ENSGALG00010006836
ENSGALG00010006837	ENSGALG00010006837
ASB13	ASB13
ENSGALG00010006839	ENSGALG00010006839
GINS2	GINS2
ENSGALG00010006841	ENSGALG00010006841
ENSGALG00010006842	ENSGALG00010006842
STON2	STON2
ENSGALG00010006844	ENSGALG00010006844
CALML3	CALML3
ENSGALG00010006846	ENSGALG00010006846
SEL1L	SEL1L
ENSGALG00010006848	ENSGALG00010006848
ENSGALG00010006849	ENSGALG00010006849
C5H14orf4	C5H14orf4
TMEM167A	TMEM167A
ENSGALG00010006852	ENSGALG00010006852
NET1	NET1
FOXG1	FOXG1
DCLK2	DCLK2
ENSGALG00010006856	ENSGALG00010006856
ENSGALG00010006857	ENSGALG00010006857
ENSGALG00010006858	ENSGALG00010006858
ENSGALG00010006859	ENSGALG00010006859
INSM2	INSM2
ENSGALG00010006861	ENSGALG00010006861
ENSGALG00010006862	ENSGALG00010006862
ENSGALG00010006863	ENSGALG00010006863
ENSGALG00010006864	ENSGALG00010006864
EFCAB2	EFCAB2
ENSGALG00010006866	ENSGALG00010006866
ENSGALG00010006867	ENSGALG00010006867
ENSGALG00010006868	ENSGALG00010006868
ENSGALG00010006869	ENSGALG00010006869
ENSGALG00010006870	ENSGALG00010006870
ENSGALG00010006871	ENSGALG00010006871
ENSGALG00010006872	ENSGALG00010006872
ENSGALG00010006873	ENSGALG00010006873
ENSGALG00010006874	ENSGALG00010006874
ENSGALG00010006875	ENSGALG00010006875
ENSGALG00010006876	ENSGALG00010006876
GSE1	GSE1
ENSGALG00010006878	ENSGALG00010006878
ENSGALG00010006879	ENSGALG00010006879
ENSGALG00010006880	ENSGALG00010006880
ENSGALG00010006881	ENSGALG00010006881
ENSGALG00010006882	ENSGALG00010006882
LRBA	LRBA
ENSGALG00010006884	ENSGALG00010006884
RHOU	RHOU
ENSGALG00010006886	ENSGALG00010006886
ENSGALG00010006887	ENSGALG00010006887
ENSGALG00010006888	ENSGALG00010006888
ENSGALG00010006889	ENSGALG00010006889
ENSGALG00010006890	ENSGALG00010006890
ENSGALG00010006891	ENSGALG00010006891
ENSGALG00010006892	ENSGALG00010006892
ENSGALG00010006893	ENSGALG00010006893
ENSGALG00010006894	ENSGALG00010006894
ENSGALG00010006895	ENSGALG00010006895
ENSGALG00010006896	ENSGALG00010006896
ENSGALG00010006897	ENSGALG00010006897
ENSGALG00010006898	ENSGALG00010006898
ENSGALG00010006899	ENSGALG00010006899
ENSGALG00010006900	ENSGALG00010006900
TUBAL3	TUBAL3
ENSGALG00010006902	ENSGALG00010006902
B3GLCT	B3GLCT
ENSGALG00010006904	ENSGALG00010006904
ENSGALG00010006905	ENSGALG00010006905
ENSGALG00010006906	ENSGALG00010006906
ENSGALG00010006907	ENSGALG00010006907
ENSGALG00010006908	ENSGALG00010006908
ENSGALG00010006909	ENSGALG00010006909
ENSGALG00010006910	ENSGALG00010006910
ENSGALG00010006911	ENSGALG00010006911
HUS1	HUS1
HSPH1	HSPH1
ENSGALG00010006914	ENSGALG00010006914
ENSGALG00010006915	ENSGALG00010006915
ENSGALG00010006916	ENSGALG00010006916
ENSGALG00010006917	ENSGALG00010006917
ENSGALG00010006918	ENSGALG00010006918
ENSGALG00010006919	ENSGALG00010006919
ENSGALG00010006920	ENSGALG00010006920
ENSGALG00010006921	ENSGALG00010006921
SMYD3	SMYD3
ENSGALG00010006923	ENSGALG00010006923
ENSGALG00010006924	ENSGALG00010006924
ENSGALG00010006925	ENSGALG00010006925
ID4	ID4
UCN3	UCN3
ENSGALG00010006928	ENSGALG00010006928
ENSGALG00010006929	ENSGALG00010006929
ENSGALG00010006930	ENSGALG00010006930
ENSGALG00010006931	ENSGALG00010006931
ENSGALG00010006932	ENSGALG00010006932
ENSGALG00010006933	ENSGALG00010006933
ENSGALG00010006934	ENSGALG00010006934
ENSGALG00010006935	ENSGALG00010006935
ENSGALG00010006936	ENSGALG00010006936
ENSGALG00010006937	ENSGALG00010006937
ENSGALG00010006938	ENSGALG00010006938
FBXO31	FBXO31
ENSGALG00010006940	ENSGALG00010006940
ENSGALG00010006941	ENSGALG00010006941
ALOX5AP	ALOX5AP
ENSGALG00010006943	ENSGALG00010006943
MAB21L2	MAB21L2
ENSGALG00010006945	ENSGALG00010006945
PLPPR1	PLPPR1
ENSGALG00010006947	ENSGALG00010006947
ENSGALG00010006948	ENSGALG00010006948
ENSGALG00010006949	ENSGALG00010006949
ENSGALG00010006950	ENSGALG00010006950
ENSGALG00010006951	ENSGALG00010006951
ENSGALG00010006952	ENSGALG00010006952
MAP1LC3B	MAP1LC3B
ENSGALG00010006954	ENSGALG00010006954
HELT	HELT
ENSGALG00010006956	ENSGALG00010006956
PALM2AKAP2 - ENSGALG00010006957	PALM2AKAP2 - ENSGALG00010006957
KIF26B	KIF26B
ENSGALG00010006959	ENSGALG00010006959
ENSGALG00010006960	ENSGALG00010006960
ZCCHC14	ZCCHC14
ENSGALG00010006962	ENSGALG00010006962
SLC46A2 - ENSGALG00010006963	SLC46A2 - ENSGALG00010006963
ENSGALG00010006964	ENSGALG00010006964
ENSGALG00010006965	ENSGALG00010006965
PGBD5	PGBD5
ENSGALG00010006967	ENSGALG00010006967
ENSGALG00010006968	ENSGALG00010006968
ENSGALG00010006969	ENSGALG00010006969
ENSGALG00010006970	ENSGALG00010006970
ENSGALG00010006971	ENSGALG00010006971
ENSGALG00010006972	ENSGALG00010006972
ENSGALG00010006973	ENSGALG00010006973
ENSGALG00010006974	ENSGALG00010006974
ENSGALG00010006975	ENSGALG00010006975
ENSGALG00010006976	ENSGALG00010006976
ENSGALG00010006977	ENSGALG00010006977
ENSGALG00010006978	ENSGALG00010006978
CA7	CA7
ENSGALG00010006980	ENSGALG00010006980
ENSGALG00010006981	ENSGALG00010006981
ENSGALG00010006982	ENSGALG00010006982
GTPBP2	GTPBP2
ENSGALG00010006984	ENSGALG00010006984
ENSGALG00010006985	ENSGALG00010006985
ENSGALG00010006986	ENSGALG00010006986
ENSGALG00010006987	ENSGALG00010006987
USPL1	USPL1
ENSGALG00010006989	ENSGALG00010006989
ENSGALG00010006990	ENSGALG00010006990
ENSGALG00010006991	ENSGALG00010006991
SLC35B4	SLC35B4
ENSGALG00010006993	ENSGALG00010006993
ENSGALG00010006994	ENSGALG00010006994
ENSGALG00010006995	ENSGALG00010006995
ENSGALG00010006996	ENSGALG00010006996
ENSGALG00010006997	ENSGALG00010006997
POLH	POLH
ENSGALG00010006999	ENSGALG00010006999
LRGUK	LRGUK
SNX30	SNX30
EXOC4	EXOC4
ENSGALG00010007003	ENSGALG00010007003
ENSGALG00010007004	ENSGALG00010007004
ENSGALG00010007005	ENSGALG00010007005
ENSGALG00010007006	ENSGALG00010007006
ACSL1	ACSL1
ENSGALG00010007008	ENSGALG00010007008
ENSGALG00010007009	ENSGALG00010007009
SLC46A2 - ENSGALG00010007010	SLC46A2 - ENSGALG00010007010
HMGB1	HMGB1
ENSGALG00010007012	ENSGALG00010007012
ENSGALG00010007013	ENSGALG00010007013
ENSGALG00010007014	ENSGALG00010007014
ENSGALG00010007015	ENSGALG00010007015
ENSGALG00010007016	ENSGALG00010007016
SRD5A2	SRD5A2
ENSGALG00010007018	ENSGALG00010007018
ENSGALG00010007019	ENSGALG00010007019
ENSGALG00010007020	ENSGALG00010007020
SULT6B1	SULT6B1
ENSGALG00010007022	ENSGALG00010007022
ENSGALG00010007023	ENSGALG00010007023
ENSGALG00010007024	ENSGALG00010007024
ENSGALG00010007025	ENSGALG00010007025
ENSGALG00010007026	ENSGALG00010007026
ENSGALG00010007027	ENSGALG00010007027
KATNAL1	KATNAL1
ENSGALG00010007029	ENSGALG00010007029
ENSGALG00010007030	ENSGALG00010007030
ENSGALG00010007031	ENSGALG00010007031
ENSGALG00010007032	ENSGALG00010007032
CEBPZOS	CEBPZOS
ENSGALG00010007034	ENSGALG00010007034
ENSGALG00010007035	ENSGALG00010007035
ENSGALG00010007036	ENSGALG00010007036
ENSGALG00010007037	ENSGALG00010007037
CENPU	CENPU
ENSGALG00010007039	ENSGALG00010007039
ENSGALG00010007040	ENSGALG00010007040
NAE1	NAE1
ENSGALG00010007042	ENSGALG00010007042
ENSGALG00010007043	ENSGALG00010007043
ENSGALG00010007044	ENSGALG00010007044
ENSGALG00010007045	ENSGALG00010007045
ENSGALG00010007046	ENSGALG00010007046
ENSGALG00010007047	ENSGALG00010007047
ENSGALG00010007048	ENSGALG00010007048
ENSGALG00010007049	ENSGALG00010007049
ENSGALG00010007050	ENSGALG00010007050
E2F3	E2F3
ENSGALG00010007052	ENSGALG00010007052
ENSGALG00010007053	ENSGALG00010007053
ENSGALG00010007054	ENSGALG00010007054
ENSGALG00010007055	ENSGALG00010007055
ENSGALG00010007056	ENSGALG00010007056
ENSGALG00010007057	ENSGALG00010007057
ENSGALG00010007058	ENSGALG00010007058
ENSGALG00010007059	ENSGALG00010007059
ENSGALG00010007060	ENSGALG00010007060
ENSGALG00010007061	ENSGALG00010007061
ENSGALG00010007062	ENSGALG00010007062
ENSGALG00010007063	ENSGALG00010007063
ENSGALG00010007064	ENSGALG00010007064
ENSGALG00010007065	ENSGALG00010007065
INIP	INIP
CASP3	CASP3
NCAM2	NCAM2
ENSGALG00010007069	ENSGALG00010007069
UBL3	UBL3
ENSGALG00010007071	ENSGALG00010007071
ENSGALG00010007072	ENSGALG00010007072
ENSGALG00010007073	ENSGALG00010007073
ENSGALG00010007074	ENSGALG00010007074
ENSGALG00010007075	ENSGALG00010007075
ENSGALG00010007076	ENSGALG00010007076
ENSGALG00010007077	ENSGALG00010007077
ENSGALG00010007078	ENSGALG00010007078
ENSGALG00010007079	ENSGALG00010007079
ENSGALG00010007080	ENSGALG00010007080
ENSGALG00010007081	ENSGALG00010007081
ENSGALG00010007082	ENSGALG00010007082
ENSGALG00010007083	ENSGALG00010007083
ENSGALG00010007084	ENSGALG00010007084
PRIMPOL	PRIMPOL
ENSGALG00010007086	ENSGALG00010007086
ENSGALG00010007087	ENSGALG00010007087
ENSGALG00010007088	ENSGALG00010007088
ENSGALG00010007089	ENSGALG00010007089
CEBPZ	CEBPZ
ENSGALG00010007091	ENSGALG00010007091
DYNC1LI2	DYNC1LI2
ENSGALG00010007093	ENSGALG00010007093
ENSGALG00010007094	ENSGALG00010007094
ENSGALG00010007095	ENSGALG00010007095
ENSGALG00010007096	ENSGALG00010007096
ZCCHC9	ZCCHC9
NDUFAF7	NDUFAF7
ENSGALG00010007099	ENSGALG00010007099
ENSGALG00010007100	ENSGALG00010007100
ENSGALG00010007101	ENSGALG00010007101
CMTM3	CMTM3
ENSGALG00010007103	ENSGALG00010007103
ENSGALG00010007104	ENSGALG00010007104
ENSGALG00010007105	ENSGALG00010007105
SLC7A1	SLC7A1
ENSGALG00010007107	ENSGALG00010007107
MBOAT1	MBOAT1
ENSGALG00010007109	ENSGALG00010007109
ARL6	ARL6
ENSGALG00010007111	ENSGALG00010007111
ENSGALG00010007112	ENSGALG00010007112
ENSGALG00010007113	ENSGALG00010007113
CKLF	CKLF
ENSGALG00010007115	ENSGALG00010007115
ENSGALG00010007116	ENSGALG00010007116
ENSGALG00010007117	ENSGALG00010007117
ENSGALG00010007118	ENSGALG00010007118
ENSGALG00010007119	ENSGALG00010007119
ENSGALG00010007120	ENSGALG00010007120
ENSGALG00010007121	ENSGALG00010007121
ENSGALG00010007122	ENSGALG00010007122
ENSGALG00010007123	ENSGALG00010007123
ENSGALG00010007124	ENSGALG00010007124
ENSGALG00010007125	ENSGALG00010007125
ENSGALG00010007126	ENSGALG00010007126
ENSGALG00010007127	ENSGALG00010007127
ENSGALG00010007128	ENSGALG00010007128
ENSGALG00010007129	ENSGALG00010007129
IRF2	IRF2
ENSGALG00010007131	ENSGALG00010007131
ENSGALG00010007132	ENSGALG00010007132
BLVRA	BLVRA
ENSGALG00010007134	ENSGALG00010007134
TK2	TK2
ENSGALG00010007136	ENSGALG00010007136
ENSGALG00010007137	ENSGALG00010007137
ENSGALG00010007138	ENSGALG00010007138
ENSGALG00010007139	ENSGALG00010007139
ENSGALG00010007140	ENSGALG00010007140
PRKD3	PRKD3
ENSGALG00010007142	ENSGALG00010007142
CKMT2	CKMT2
ENSGALG00010007144	ENSGALG00010007144
ENSGALG00010007145	ENSGALG00010007145
ENSGALG00010007146	ENSGALG00010007146
ENSGALG00010007147	ENSGALG00010007147
ENSGALG00010007148	ENSGALG00010007148
ENSGALG00010007149	ENSGALG00010007149
ENSGALG00010007150	ENSGALG00010007150
ENSGALG00010007151	ENSGALG00010007151
ENSGALG00010007152	ENSGALG00010007152
ENSGALG00010007153	ENSGALG00010007153
ENSGALG00010007154	ENSGALG00010007154
FOXL1	FOXL1
ENSGALG00010007156	ENSGALG00010007156
ENSGALG00010007157	ENSGALG00010007157
ENSGALG00010007158	ENSGALG00010007158
ENSGALG00010007159	ENSGALG00010007159
ENSGALG00010007160	ENSGALG00010007160
ENSGALG00010007161	ENSGALG00010007161
ENSGALG00010007162	ENSGALG00010007162
ENSGALG00010007163	ENSGALG00010007163
ENSGALG00010007164	ENSGALG00010007164
ENSGALG00010007165	ENSGALG00010007165
RASGRF2	RASGRF2
ENSGALG00010007167	ENSGALG00010007167
MINA	MINA
QPCT	QPCT
ENSGALG00010007170	ENSGALG00010007170
ENSGALG00010007171	ENSGALG00010007171
ENSGALG00010007172	ENSGALG00010007172
ENSGALG00010007173	ENSGALG00010007173
ENSGALG00010007174	ENSGALG00010007174
FOXC2	FOXC2
gga-mir-1734	gga-mir-1734
ENSGALG00010007177	ENSGALG00010007177
ENSGALG00010007178	ENSGALG00010007178
gga-mir-1767	gga-mir-1767
gga-mir-12261	gga-mir-12261
GJB2	GJB2
ENSGALG00010007182	ENSGALG00010007182
VOPP1	VOPP1
VGLL3	VGLL3
ENSGALG00010007185	ENSGALG00010007185
ENSGALG00010007186	ENSGALG00010007186
ENPP6	ENPP6
MAB21L1	MAB21L1
ENSGALG00010007189	ENSGALG00010007189
ENSGALG00010007190	ENSGALG00010007190
ENSGALG00010007191	ENSGALG00010007191
ENSGALG00010007192	ENSGALG00010007192
ENSGALG00010007193	ENSGALG00010007193
ENSGALG00010007194	ENSGALG00010007194
ENSGALG00010007195	ENSGALG00010007195
ENSGALG00010007196	ENSGALG00010007196
ENSGALG00010007197	ENSGALG00010007197
ENSGALG00010007198	ENSGALG00010007198
ENSGALG00010007199	ENSGALG00010007199
ENSGALG00010007200	ENSGALG00010007200
ENSGALG00010007201	ENSGALG00010007201
ENSGALG00010007202	ENSGALG00010007202
SLC30A6	SLC30A6
LANCL2	LANCL2
ENSGALG00010007205	ENSGALG00010007205
ENSGALG00010007206	ENSGALG00010007206
EPM2A	EPM2A
ENSGALG00010007208	ENSGALG00010007208
ENSGALG00010007209	ENSGALG00010007209
ENSGALG00010007210	ENSGALG00010007210
ENSGALG00010007211	ENSGALG00010007211
ENSGALG00010007212	ENSGALG00010007212
ENSGALG00010007213	ENSGALG00010007213
MTHFSD	MTHFSD
ENSGALG00010007215	ENSGALG00010007215
ENSGALG00010007216	ENSGALG00010007216
MSH3	MSH3
ENSGALG00010007218	ENSGALG00010007218
ENSGALG00010007219	ENSGALG00010007219
ENSGALG00010007220	ENSGALG00010007220
ENSGALG00010007221	ENSGALG00010007221
ENSGALG00010007222	ENSGALG00010007222
FOXF1	FOXF1
DHFR	DHFR
ENSGALG00010007225	ENSGALG00010007225
PLG	PLG
ENSGALG00010007227	ENSGALG00010007227
ENSGALG00010007228	ENSGALG00010007228
ENSGALG00010007229	ENSGALG00010007229
ENSGALG00010007230	ENSGALG00010007230
ENSGALG00010007231	ENSGALG00010007231
ENSGALG00010007232	ENSGALG00010007232
ENSGALG00010007233	ENSGALG00010007233
ENSGALG00010007234	ENSGALG00010007234
ENSGALG00010007235	ENSGALG00010007235
ENSGALG00010007236	ENSGALG00010007236
ENSGALG00010007237	ENSGALG00010007237
ENSGALG00010007238	ENSGALG00010007238
ENSGALG00010007239	ENSGALG00010007239
ENSGALG00010007240	ENSGALG00010007240
ENSGALG00010007241	ENSGALG00010007241
ENSGALG00010007242	ENSGALG00010007242
BEAN1	BEAN1
ENSGALG00010007244	ENSGALG00010007244
ENSGALG00010007245	ENSGALG00010007245
ENSGALG00010007246	ENSGALG00010007246
ENSGALG00010007247	ENSGALG00010007247
ENSGALG00010007248	ENSGALG00010007248
ENSGALG00010007249	ENSGALG00010007249
ENSGALG00010007250	ENSGALG00010007250
SPAST	SPAST
NFATC1	NFATC1
ENSGALG00010007253	ENSGALG00010007253
gga-mir-7446	gga-mir-7446
gga-mir-1690	gga-mir-1690
ENSGALG00010007256	ENSGALG00010007256
ENSGALG00010007257	ENSGALG00010007257
ENSGALG00010007258	ENSGALG00010007258
ANKRD34B	ANKRD34B
ENSGALG00010007260	ENSGALG00010007260
ENSGALG00010007261	ENSGALG00010007261
ENSGALG00010007262	ENSGALG00010007262
ENSGALG00010007263	ENSGALG00010007263
ENSGALG00010007264	ENSGALG00010007264
CD200R1A	CD200R1A
ENSGALG00010007266	ENSGALG00010007266
ENSGALG00010007267	ENSGALG00010007267
ENSGALG00010007268	ENSGALG00010007268
ENSGALG00010007269	ENSGALG00010007269
CDH5	CDH5
CADM2	CADM2
ENSGALG00010007272	ENSGALG00010007272
ENSGALG00010007273	ENSGALG00010007273
ENSGALG00010007274	ENSGALG00010007274
DPY30	DPY30
ENSGALG00010007276	ENSGALG00010007276
FAM151B	FAM151B
ENSGALG00010007278	ENSGALG00010007278
ENSGALG00010007279	ENSGALG00010007279
ENSGALG00010007280	ENSGALG00010007280
ENSGALG00010007281	ENSGALG00010007281
ENSGALG00010007282	ENSGALG00010007282
STOX2	STOX2
ENSGALG00010007284	ENSGALG00010007284
ENSGALG00010007285	ENSGALG00010007285
ENSGALG00010007286	ENSGALG00010007286
ENSGALG00010007287	ENSGALG00010007287
ENSGALG00010007288	ENSGALG00010007288
ENSGALG00010007289	ENSGALG00010007289
ENSGALG00010007290	ENSGALG00010007290
ENSGALG00010007291	ENSGALG00010007291
ENSGALG00010007292	ENSGALG00010007292
ENSGALG00010007293	ENSGALG00010007293
TRAPPC11	TRAPPC11
ENSGALG00010007295	ENSGALG00010007295
ENSGALG00010007296	ENSGALG00010007296
ENSGALG00010007297	ENSGALG00010007297
ENSGALG00010007298	ENSGALG00010007298
ENSGALG00010007299	ENSGALG00010007299
CCDC125	CCDC125
Vault - ENSGALG00010007301	Vault - ENSGALG00010007301
CDH11	CDH11
U6 - ENSGALG00010007303	U6 - ENSGALG00010007303
F5	F5
ENSGALG00010007305	ENSGALG00010007305
U1 - ENSGALG00010007306	U1 - ENSGALG00010007306
ENSGALG00010007307	ENSGALG00010007307
ENSGALG00010007308	ENSGALG00010007308
ENSGALG00010007309	ENSGALG00010007309
ENSGALG00010007310	ENSGALG00010007310
gga-mir-1739	gga-mir-1739
gga-mir-1799	gga-mir-1799
ENSGALG00010007313	ENSGALG00010007313
gga-mir-3532	gga-mir-3532
ENSGALG00010007315	ENSGALG00010007315
ENSGALG00010007316	ENSGALG00010007316
gga-mir-1718	gga-mir-1718
RMDN2	RMDN2
ATP9B	ATP9B
ENSGALG00010007320	ENSGALG00010007320
CD200	CD200
AK6	AK6
ENSGALG00010007323	ENSGALG00010007323
GAN	GAN
ENSGALG00010007325	ENSGALG00010007325
RWDD4	RWDD4
ENSGALG00010007327	ENSGALG00010007327
NOVA1 - ENSGALG00010007328	NOVA1 - ENSGALG00010007328
ENSGALG00010007329	ENSGALG00010007329
MMP13	MMP13
ENSGALG00010007331	ENSGALG00010007331
ENSGALG00010007332	ENSGALG00010007332
QTRT2	QTRT2
SALL3	SALL3
ENSGALG00010007335	ENSGALG00010007335
ENSGALG00010007336	ENSGALG00010007336
PRORP	PRORP
ENSGALG00010007338	ENSGALG00010007338
ENSGALG00010007339	ENSGALG00010007339
ENSGALG00010007340	ENSGALG00010007340
ENSGALG00010007341	ENSGALG00010007341
ENSGALG00010007342	ENSGALG00010007342
ENSGALG00010007343	ENSGALG00010007343
RAD17	RAD17
ENSGALG00010007345	ENSGALG00010007345
ENSGALG00010007346	ENSGALG00010007346
ENSGALG00010007347	ENSGALG00010007347
ENSGALG00010007348	ENSGALG00010007348
ENSGALG00010007349	ENSGALG00010007349
ENSGALG00010007350	ENSGALG00010007350
ENSGALG00010007351	ENSGALG00010007351
ENSGALG00010007352	ENSGALG00010007352
ING2	ING2
ENSGALG00010007354	ENSGALG00010007354
ENSGALG00010007355	ENSGALG00010007355
ENSGALG00010007356	ENSGALG00010007356
NOX4	NOX4
ENSGALG00010007358	ENSGALG00010007358
ENSGALG00010007359	ENSGALG00010007359
ROBO1	ROBO1
ENSGALG00010007361	ENSGALG00010007361
ENSGALG00010007362	ENSGALG00010007362
ENSGALG00010007363	ENSGALG00010007363
ENSGALG00010007364	ENSGALG00010007364
MEMO1	MEMO1
ENSGALG00010007366	ENSGALG00010007366
ENSGALG00010007367	ENSGALG00010007367
ENSGALG00010007368	ENSGALG00010007368
ENSGALG00010007369	ENSGALG00010007369
ENSGALG00010007370	ENSGALG00010007370
ENSGALG00010007371	ENSGALG00010007371
ENSGALG00010007372	ENSGALG00010007372
ENSGALG00010007373	ENSGALG00010007373
CMIP	CMIP
CHORDC1	CHORDC1
CDKN2AIP	CDKN2AIP
ENSGALG00010007377	ENSGALG00010007377
ENSGALG00010007378	ENSGALG00010007378
ENSGALG00010007379	ENSGALG00010007379
ENSGALG00010007380	ENSGALG00010007380
EGFR	EGFR
EIF2AK2	EIF2AK2
ENSGALG00010007383	ENSGALG00010007383
ENSGALG00010007384	ENSGALG00010007384
ENSGALG00010007385	ENSGALG00010007385
ENSGALG00010007386	ENSGALG00010007386
ENSGALG00010007387	ENSGALG00010007387
CYP1B1	CYP1B1
ENSGALG00010007389	ENSGALG00010007389
ENSGALG00010007390	ENSGALG00010007390
NANP	NANP
NAALAD2	NAALAD2
PLCG2	PLCG2
ENSGALG00010007394	ENSGALG00010007394
ENSGALG00010007395	ENSGALG00010007395
ENSGALG00010007396	ENSGALG00010007396
ENSGALG00010007397	ENSGALG00010007397
ENSGALG00010007398	ENSGALG00010007398
WWC2	WWC2
TYMP	TYMP
SEC61G	SEC61G
ENSGALG00010007402	ENSGALG00010007402
SDR42E1	SDR42E1
FOLH1	FOLH1
ENSGALG00010007405	ENSGALG00010007405
ENSGALG00010007406	ENSGALG00010007406
ENSGALG00010007407	ENSGALG00010007407
HCLS1	HCLS1
ENSGALG00010007409	ENSGALG00010007409
ENSGALG00010007410	ENSGALG00010007410
ENSGALG00010007411	ENSGALG00010007411
ENSGALG00010007412	ENSGALG00010007412
GPATCH11	GPATCH11
ROBO2	ROBO2
ENSGALG00010007415	ENSGALG00010007415
DCTD	DCTD
ENSGALG00010007417	ENSGALG00010007417
NME6	NME6
RABL2A	RABL2A
ENSGALG00010007420	ENSGALG00010007420
ENSGALG00010007421	ENSGALG00010007421
ACR	ACR
HEATR5B	HEATR5B
ENSGALG00010007424	ENSGALG00010007424
ARSA	ARSA
ENSGALG00010007426	ENSGALG00010007426
ENSGALG00010007427	ENSGALG00010007427
ENSGALG00010007428	ENSGALG00010007428
C21orf91	C21orf91
MEF2C	MEF2C
ENSGALG00010007431	ENSGALG00010007431
NAT	NAT
RNF144B	RNF144B
ENSGALG00010007434	ENSGALG00010007434
ENSGALG00010007435	ENSGALG00010007435
PNAT3	PNAT3
TUSC1	TUSC1
ENSGALG00010007438	ENSGALG00010007438
HSD17B2	HSD17B2
ENSGALG00010007440	ENSGALG00010007440
STRN	STRN
ENSGALG00010007442	ENSGALG00010007442
ENSGALG00010007443	ENSGALG00010007443
ENSGALG00010007444	ENSGALG00010007444
ENSGALG00010007445	ENSGALG00010007445
ENSGALG00010007446	ENSGALG00010007446
ENSGALG00010007447	ENSGALG00010007447
ENSGALG00010007448	ENSGALG00010007448
ENSGALG00010007449	ENSGALG00010007449
ENSGALG00010007450	ENSGALG00010007450
ENSGALG00010007451	ENSGALG00010007451
ENSGALG00010007452	ENSGALG00010007452
ENSGALG00010007453	ENSGALG00010007453
ENSGALG00010007454	ENSGALG00010007454
TRPC6	TRPC6
ENSGALG00010007456	ENSGALG00010007456
SHANK3	SHANK3
ENSGALG00010007458	ENSGALG00010007458
ENSGALG00010007459	ENSGALG00010007459
ENSGALG00010007460	ENSGALG00010007460
ENSGALG00010007461	ENSGALG00010007461
ENSGALG00010007462	ENSGALG00010007462
ENSGALG00010007463	ENSGALG00010007463
ENSGALG00010007464	ENSGALG00010007464
PNAT10	PNAT10
ENSGALG00010007466	ENSGALG00010007466
CHODL	CHODL
ENSGALG00010007468	ENSGALG00010007468
ENSGALG00010007469	ENSGALG00010007469
ENSGALG00010007470	ENSGALG00010007470
ENSGALG00010007471	ENSGALG00010007471
ENSGALG00010007472	ENSGALG00010007472
ENSGALG00010007473	ENSGALG00010007473
ENSGALG00010007474	ENSGALG00010007474
ENSGALG00010007475	ENSGALG00010007475
ENSGALG00010007476	ENSGALG00010007476
ENSGALG00010007477	ENSGALG00010007477
ENSGALG00010007478	ENSGALG00010007478
NFX1	NFX1
TENM3	TENM3
ENSGALG00010007481	ENSGALG00010007481
ENSGALG00010007482	ENSGALG00010007482
ENSGALG00010007483	ENSGALG00010007483
ENSGALG00010007484	ENSGALG00010007484
CTSC	CTSC
ENSGALG00010007486	ENSGALG00010007486
ENSGALG00010007487	ENSGALG00010007487
ENSGALG00010007488	ENSGALG00010007488
ENSGALG00010007489	ENSGALG00010007489
ENSGALG00010007490	ENSGALG00010007490
ENSGALG00010007491	ENSGALG00010007491
ENSGALG00010007492	ENSGALG00010007492
ENSGALG00010007493	ENSGALG00010007493
ENSGALG00010007494	ENSGALG00010007494
ENSGALG00010007495	ENSGALG00010007495
ENSGALG00010007496	ENSGALG00010007496
ENSGALG00010007497	ENSGALG00010007497
ENSGALG00010007498	ENSGALG00010007498
ENSGALG00010007499	ENSGALG00010007499
MPHOSPH6	MPHOSPH6
U6 - ENSGALG00010007501	U6 - ENSGALG00010007501
ENSGALG00010007502	ENSGALG00010007502
ENSGALG00010007503	ENSGALG00010007503
TMPRSS15	TMPRSS15
SNORD102	SNORD102
RAB38	RAB38
ENSGALG00010007507	ENSGALG00010007507
ENSGALG00010007508	ENSGALG00010007508
ENSGALG00010007509	ENSGALG00010007509
ENSGALG00010007510	ENSGALG00010007510
ENSGALG00010007511	ENSGALG00010007511
gga-mir-1646	gga-mir-1646
GALNT12	GALNT12
VIT	VIT
gga-mir-6641	gga-mir-6641
gga-mir-7449	gga-mir-7449
ENSGALG00010007517	ENSGALG00010007517
gga-mir-1709	gga-mir-1709
gga-mir-6656	gga-mir-6656
ENSGALG00010007520	ENSGALG00010007520
SLC12A7	SLC12A7
ENSGALG00010007522	ENSGALG00010007522
ENSGALG00010007523	ENSGALG00010007523
ENSGALG00010007524	ENSGALG00010007524
ENSGALG00010007525	ENSGALG00010007525
ENSGALG00010007526	ENSGALG00010007526
ENSGALG00010007527	ENSGALG00010007527
ENSGALG00010007528	ENSGALG00010007528
CDH13	CDH13
ENSGALG00010007530	ENSGALG00010007530
ENSGALG00010007531	ENSGALG00010007531
DCUN1D5	DCUN1D5
ENSGALG00010007533	ENSGALG00010007533
ENSGALG00010007534	ENSGALG00010007534
ENSGALG00010007535	ENSGALG00010007535
GABBR2	GABBR2
ENSGALG00010007537	ENSGALG00010007537
ENSGALG00010007538	ENSGALG00010007538
RPS3A	RPS3A
ENSGALG00010007540	ENSGALG00010007540
ENSGALG00010007541	ENSGALG00010007541
MRPL36	MRPL36
ENSGALG00010007543	ENSGALG00010007543
MLYCD	MLYCD
ENSGALG00010007545	ENSGALG00010007545
MMP10	MMP10
ENSGALG00010007547	ENSGALG00010007547
HSBP1	HSBP1
SH3D19	SH3D19
ENSGALG00010007550	ENSGALG00010007550
FEZ2	FEZ2
ENSGALG00010007552	ENSGALG00010007552
ENSGALG00010007553	ENSGALG00010007553
ENSGALG00010007554	ENSGALG00010007554
NDUFS6	NDUFS6
ENSGALG00010007556	ENSGALG00010007556
ENSGALG00010007557	ENSGALG00010007557
ENSGALG00010007558	ENSGALG00010007558
ENSGALG00010007559	ENSGALG00010007559
ENSGALG00010007560	ENSGALG00010007560
ENSGALG00010007561	ENSGALG00010007561
ENSGALG00010007562	ENSGALG00010007562
ENSGALG00010007563	ENSGALG00010007563
IRX4	IRX4
ENSGALG00010007565	ENSGALG00010007565
FHIP1A	FHIP1A
TRIP13	TRIP13
ENSGALG00010007568	ENSGALG00010007568
GPR89A	GPR89A
ENSGALG00010007570	ENSGALG00010007570
MMP1	MMP1
PDZK1	PDZK1
ENSGALG00010007573	ENSGALG00010007573
ENSGALG00010007574	ENSGALG00010007574
MMP27	MMP27
ENSGALG00010007576	ENSGALG00010007576
WFDC1	WFDC1
ENSGALG00010007578	ENSGALG00010007578
GATB	GATB
BRD9	BRD9
LPCAT1	LPCAT1
ENSGALG00010007582	ENSGALG00010007582
ENSGALG00010007583	ENSGALG00010007583
ELP2	ELP2
KCNG4	KCNG4
MMP7	MMP7
ENSGALG00010007587	ENSGALG00010007587
TTC27	TTC27
ENSGALG00010007589	ENSGALG00010007589
FBXW7	FBXW7
ENSGALG00010007591	ENSGALG00010007591
ENSGALG00010007592	ENSGALG00010007592
SEC61B	SEC61B
ENSGALG00010007594	ENSGALG00010007594
ATP2C2	ATP2C2
ENSGALG00010007596	ENSGALG00010007596
SMKR1	SMKR1
ENSGALG00010007598	ENSGALG00010007598
ENSGALG00010007599	ENSGALG00010007599
ENSGALG00010007600	ENSGALG00010007600
TMEM154	TMEM154
ENSGALG00010007602	ENSGALG00010007602
ALG2	ALG2
ENSGALG00010007604	ENSGALG00010007604
ENSGALG00010007605	ENSGALG00010007605
ENSGALG00010007606	ENSGALG00010007606
ENSGALG00010007607	ENSGALG00010007607
ENSGALG00010007608	ENSGALG00010007608
ENSGALG00010007609	ENSGALG00010007609
TLDC1	TLDC1
ENSGALG00010007611	ENSGALG00010007611
ENSGALG00010007612	ENSGALG00010007612
ENSGALG00010007613	ENSGALG00010007613
BIRC6	BIRC6
ENSGALG00010007615	ENSGALG00010007615
ENSGALG00010007616	ENSGALG00010007616
ENSGALG00010007617	ENSGALG00010007617
ENSGALG00010007618	ENSGALG00010007618
ENSGALG00010007619	ENSGALG00010007619
ENSGALG00010007620	ENSGALG00010007620
ENSGALG00010007621	ENSGALG00010007621
ENSGALG00010007622	ENSGALG00010007622
ENSGALG00010007623	ENSGALG00010007623
TPPP	TPPP
ENSGALG00010007625	ENSGALG00010007625
DLK2	DLK2
ENSGALG00010007627	ENSGALG00010007627
ENSGALG00010007628	ENSGALG00010007628
ENSGALG00010007629	ENSGALG00010007629
ENSGALG00010007630	ENSGALG00010007630
ENSGALG00010007631	ENSGALG00010007631
ENSGALG00010007632	ENSGALG00010007632
ENSGALG00010007633	ENSGALG00010007633
ENSGALG00010007634	ENSGALG00010007634
ENSGALG00010007635	ENSGALG00010007635
ENSGALG00010007636	ENSGALG00010007636
ENSGALG00010007637	ENSGALG00010007637
ENSGALG00010007638	ENSGALG00010007638
ENSGALG00010007639	ENSGALG00010007639
TMEM123	TMEM123
ENSGALG00010007641	ENSGALG00010007641
ZNF318	ZNF318
COTL1	COTL1
ENSGALG00010007644	ENSGALG00010007644
ENSGALG00010007645	ENSGALG00010007645
ENSGALG00010007646	ENSGALG00010007646
ENSGALG00010007647	ENSGALG00010007647
ENSGALG00010007648	ENSGALG00010007648
ENSGALG00010007649	ENSGALG00010007649
KLHL36	KLHL36
CTNNAL1	CTNNAL1
ENSGALG00010007652	ENSGALG00010007652
ENSGALG00010007653	ENSGALG00010007653
HTR1F	HTR1F
SLC9A3	SLC9A3
ENSGALG00010007656	ENSGALG00010007656
ENSGALG00010007657	ENSGALG00010007657
BIRC2	BIRC2
ENSGALG00010007659	ENSGALG00010007659
FAM98A	FAM98A
POU1F1	POU1F1
ENSGALG00010007662	ENSGALG00010007662
ARFIP1	ARFIP1
ENSGALG00010007664	ENSGALG00010007664
ENSGALG00010007665	ENSGALG00010007665
ENSGALG00010007666	ENSGALG00010007666
ENSGALG00010007667	ENSGALG00010007667
ENSGALG00010007668	ENSGALG00010007668
ENSGALG00010007669	ENSGALG00010007669
ENSGALG00010007670	ENSGALG00010007670
FAM206A	FAM206A
ENSGALG00010007672	ENSGALG00010007672
FHDC1	FHDC1
ENSGALG00010007674	ENSGALG00010007674
ENSGALG00010007675	ENSGALG00010007675
ENSGALG00010007676	ENSGALG00010007676
ENSGALG00010007677	ENSGALG00010007677
CDH8	CDH8
TMEM135	TMEM135
CHMP2B	CHMP2B
ENSGALG00010007681	ENSGALG00010007681
ENSGALG00010007682	ENSGALG00010007682
ENSGALG00010007683	ENSGALG00010007683
ENSGALG00010007684	ENSGALG00010007684
ENSGALG00010007685	ENSGALG00010007685
ENSGALG00010007686	ENSGALG00010007686
ENSGALG00010007687	ENSGALG00010007687
ENSGALG00010007688	ENSGALG00010007688
ENSGALG00010007689	ENSGALG00010007689
ENSGALG00010007690	ENSGALG00010007690
ENSGALG00010007691	ENSGALG00010007691
ENSGALG00010007692	ENSGALG00010007692
ENSGALG00010007693	ENSGALG00010007693
ENSGALG00010007694	ENSGALG00010007694
RASGRP3	RASGRP3
ENSGALG00010007696	ENSGALG00010007696
ENSGALG00010007697	ENSGALG00010007697
ADAMTS18	ADAMTS18
SLC39A6	SLC39A6
ENSGALG00010007700	ENSGALG00010007700
ENSGALG00010007701	ENSGALG00010007701
ENSGALG00010007702	ENSGALG00010007702
ENSGALG00010007703	ENSGALG00010007703
ENSGALG00010007704	ENSGALG00010007704
ENSGALG00010007705	ENSGALG00010007705
ENSGALG00010007706	ENSGALG00010007706
ENSGALG00010007707	ENSGALG00010007707
ENSGALG00010007708	ENSGALG00010007708
ENSGALG00010007709	ENSGALG00010007709
ENSGALG00010007710	ENSGALG00010007710
ENSGALG00010007711	ENSGALG00010007711
ENSGALG00010007712	ENSGALG00010007712
SCLT1	SCLT1
ENSGALG00010007714	ENSGALG00010007714
ENSGALG00010007715	ENSGALG00010007715
ENSGALG00010007716	ENSGALG00010007716
GALR1	GALR1
ENSGALG00010007718	ENSGALG00010007718
LTBP1	LTBP1
ENSGALG00010007720	ENSGALG00010007720
ENSGALG00010007721	ENSGALG00010007721
ENSGALG00010007722	ENSGALG00010007722
ENSGALG00010007723	ENSGALG00010007723
RBM11	RBM11
ENSGALG00010007725	ENSGALG00010007725
ENSGALG00010007726	ENSGALG00010007726
ENSGALG00010007727	ENSGALG00010007727
gga-mir-7479-1 - ENSGALG00010007728	gga-mir-7479-1 - ENSGALG00010007728
ENSGALG00010007729	ENSGALG00010007729
COG2	COG2
ENSGALG00010007731	ENSGALG00010007731
gga-mir-7479-1 - ENSGALG00010007732	gga-mir-7479-1 - ENSGALG00010007732
gga-mir-7479-1 - ENSGALG00010007733	gga-mir-7479-1 - ENSGALG00010007733
ENSGALG00010007734	ENSGALG00010007734
ENSGALG00010007735	ENSGALG00010007735
ENSGALG00010007736	ENSGALG00010007736
gga-mir-7479-1 - ENSGALG00010007737	gga-mir-7479-1 - ENSGALG00010007737
ENSGALG00010007738	ENSGALG00010007738
ENSGALG00010007739	ENSGALG00010007739
gga-mir-7479-1 - ENSGALG00010007740	gga-mir-7479-1 - ENSGALG00010007740
ENSGALG00010007741	ENSGALG00010007741
gga-mir-7479-1 - ENSGALG00010007742	gga-mir-7479-1 - ENSGALG00010007742
gga-mir-7479-1 - ENSGALG00010007743	gga-mir-7479-1 - ENSGALG00010007743
gga-mir-7479-1 - ENSGALG00010007744	gga-mir-7479-1 - ENSGALG00010007744
gga-mir-7479-1 - ENSGALG00010007745	gga-mir-7479-1 - ENSGALG00010007745
gga-mir-7479-1 - ENSGALG00010007746	gga-mir-7479-1 - ENSGALG00010007746
ENSGALG00010007747	ENSGALG00010007747
CSGALNACT1	CSGALNACT1
gga-mir-7440	gga-mir-7440
gga-mir-1452	gga-mir-1452
HSPA13	HSPA13
gga-mir-7437	gga-mir-7437
PRSS23	PRSS23
gga-mir-9-2	gga-mir-9-2
gga-mir-1756a	gga-mir-1756a
ENSGALG00010007756	ENSGALG00010007756
gga-mir-1459	gga-mir-1459
DEK	DEK
AGT	AGT
ENSGALG00010007760	ENSGALG00010007760
ENSGALG00010007761	ENSGALG00010007761
SH2D4A	SH2D4A
FZD4	FZD4
ENSGALG00010007764	ENSGALG00010007764
NUDT7	NUDT7
ENSGALG00010007766	ENSGALG00010007766
VAT1L	VAT1L
ENSGALG00010007768	ENSGALG00010007768
ENSGALG00010007769	ENSGALG00010007769
ENSGALG00010007770	ENSGALG00010007770
CAPN9	CAPN9
CLEC3A	CLEC3A
ENSGALG00010007773	ENSGALG00010007773
ENSGALG00010007774	ENSGALG00010007774
ENSGALG00010007775	ENSGALG00010007775
ENSGALG00010007776	ENSGALG00010007776
KIF13A	KIF13A
ENSGALG00010007778	ENSGALG00010007778
ENSGALG00010007779	ENSGALG00010007779
SIRT5	SIRT5
MBP	MBP
ENSGALG00010007782	ENSGALG00010007782
NOL7	NOL7
INTS10	INTS10
ENSGALG00010007785	ENSGALG00010007785
SAMSN1	SAMSN1
C1orf198	C1orf198
PALM2AKAP2 - ENSGALG00010007788	PALM2AKAP2 - ENSGALG00010007788
WWOX	WWOX
ENSGALG00010007790	ENSGALG00010007790
ENSGALG00010007791	ENSGALG00010007791
ENSGALG00010007792	ENSGALG00010007792
ENSGALG00010007793	ENSGALG00010007793
ENSGALG00010007794	ENSGALG00010007794
ZNF236	ZNF236
MCUR1	MCUR1
ENSGALG00010007797	ENSGALG00010007797
HGSNAT	HGSNAT
ENSGALG00010007799	ENSGALG00010007799
MAF	MAF
TTC13	TTC13
ENSGALG00010007802	ENSGALG00010007802
ME3	ME3
ENSGALG00010007804	ENSGALG00010007804
ENSGALG00010007805	ENSGALG00010007805
DYNLRB2	DYNLRB2
ENSGALG00010007807	ENSGALG00010007807
ENSGALG00010007808	ENSGALG00010007808
ARV1	ARV1
ENSGALG00010007810	ENSGALG00010007810
PRCP	PRCP
POMK	POMK
U2 - ENSGALG00010007813	U2 - ENSGALG00010007813
U2 - ENSGALG00010007814	U2 - ENSGALG00010007814
ENSGALG00010007815	ENSGALG00010007815
U2 - ENSGALG00010007816	U2 - ENSGALG00010007816
CDYL2	CDYL2
ENSGALG00010007818	ENSGALG00010007818
NRIP1	NRIP1
U2 - ENSGALG00010007820	U2 - ENSGALG00010007820
FAM89A	FAM89A
U2 - ENSGALG00010007822	U2 - ENSGALG00010007822
U2 - ENSGALG00010007823	U2 - ENSGALG00010007823
U2 - ENSGALG00010007824	U2 - ENSGALG00010007824
U2 - ENSGALG00010007825	U2 - ENSGALG00010007825
ENSGALG00010007826	ENSGALG00010007826
U2 - ENSGALG00010007827	U2 - ENSGALG00010007827
gga-mir-96	gga-mir-96
gga-mir-29b-1	gga-mir-29b-1
SMIM19	SMIM19
gga-mir-1604	gga-mir-1604
gga-mir-1626	gga-mir-1626
gga-mir-205b	gga-mir-205b
gga-mir-29a	gga-mir-29a
GUCY1A1	GUCY1A1
gga-mir-1651	gga-mir-1651
gga-mir-1596	gga-mir-1596
gga-mir-183	gga-mir-183
gga-mir-6708	gga-mir-6708
gga-mir-182	gga-mir-182
TRIM67	TRIM67
gga-mir-12207	gga-mir-12207
gga-mir-1460	gga-mir-1460
gga-mir-6659	gga-mir-6659
TFAP2B	TFAP2B
ENSGALG00010007846	ENSGALG00010007846
CMC2	CMC2
TFAP2D	TFAP2D
TSTD1	TSTD1
ENSGALG00010007850	ENSGALG00010007850
AvBD7	AvBD7
SLC20A2	SLC20A2
C1orf131	C1orf131
FAM181B	FAM181B
RNF182	RNF182
PDCD2	PDCD2
ENSGALG00010007857	ENSGALG00010007857
VSTM2A	VSTM2A
CENPN	CENPN
DEFB4A	DEFB4A
INTU	INTU
ATMIN	ATMIN
AvBD1	AvBD1
TYR	TYR
GABRR3	GABRR3
TBP	TBP
ZNF516	ZNF516
INHBA	INHBA
GCSH	GCSH
AvBD3	AvBD3
HSPA4L	HSPA4L
KLHL2	KLHL2
ENSGALG00010007873	ENSGALG00010007873
ENSGALG00010007874	ENSGALG00010007874
AvBD4	AvBD4
PKD1L2	PKD1L2
MSMO1	MSMO1
PSMB1	PSMB1
PLK4	PLK4
BCO1	BCO1
AvBD14	AvBD14
CPE	CPE
DHTKD1	DHTKD1
GLI3	GLI3
USP38	USP38
GRM5	GRM5
CDT1	CDT1
MIOX	MIOX
DCAF6	DCAF6
ENSGALG00010007890	ENSGALG00010007890
GDI1	GDI1
ENSGALG00010007892	ENSGALG00010007892
MFSD8	MFSD8
CD88	CD88
GOLGB1	GOLGB1
TIMMDC1	TIMMDC1
EFHC1	EFHC1
GAB1	GAB1
APRT	APRT
FHOD3	FHOD3
FSTL5	FSTL5
C2H7orf25	C2H7orf25
PSMA2 - ENSGALG00010007903	PSMA2 - ENSGALG00010007903
PSMA2 - ENSGALG00010007904	PSMA2 - ENSGALG00010007904
MRPL32	MRPL32
NAF1	NAF1
IRX2	IRX2
IRX1	IRX1
GALNS	GALNS
ANKS6	ANKS6
IFI6	IFI6
TRAPPC2L	TRAPPC2L
PABPN1L	PABPN1L
PAQR8	PAQR8
HECW1	HECW1
MCM3	MCM3
POGLUT1	POGLUT1
NPY1R	NPY1R
IL17F	IL17F
FAT3	FAT3
FAM120B	FAM120B
IL17A	IL17A
YAP1	YAP1
ABHD18	ABHD18
STK17A	STK17A
EIF3E	EIF3E
DLL1	DLL1
C11orf70	C11orf70
LRRC14B	LRRC14B
CBFA2T3	CBFA2T3
GBE1	GBE1
NPY5R	NPY5R
CEP126	CEP126
PKHD1	PKHD1
LARP1B	LARP1B
ENSGALG00010007936	ENSGALG00010007936
ANGPTL5	ANGPTL5
BCL9	BCL9
ENSGALG00010007939	ENSGALG00010007939
GLIPR2	GLIPR2
MRPL19	MRPL19
PGRMC2	PGRMC2
BLOC1S4	BLOC1S4
ACSF3	ACSF3
ENSGALG00010007945	ENSGALG00010007945
ENSGALG00010007946	ENSGALG00010007946
ENSGALG00010007947	ENSGALG00010007947
ENSGALG00010007948	ENSGALG00010007948
ENSGALG00010007949	ENSGALG00010007949
ARC	ARC
TGFBR1	TGFBR1
EMC2	EMC2
SCGN	SCGN
PSCA	PSCA
TMA16	TMA16
HS1BP3	HS1BP3
CDH15	CDH15
ENSGALG00010007958	ENSGALG00010007958
ENSGALG00010007959	ENSGALG00010007959
TSNAX	TSNAX
ENSGALG00010007961	ENSGALG00010007961
ADCY8	ADCY8
LDAH	LDAH
RECQL4	RECQL4
EGLN1	EGLN1
TMEM74	TMEM74
ENSGALG00010007967	ENSGALG00010007967
SLC22A31	SLC22A31
ENSGALG00010007969	ENSGALG00010007969
SPRTN	SPRTN
ENSGALG00010007971	ENSGALG00010007971
EXOC8	EXOC8
CARMIL1	CARMIL1
ENSGALG00010007974	ENSGALG00010007974
ANKRD11	ANKRD11
ENSGALG00010007976	ENSGALG00010007976
APOB	APOB
JADE1	JADE1
RAB30	RAB30
MARCH1	MARCH1
TDRD15	TDRD15
RECK	RECK
RCHY1	RCHY1
EIF3H	EIF3H
APELA	APELA
MYC	MYC
ENSGALG00010007987	ENSGALG00010007987
TARBP1	TARBP1
SPG7	SPG7
TRHR	TRHR
PCF11	PCF11
LAPTM4A	LAPTM4A
ENSGALG00010007993	ENSGALG00010007993
FAM65B	FAM65B
KIAA0319	KIAA0319
NUDCD1	NUDCD1
TMEM192	TMEM192
RPL13	RPL13
SDC1	SDC1
C8orf82	C8orf82
ALDH5A1	ALDH5A1
GJA8	GJA8
ENSGALG00010008003	ENSGALG00010008003
ENY2	ENY2
ANKRD42	ANKRD42
CPNE7	CPNE7
CBR4	CBR4
BTC	BTC
GPLD1	GPLD1
CERK	CERK
ADNP2	ADNP2
CCDC90B	CCDC90B
ENSGALG00010008013	ENSGALG00010008013
ENSGALG00010008014	ENSGALG00010008014
ARHGAP39	ARHGAP39
GSR	GSR
GMNN	GMNN
ENSGALG00010008018	ENSGALG00010008018
PPP2CB	PPP2CB
COA6	COA6
ENSGALG00010008021	ENSGALG00010008021
SLC35F3	SLC35F3
ATAD2	ATAD2
MRS2	MRS2
TBC1D22A	TBC1D22A
PURG	PURG
C2H6ORF62	C2H6ORF62
KCNK7	KCNK7
LY6E	LY6E
GJA5	GJA5
MAP3K21	MAP3K21
PUM2	PUM2
ACOT13	ACOT13
DPEP1	DPEP1
TDP2	TDP2
SPOCK3	SPOCK3
LY6CLEL	LY6CLEL
WRN	WRN
CHMP1A	CHMP1A
ENSGALG00010008040	ENSGALG00010008040
ENSGALG00010008041	ENSGALG00010008041
ENSGALG00010008042	ENSGALG00010008042
IL17REL	IL17REL
ENSGALG00010008044	ENSGALG00010008044
DCDC2	DCDC2
RHOB	RHOB
ASAP1	ASAP1
ENSGALG00010008048	ENSGALG00010008048
ANXA10	ANXA10
CDK10	CDK10
ENSGALG00010008051	ENSGALG00010008051
RBFA	RBFA
ENSGALG00010008053	ENSGALG00010008053
CRISP2 - ENSGALG00010008054	CRISP2 - ENSGALG00010008054
MLC1	MLC1
GTF2E2	GTF2E2
BAG1	BAG1
USP25	USP25
ENSGALG00010008059	ENSGALG00010008059
ENSGALG00010008060	ENSGALG00010008060
CRISP2 - ENSGALG00010008061	CRISP2 - ENSGALG00010008061
VPS9D1	VPS9D1
KCNV1	KCNV1
DDX60	DDX60
CHMP5	CHMP5
PCNX2	PCNX2
MPC2	MPC2
ENSGALG00010008068	ENSGALG00010008068
DLG2	DLG2
ENSGALG00010008070	ENSGALG00010008070
SMIM18	SMIM18
NRSN1	NRSN1
ZNF276	ZNF276
RHAG	RHAG
SDHA	SDHA
ENSGALG00010008076	ENSGALG00010008076
ENSGALG00010008077	ENSGALG00010008077
GUCY1B1	GUCY1B1
CCDC127	CCDC127
ENSGALG00010008080	ENSGALG00010008080
TOP1MT	TOP1MT
PRL	PRL
FANCA	FANCA
CYP2AC1	CYP2AC1
ENSGALG00010008085	ENSGALG00010008085
RHPN1	RHPN1
CPNE8	CPNE8
SLC35A4	SLC35A4
ENSGALG00010008089	ENSGALG00010008089
SLC6A18	SLC6A18
ENSGALG00010008091	ENSGALG00010008091
SPIRE2	SPIRE2
EFR3A	EFR3A
PIM3	PIM3
ENSGALG00010008095	ENSGALG00010008095
ENSGALG00010008096	ENSGALG00010008096
ENSGALG00010008097	ENSGALG00010008097
TMEM126A	TMEM126A
PANK3	PANK3
ENSGALG00010008100	ENSGALG00010008100
CENPQ	CENPQ
CCDC89	CCDC89
RBPMS	RBPMS
TCF25	TCF25
MMUT	MMUT
ENSGALG00010008106	ENSGALG00010008106
TUBB3	TUBB3
ENSGALG00010008108	ENSGALG00010008108
OPN5L2	OPN5L2
DEF8	DEF8
SYTL2	SYTL2
ENSGALG00010008112	ENSGALG00010008112
DBNDD1	DBNDD1
ENSGALG00010008114	ENSGALG00010008114
ENSGALG00010008115	ENSGALG00010008115
URAH	URAH
ENSGALG00010008117	ENSGALG00010008117
ENSGALG00010008118	ENSGALG00010008118
CCDC83	CCDC83
CDC5L	CDC5L
MPZL1	MPZL1
ENSGALG00010008122	ENSGALG00010008122
ENSGALG00010008123	ENSGALG00010008123
ENSGALG00010008124	ENSGALG00010008124
ENSGALG00010008125	ENSGALG00010008125
CDH3	CDH3
TBC1D2	TBC1D2
RARS	RARS
TANGO6	TANGO6
RCSD1	RCSD1
OC90	OC90
TDO2	TDO2
CREG1	CREG1
SLC2A13	SLC2A13
WWC1	WWC1
ELP1	ELP1
HHLA1	HHLA1
ENSGALG00010008138	ENSGALG00010008138
ENSGALG00010008139	ENSGALG00010008139
ASIC5	ASIC5
APTX	APTX
CD247	CD247
DCTN6	DCTN6
NTPCR	NTPCR
ENSGALG00010008145	ENSGALG00010008145
SOX4	SOX4
CDKAL1	CDKAL1
ABCD2	ABCD2
DNAJA1	DNAJA1
TERT	TERT
SIPA1L2	SIPA1L2
ENSGALG00010008152	ENSGALG00010008152
SMU1	SMU1
KCNQ3	KCNQ3
MAP10	MAP10
HAS3	HAS3
CTSO	CTSO
CLPTM1L	CLPTM1L
SUPT3H	SUPT3H
TXNL4A	TXNL4A
TMEFF1	TMEFF1
HSBP1L1	HSBP1L1
CHTF8	CHTF8
TG	TG
MRPL1	MRPL1
RUNX2	RUNX2
UTP4	UTP4
CAVIN4	CAVIN4
HTR4	HTR4
PICALM	PICALM
KIF21A	KIF21A
SNTB2	SNTB2
ENSGALG00010008173	ENSGALG00010008173
SLC26A2	SLC26A2
ENSGALG00010008175	ENSGALG00010008175
SLA	SLA
NREP	NREP
PGR	PGR
SEMA6A	SEMA6A
POU2F1	POU2F1
DISC1	DISC1
CLIC5	CLIC5
ALG10	ALG10
PQLC1	PQLC1
PDGFC	PDGFC
NOP53	NOP53
ENSGALG00010008187	ENSGALG00010008187
VPS4A	VPS4A
EXOC3	EXOC3
TSNARE1	TSNARE1
ENSGALG00010008191	ENSGALG00010008191
HNRNPU	HNRNPU
CNOT6L	CNOT6L
PDF	PDF
ENSGALG00010008195	ENSGALG00010008195
PDCD6	PDCD6
STARD4	STARD4
GLRB	GLRB
TPRKB	TPRKB
COG8	COG8
ENPP4	ENPP4
KCNG2	KCNG2
CXCL13	CXCL13
ENSGALG00010008204	ENSGALG00010008204
ENSGALG00010008205	ENSGALG00010008205
CXCL13L2	CXCL13L2
CAMK4	CAMK4
ILDR2	ILDR2
PPARGC1B	PPARGC1B
CTDP1	CTDP1
ADGRB1	ADGRB1
GTSE1	GTSE1
ISCA1	ISCA1
CCNG2	CCNG2
SELENOW	SELENOW
GPA33	GPA33
ARHGEF37	ARHGEF37
ARHGAP42	ARHGAP42
NIP7	NIP7
ENSGALG00010008220	ENSGALG00010008220
ENSGALG00010008221	ENSGALG00010008221
STYXL2	STYXL2
ENSGALG00010008223	ENSGALG00010008223
H3-IX	H3-IX
ENSGALG00010008225	ENSGALG00010008225
COX20	COX20
DUSP1	DUSP1
TMED6	TMED6
PIGY	PIGY
TRMU	TRMU
ZCCHC6	ZCCHC6
PYURF	PYURF
FAM49B	FAM49B
COMMD10	COMMD10
MAEL	MAEL
ENSGALG00010008236	ENSGALG00010008236
GRIA2	GRIA2
WDYHV1	WDYHV1
ENSGALG00010008239	ENSGALG00010008239
RCAN2	RCAN2
HERC3	HERC3
CNTN5	CNTN5
YTHDC2	YTHDC2
ENSGALG00010008244	ENSGALG00010008244
FBXO32	FBXO32
TERF2	TERF2
GASK1B	GASK1B
TPK1	TPK1
ENSGALG00010008249	ENSGALG00010008249
KLHL38	KLHL38
AHRR	AHRR
ZFP92	ZFP92
ENSGALG00010008253	ENSGALG00010008253
ENSGALG00010008254	ENSGALG00010008254
C2H9ORF30	C2H9ORF30
ENSGALG00010008256	ENSGALG00010008256
DESI2	DESI2
CCDC82	CCDC82
MCC	MCC
ENSGALG00010008260	ENSGALG00010008260
OTX5	OTX5
CYB5B	CYB5B
C1orf101	C1orf101
CNTNAP2	CNTNAP2
ENSGALG00010008265	ENSGALG00010008265
ECSCR	ECSCR
MAML2	MAML2
ENSGALG00010008268	ENSGALG00010008268
ENSGALG00010008269	ENSGALG00010008269
CCDC166	CCDC166
ENSGALG00010008271	ENSGALG00010008271
DCP2	DCP2
TMEM144	TMEM144
NFAT5	NFAT5
CELSR1	CELSR1
DNAJC18	DNAJC18
MZB1	MZB1
CYP39A1	CYP39A1
MAPK15	MAPK15
ENSGALG00010008280	ENSGALG00010008280
ENSGALG00010008281	ENSGALG00010008281
FAM83H	FAM83H
NQO1	NQO1
BCKDHA	BCKDHA
ADSS2	ADSS2
ANXA13	ANXA13
ENSGALG00010008287	ENSGALG00010008287
ENSGALG00010008288	ENSGALG00010008288
MTMR2	MTMR2
FAM13A	FAM13A
PTGFRN	PTGFRN
REEP5	REEP5
PLA2G7	PLA2G7
NOB1	NOB1
DMAC2	DMAC2
PALLD	PALLD
ENSGALG00010008297	ENSGALG00010008297
ENSGALG00010008298	ENSGALG00010008298
ANKRD66	ANKRD66
CUL1	CUL1
FAM91A1	FAM91A1
ENSGALG00010008302	ENSGALG00010008302
TEX10	TEX10
ENSGALG00010008304	ENSGALG00010008304
SLC23A1	SLC23A1
ENSGALG00010008306	ENSGALG00010008306
MEP1A	MEP1A
WWP2	WWP2
ENSGALG00010008309	ENSGALG00010008309
EXOSC5	EXOSC5
SRP19	SRP19
ZBTB18	ZBTB18
PSMD7	PSMD7
INVS	INVS
ENSGALG00010008315	ENSGALG00010008315
ADGRF5	ADGRF5
CEP57	CEP57
ADPRH	ADPRH
ERP44	ERP44
GPRIN3	GPRIN3
ZFHX3	ZFHX3
ens-2 - ENSGALG00010008322	ens-2 - ENSGALG00010008322
AKT3	AKT3
SCRIB	SCRIB
AADAT	AADAT
ens-2 - ENSGALG00010008326	ens-2 - ENSGALG00010008326
TGFB1	TGFB1
ENSGALG00010008328	ENSGALG00010008328
ENSGALG00010008329	ENSGALG00010008329
EZH2	EZH2
CCDC97	CCDC97
DHX38	DHX38
APC	APC
STX17	STX17
HNRNPUL1	HNRNPUL1
PAIP2B	PAIP2B
ENSGALG00010008337	ENSGALG00010008337
ENSGALG00010008338	ENSGALG00010008338
FAM76B	FAM76B
PDIA4	PDIA4
DHODH	DHODH
PLD3	PLD3
TNFRSF21	TNFRSF21
MFAP3L	MFAP3L
ens-2 - ENSGALG00010008345	ens-2 - ENSGALG00010008345
NR4A3	NR4A3
PUF60	PUF60
ENSGALG00010008348	ENSGALG00010008348
ENSGALG00010008349	ENSGALG00010008349
LRRC6	LRRC6
IST1	IST1
ENSGALG00010008352	ENSGALG00010008352
ens-2 - ENSGALG00010008353	ens-2 - ENSGALG00010008353
TMEM71	TMEM71
MAFA	MAFA
ENSGALG00010008356	ENSGALG00010008356
ENSGALG00010008357	ENSGALG00010008357
HPF1	HPF1
ENSGALG00010008359	ENSGALG00010008359
ZC3H3	ZC3H3
MATR3	MATR3
RAMP3	RAMP3
ens-2 - ENSGALG00010008363	ens-2 - ENSGALG00010008363
ENSGALG00010008364	ENSGALG00010008364
ENSGALG00010008365	ENSGALG00010008365
RPRD1A	RPRD1A
ENSGALG00010008367	ENSGALG00010008367
SNCA	SNCA
ENSGALG00010008369	ENSGALG00010008369
ENSGALG00010008370	ENSGALG00010008370
ENSGALG00010008371	ENSGALG00010008371
CLCN3	CLCN3
CZH5ORF30	CZH5ORF30
ZNF821	ZNF821
ENSGALG00010008375	ENSGALG00010008375
MMRN1	MMRN1
AKT2	AKT2
ens-2 - ENSGALG00010008378	ens-2 - ENSGALG00010008378
ENSGALG00010008379	ENSGALG00010008379
SIL1	SIL1
C18orf21	C18orf21
ENSGALG00010008382	ENSGALG00010008382
PLD5	PLD5
ens-2 - ENSGALG00010008384	ens-2 - ENSGALG00010008384
CTNNA1	CTNNA1
SESN3	SESN3
PHF20L1	PHF20L1
ADCY1	ADCY1
GALNT1	GALNT1
ENSGALG00010008390	ENSGALG00010008390
ENSGALG00010008391	ENSGALG00010008391
CD36	CD36
ens-2 - ENSGALG00010008393	ens-2 - ENSGALG00010008393
CD2AP	CD2AP
ENDOD1	ENDOD1
LRRTM2	LRRTM2
ATXN1L	ATXN1L
ENSGALG00010008398	ENSGALG00010008398
INO80C	INO80C
MAP1LC3C	MAP1LC3C
PSMD8	PSMD8
BKJ - ENSGALG00010008402	BKJ - ENSGALG00010008402
GNAT3	GNAT3
BKJ - ENSGALG00010008404	BKJ - ENSGALG00010008404
LRATD2	LRATD2
BKJ - ENSGALG00010008406	BKJ - ENSGALG00010008406
GNAI1	GNAI1
SMARCA4	SMARCA4
CWC15	CWC15
NAPRT	NAPRT
ENSGALG00010008411	ENSGALG00010008411
NEK1	NEK1
BKJ - ENSGALG00010008413	BKJ - ENSGALG00010008413
ens-2 - ENSGALG00010008414	ens-2 - ENSGALG00010008414
ADGRF4	ADGRF4
MSX2	MSX2
IGFBP1	IGFBP1
TMEM245	TMEM245
ENSGALG00010008419	ENSGALG00010008419
ENSGALG00010008420	ENSGALG00010008420
OPN5	OPN5
EXO1	EXO1
BKJ - ENSGALG00010008423	BKJ - ENSGALG00010008423
PPIP5K2	PPIP5K2
MAGI2	MAGI2
AP1G1	AP1G1
ENSGALG00010008427	ENSGALG00010008427
ENSGALG00010008428	ENSGALG00010008428
IGFBP3	IGFBP3
ENSGALG00010008430	ENSGALG00010008430
SH3RF1	SH3RF1
ENSGALG00010008432	ENSGALG00010008432
EBAG9	EBAG9
PTCHD4	PTCHD4
ens-2 - ENSGALG00010008435	ens-2 - ENSGALG00010008435
ENSGALG00010008436	ENSGALG00010008436
SHKBP1 - ENSGALG00010008437	SHKBP1 - ENSGALG00010008437
SYBU	SYBU
ENSGALG00010008439	ENSGALG00010008439
ENSGALG00010008440	ENSGALG00010008440
PHLPP2	PHLPP2
WDR64	WDR64
RSFR	RSFR
SLC7A11	SLC7A11
ENSGALG00010008445	ENSGALG00010008445
ens-2 - ENSGALG00010008446	ens-2 - ENSGALG00010008446
FRRS1L	FRRS1L
TNS3	TNS3
SRA1	SRA1
GIN1	GIN1
OPN3	OPN3
ENSGALG00010008452	ENSGALG00010008452
AMOTL1	AMOTL1
ens-2 - ENSGALG00010008454	ens-2 - ENSGALG00010008454
FKBP1B	FKBP1B
NHLRC1	NHLRC1
MARVELD3	MARVELD3
ENSGALG00010008458	ENSGALG00010008458
EPB41L4B	EPB41L4B
ENSGALG00010008460	ENSGALG00010008460
ENSGALG00010008461	ENSGALG00010008461
ENSGALG00010008462	ENSGALG00010008462
ENSGALG00010008463	ENSGALG00010008463
SF3B6	SF3B6
ENSGALG00010008465	ENSGALG00010008465
C11orf97	C11orf97
ENSGALG00010008467	ENSGALG00010008467
ENSGALG00010008468	ENSGALG00010008468
NOCT	NOCT
ENSGALG00010008470	ENSGALG00010008470
ENSGALG00010008471	ENSGALG00010008471
ENSGALG00010008472	ENSGALG00010008472
CSMD3	CSMD3
ENSGALG00010008474	ENSGALG00010008474
ENSGALG00010008475	ENSGALG00010008475
RNF166	RNF166
ENSGALG00010008477	ENSGALG00010008477
ENSGALG00010008478	ENSGALG00010008478
ENSGALG00010008479	ENSGALG00010008479
ENSGALG00010008480	ENSGALG00010008480
ENSGALG00010008481	ENSGALG00010008481
ENSGALG00010008482	ENSGALG00010008482
ENSGALG00010008483	ENSGALG00010008483
ENSGALG00010008484	ENSGALG00010008484
ENSGALG00010008485	ENSGALG00010008485
CTU2	CTU2
ENSGALG00010008487	ENSGALG00010008487
CCSER1	CCSER1
ENSGALG00010008489	ENSGALG00010008489
ENSGALG00010008490	ENSGALG00010008490
ENSGALG00010008491	ENSGALG00010008491
ANKRD49	ANKRD49
ENSGALG00010008493	ENSGALG00010008493
ENSGALG00010008494	ENSGALG00010008494
ENSGALG00010008495	ENSGALG00010008495
ENSGALG00010008496	ENSGALG00010008496
PAM	PAM
ENSGALG00010008498	ENSGALG00010008498
ENSGALG00010008499	ENSGALG00010008499
ENSGALG00010008500	ENSGALG00010008500
FAM228	FAM228
ENSGALG00010008502	ENSGALG00010008502
ENSGALG00010008503	ENSGALG00010008503
RNF139	RNF139
PTPN3	PTPN3
ENSGALG00010008506	ENSGALG00010008506
ENSGALG00010008507	ENSGALG00010008507
ENSGALG00010008508	ENSGALG00010008508
ENSGALG00010008509	ENSGALG00010008509
Atoh1	Atoh1
ENSGALG00010008511	ENSGALG00010008511
ENSGALG00010008512	ENSGALG00010008512
ENSGALG00010008513	ENSGALG00010008513
PIEZO1	PIEZO1
TAFA5	TAFA5
MRE11	MRE11
ENSGALG00010008517	ENSGALG00010008517
ENSGALG00010008518	ENSGALG00010008518
ENSGALG00010008519	ENSGALG00010008519
ENSGALG00010008520	ENSGALG00010008520
ENSGALG00010008521	ENSGALG00010008521
NUDT12	NUDT12
ENSGALG00010008523	ENSGALG00010008523
ENSGALG00010008524	ENSGALG00010008524
ENSGALG00010008525	ENSGALG00010008525
ENSGALG00010008526	ENSGALG00010008526
CHUK	CHUK
ENSGALG00010008528	ENSGALG00010008528
GPR83	GPR83
ENSGALG00010008530	ENSGALG00010008530
ENSGALG00010008531	ENSGALG00010008531
ENSGALG00010008532	ENSGALG00010008532
ENSGALG00010008533	ENSGALG00010008533
RAB33B	RAB33B
ENSGALG00010008535	ENSGALG00010008535
ENSGALG00010008536	ENSGALG00010008536
ENSGALG00010008537	ENSGALG00010008537
ENSGALG00010008538	ENSGALG00010008538
ENSGALG00010008539	ENSGALG00010008539
ENSGALG00010008540	ENSGALG00010008540
ENSGALG00010008541	ENSGALG00010008541
MOCOS	MOCOS
ENSGALG00010008543	ENSGALG00010008543
ENSGALG00010008544	ENSGALG00010008544
ENSGALG00010008545	ENSGALG00010008545
ENSGALG00010008546	ENSGALG00010008546
ENSGALG00010008547	ENSGALG00010008547
ENSGALG00010008548	ENSGALG00010008548
ENSGALG00010008549	ENSGALG00010008549
ENSGALG00010008550	ENSGALG00010008550
ENSGALG00010008551	ENSGALG00010008551
ENSGALG00010008552	ENSGALG00010008552
ENSGALG00010008553	ENSGALG00010008553
ENSGALG00010008554	ENSGALG00010008554
ENSGALG00010008555	ENSGALG00010008555
ENSGALG00010008556	ENSGALG00010008556
ENSGALG00010008557	ENSGALG00010008557
ENSGALG00010008558	ENSGALG00010008558
ENSGALG00010008559	ENSGALG00010008559
ENSGALG00010008560	ENSGALG00010008560
EEF1D	EEF1D
ENSGALG00010008562	ENSGALG00010008562
ENSGALG00010008563	ENSGALG00010008563
ENSGALG00010008564	ENSGALG00010008564
ENSGALG00010008565	ENSGALG00010008565
ENSGALG00010008566	ENSGALG00010008566
ENSGALG00010008567	ENSGALG00010008567
ENSGALG00010008568	ENSGALG00010008568
ENSGALG00010008569	ENSGALG00010008569
ENSGALG00010008570	ENSGALG00010008570
ENSGALG00010008571	ENSGALG00010008571
ENSGALG00010008572	ENSGALG00010008572
ENSGALG00010008573	ENSGALG00010008573
ENSGALG00010008574	ENSGALG00010008574
ENSGALG00010008575	ENSGALG00010008575
ENSGALG00010008576	ENSGALG00010008576
ENSGALG00010008577	ENSGALG00010008577
ENSGALG00010008578	ENSGALG00010008578
ENSGALG00010008579	ENSGALG00010008579
PANX1	PANX1
ENSGALG00010008581	ENSGALG00010008581
ENSGALG00010008582	ENSGALG00010008582
ENSGALG00010008583	ENSGALG00010008583
ENSGALG00010008584	ENSGALG00010008584
ENSGALG00010008585	ENSGALG00010008585
ENSGALG00010008586	ENSGALG00010008586
ENSGALG00010008587	ENSGALG00010008587
PYCR3	PYCR3
ENSGALG00010008589	ENSGALG00010008589
ENSGALG00010008590	ENSGALG00010008590
ENSGALG00010008591	ENSGALG00010008591
KIAA0513	KIAA0513
ENSGALG00010008593	ENSGALG00010008593
ENSGALG00010008594	ENSGALG00010008594
ENSGALG00010008595	ENSGALG00010008595
HIST1H2B5L	HIST1H2B5L
ENSGALG00010008597	ENSGALG00010008597
ENSGALG00010008598	ENSGALG00010008598
ENSGALG00010008599	ENSGALG00010008599
ENSGALG00010008600	ENSGALG00010008600
ENSGALG00010008601	ENSGALG00010008601
ENSGALG00010008602	ENSGALG00010008602
ENSGALG00010008603	ENSGALG00010008603
ENSGALG00010008604	ENSGALG00010008604
ENSGALG00010008605	ENSGALG00010008605
ENSGALG00010008606	ENSGALG00010008606
BKJ - ENSGALG00010008607	BKJ - ENSGALG00010008607
ENSGALG00010008608	ENSGALG00010008608
ENSGALG00010008609	ENSGALG00010008609
ENSGALG00010008610	ENSGALG00010008610
ENSGALG00010008611	ENSGALG00010008611
BKJ - ENSGALG00010008612	BKJ - ENSGALG00010008612
ENSGALG00010008613	ENSGALG00010008613
ENSGALG00010008614	ENSGALG00010008614
ENSGALG00010008615	ENSGALG00010008615
ENSGALG00010008616	ENSGALG00010008616
ENSGALG00010008617	ENSGALG00010008617
EIF4EBP3	EIF4EBP3
ENSGALG00010008619	ENSGALG00010008619
ENSGALG00010008620	ENSGALG00010008620
ENSGALG00010008621	ENSGALG00010008621
ENSGALG00010008622	ENSGALG00010008622
TRPS1	TRPS1
ENSGALG00010008624	ENSGALG00010008624
ENSGALG00010008625	ENSGALG00010008625
ENSGALG00010008626	ENSGALG00010008626
ENSGALG00010008627	ENSGALG00010008627
ENSGALG00010008628	ENSGALG00010008628
ENSGALG00010008629	ENSGALG00010008629
ENSGALG00010008630	ENSGALG00010008630
ENSGALG00010008631	ENSGALG00010008631
ENSGALG00010008632	ENSGALG00010008632
ENSGALG00010008633	ENSGALG00010008633
ENSGALG00010008634	ENSGALG00010008634
ENSGALG00010008635	ENSGALG00010008635
AGTPBP1	AGTPBP1
RGS7	RGS7
ENSGALG00010008638	ENSGALG00010008638
ENSGALG00010008639	ENSGALG00010008639
ENSGALG00010008640	ENSGALG00010008640
HEPHL1	HEPHL1
ENSGALG00010008642	ENSGALG00010008642
ENSGALG00010008643	ENSGALG00010008643
ENSGALG00010008644	ENSGALG00010008644
ENSGALG00010008645	ENSGALG00010008645
ENSGALG00010008646	ENSGALG00010008646
ENSGALG00010008647	ENSGALG00010008647
ENSGALG00010008648	ENSGALG00010008648
ENSGALG00010008649	ENSGALG00010008649
ENSGALG00010008650	ENSGALG00010008650
ENSGALG00010008651	ENSGALG00010008651
ENSGALG00010008652	ENSGALG00010008652
ENSGALG00010008653	ENSGALG00010008653
ENSGALG00010008654	ENSGALG00010008654
ENSGALG00010008655	ENSGALG00010008655
CCDC6	CCDC6
ENSGALG00010008657	ENSGALG00010008657
TSTA3	TSTA3
ENSGALG00010008659	ENSGALG00010008659
ENSGALG00010008660	ENSGALG00010008660
ENSGALG00010008661	ENSGALG00010008661
ENSGALG00010008662	ENSGALG00010008662
ENSGALG00010008663	ENSGALG00010008663
TM4SF1a	TM4SF1a
ENSGALG00010008665	ENSGALG00010008665
SLC16A9	SLC16A9
ENSGALG00010008667	ENSGALG00010008667
ENSGALG00010008668	ENSGALG00010008668
ENSGALG00010008669	ENSGALG00010008669
ENSGALG00010008670	ENSGALG00010008670
ENSGALG00010008671	ENSGALG00010008671
ENSGALG00010008672	ENSGALG00010008672
ENSGALG00010008673	ENSGALG00010008673
RXFP1	RXFP1
ENSGALG00010008675	ENSGALG00010008675
ENSGALG00010008676	ENSGALG00010008676
ENSGALG00010008677	ENSGALG00010008677
ENSGALG00010008678	ENSGALG00010008678
ENSGALG00010008679	ENSGALG00010008679
ENSGALG00010008680	ENSGALG00010008680
ENSGALG00010008681	ENSGALG00010008681
ENSGALG00010008682	ENSGALG00010008682
SLC4A9	SLC4A9
ENSGALG00010008684	ENSGALG00010008684
ENSGALG00010008685	ENSGALG00010008685
ENSGALG00010008686	ENSGALG00010008686
ENSGALG00010008687	ENSGALG00010008687
HBEGF	HBEGF
ENSGALG00010008689	ENSGALG00010008689
YIF1B	YIF1B
ENSGALG00010008691	ENSGALG00010008691
ENSGALG00010008692	ENSGALG00010008692
C4orf46	C4orf46
ENSGALG00010008694	ENSGALG00010008694
ENSGALG00010008695	ENSGALG00010008695
PFN4	PFN4
ENSGALG00010008697	ENSGALG00010008697
ENSGALG00010008698	ENSGALG00010008698
NAA35	NAA35
ENSGALG00010008700	ENSGALG00010008700
BKJ - ENSGALG00010008701	BKJ - ENSGALG00010008701
ENSGALG00010008702	ENSGALG00010008702
ENSGALG00010008703	ENSGALG00010008703
ENSGALG00010008704	ENSGALG00010008704
ENSGALG00010008705	ENSGALG00010008705
ENSGALG00010008706	ENSGALG00010008706
ENSGALG00010008707	ENSGALG00010008707
ZC3H4	ZC3H4
ENSGALG00010008709	ENSGALG00010008709
ENSGALG00010008710	ENSGALG00010008710
ENSGALG00010008711	ENSGALG00010008711
ENSGALG00010008712	ENSGALG00010008712
ENSGALG00010008713	ENSGALG00010008713
ENSGALG00010008714	ENSGALG00010008714
ENSGALG00010008715	ENSGALG00010008715
TATDN1	TATDN1
ENSGALG00010008717	ENSGALG00010008717
ENSGALG00010008718	ENSGALG00010008718
ENSGALG00010008719	ENSGALG00010008719
ENSGALG00010008720	ENSGALG00010008720
ENSGALG00010008721	ENSGALG00010008721
ENSGALG00010008722	ENSGALG00010008722
ENSGALG00010008723	ENSGALG00010008723
ENSGALG00010008724	ENSGALG00010008724
ENSGALG00010008725	ENSGALG00010008725
ENSGALG00010008726	ENSGALG00010008726
ENSGALG00010008727	ENSGALG00010008727
ENSGALG00010008728	ENSGALG00010008728
TMEM254	TMEM254
ENSGALG00010008730	ENSGALG00010008730
NDUFB9	NDUFB9
ENSGALG00010008732	ENSGALG00010008732
ENSGALG00010008733	ENSGALG00010008733
ENSGALG00010008734	ENSGALG00010008734
ENSGALG00010008735	ENSGALG00010008735
ENSGALG00010008736	ENSGALG00010008736
ENSGALG00010008737	ENSGALG00010008737
ENSGALG00010008738	ENSGALG00010008738
VSTM5	VSTM5
ENSGALG00010008740	ENSGALG00010008740
ENSGALG00010008741	ENSGALG00010008741
ENSGALG00010008742	ENSGALG00010008742
ENSGALG00010008743	ENSGALG00010008743
ENSGALG00010008744	ENSGALG00010008744
GRAMD4	GRAMD4
ENSGALG00010008746	ENSGALG00010008746
ENSGALG00010008747	ENSGALG00010008747
ENSGALG00010008748	ENSGALG00010008748
ENSGALG00010008749	ENSGALG00010008749
PFDN1	PFDN1
ENSGALG00010008751	ENSGALG00010008751
GOLM1	GOLM1
ENSGALG00010008753	ENSGALG00010008753
ENSGALG00010008754	ENSGALG00010008754
ENSGALG00010008755	ENSGALG00010008755
ITSN2	ITSN2
ENSGALG00010008757	ENSGALG00010008757
ENSGALG00010008758	ENSGALG00010008758
ENSGALG00010008759	ENSGALG00010008759
ENSGALG00010008760	ENSGALG00010008760
ENSGALG00010008761	ENSGALG00010008761
SAE1	SAE1
ENSGALG00010008763	ENSGALG00010008763
ETFDH	ETFDH
ENSGALG00010008765	ENSGALG00010008765
ENSGALG00010008766	ENSGALG00010008766
ENSGALG00010008767	ENSGALG00010008767
AAED1	AAED1
ENSGALG00010008769	ENSGALG00010008769
ENSGALG00010008770	ENSGALG00010008770
ENSGALG00010008771	ENSGALG00010008771
ENSGALG00010008772	ENSGALG00010008772
ENSGALG00010008773	ENSGALG00010008773
ENSGALG00010008774	ENSGALG00010008774
MED17	MED17
ENSGALG00010008776	ENSGALG00010008776
HSD17B3	HSD17B3
ENSGALG00010008778	ENSGALG00010008778
ENSGALG00010008779	ENSGALG00010008779
KARS	KARS
ENSGALG00010008781	ENSGALG00010008781
CCDC9	CCDC9
ENSGALG00010008783	ENSGALG00010008783
ENSGALG00010008784	ENSGALG00010008784
ENSGALG00010008785	ENSGALG00010008785
ENSGALG00010008786	ENSGALG00010008786
ENSGALG00010008787	ENSGALG00010008787
ENSGALG00010008788	ENSGALG00010008788
ENSGALG00010008789	ENSGALG00010008789
GPN1	GPN1
ENSGALG00010008791	ENSGALG00010008791
ENSGALG00010008792	ENSGALG00010008792
C11orf54	C11orf54
ENSGALG00010008794	ENSGALG00010008794
ENSGALG00010008795	ENSGALG00010008795
ENSGALG00010008796	ENSGALG00010008796
ENSGALG00010008797	ENSGALG00010008797
ENSGALG00010008798	ENSGALG00010008798
ENSGALG00010008799	ENSGALG00010008799
ENSGALG00010008800	ENSGALG00010008800
ENSGALG00010008801	ENSGALG00010008801
ENSGALG00010008802	ENSGALG00010008802
ENSGALG00010008803	ENSGALG00010008803
ENSGALG00010008804	ENSGALG00010008804
ENSGALG00010008805	ENSGALG00010008805
ENSGALG00010008806	ENSGALG00010008806
BRD1	BRD1
ENSGALG00010008808	ENSGALG00010008808
ENSGALG00010008809	ENSGALG00010008809
ENSGALG00010008810	ENSGALG00010008810
TERF2IP	TERF2IP
ENSGALG00010008812	ENSGALG00010008812
ENSGALG00010008813	ENSGALG00010008813
ENSGALG00010008814	ENSGALG00010008814
ENSGALG00010008815	ENSGALG00010008815
ENSGALG00010008816	ENSGALG00010008816
ENSGALG00010008817	ENSGALG00010008817
ENSGALG00010008818	ENSGALG00010008818
ENSGALG00010008819	ENSGALG00010008819
ENSGALG00010008820	ENSGALG00010008820
ENSGALG00010008821	ENSGALG00010008821
ENSGALG00010008822	ENSGALG00010008822
ENSGALG00010008823	ENSGALG00010008823
GREM2	GREM2
PPID	PPID
ENSGALG00010008826	ENSGALG00010008826
ENSGALG00010008827	ENSGALG00010008827
ENSGALG00010008828	ENSGALG00010008828
ENSGALG00010008829	ENSGALG00010008829
DHX34	DHX34
ENSGALG00010008831	ENSGALG00010008831
MTSS1	MTSS1
ENSGALG00010008833	ENSGALG00010008833
ENSGALG00010008834	ENSGALG00010008834
ENSGALG00010008835	ENSGALG00010008835
ENSGALG00010008836	ENSGALG00010008836
ENSGALG00010008837	ENSGALG00010008837
ENSGALG00010008838	ENSGALG00010008838
ZNF512	ZNF512
ENSGALG00010008840	ENSGALG00010008840
ENSGALG00010008841	ENSGALG00010008841
ENSGALG00010008842	ENSGALG00010008842
ENSGALG00010008843	ENSGALG00010008843
ENSGALG00010008844	ENSGALG00010008844
ENSGALG00010008845	ENSGALG00010008845
SLC35D2	SLC35D2
ENSGALG00010008847	ENSGALG00010008847
ENSGALG00010008848	ENSGALG00010008848
ENSGALG00010008849	ENSGALG00010008849
CYSTM1	CYSTM1
ENSGALG00010008851	ENSGALG00010008851
KHDRBS3	KHDRBS3
ENSGALG00010008853	ENSGALG00010008853
ENSGALG00010008854	ENSGALG00010008854
ENSGALG00010008855	ENSGALG00010008855
ENSGALG00010008856	ENSGALG00010008856
ENSGALG00010008857	ENSGALG00010008857
ENSGALG00010008858	ENSGALG00010008858
LRFN3	LRFN3
SQLE	SQLE
ENSGALG00010008861	ENSGALG00010008861
ZNF367	ZNF367
ENSGALG00010008863	ENSGALG00010008863
ADAT1	ADAT1
ENSGALG00010008865	ENSGALG00010008865
WASHC5	WASHC5
ENSGALG00010008867	ENSGALG00010008867
ENSGALG00010008868	ENSGALG00010008868
ENSGALG00010008869	ENSGALG00010008869
ENSGALG00010008870	ENSGALG00010008870
PRR7	PRR7
ENSGALG00010008872	ENSGALG00010008872
ENSGALG00010008873	ENSGALG00010008873
ENSGALG00010008874	ENSGALG00010008874
ENSGALG00010008875	ENSGALG00010008875
ENSGALG00010008876	ENSGALG00010008876
FNDC4	FNDC4
ENSGALG00010008878	ENSGALG00010008878
HABP4	HABP4
FMN2	FMN2
ENSGALG00010008881	ENSGALG00010008881
ENSGALG00010008882	ENSGALG00010008882
ENSGALG00010008883	ENSGALG00010008883
FAM135B	FAM135B
ENSGALG00010008885	ENSGALG00010008885
ENSGALG00010008886	ENSGALG00010008886
ENSGALG00010008887	ENSGALG00010008887
FBXO46	FBXO46
ENSGALG00010008889	ENSGALG00010008889
ENSGALG00010008890	ENSGALG00010008890
ENSGALG00010008891	ENSGALG00010008891
ENSGALG00010008892	ENSGALG00010008892
ENSGALG00010008893	ENSGALG00010008893
ENSGALG00010008894	ENSGALG00010008894
ENSGALG00010008895	ENSGALG00010008895
ENSGALG00010008896	ENSGALG00010008896
NSMCE2	NSMCE2
ENSGALG00010008898	ENSGALG00010008898
ENSGALG00010008899	ENSGALG00010008899
ENSGALG00010008900	ENSGALG00010008900
ENSGALG00010008901	ENSGALG00010008901
ENSGALG00010008902	ENSGALG00010008902
ENSGALG00010008903	ENSGALG00010008903
ENSGALG00010008904	ENSGALG00010008904
GABARAPL2	GABARAPL2
DBN1	DBN1
ENSGALG00010008907	ENSGALG00010008907
ENSGALG00010008908	ENSGALG00010008908
ENSGALG00010008909	ENSGALG00010008909
TRIB1	TRIB1
ENSGALG00010008911	ENSGALG00010008911
U2 - ENSGALG00010008912	U2 - ENSGALG00010008912
Y_RNA - ENSGALG00010008913	Y_RNA - ENSGALG00010008913
ENSGALG00010008914	ENSGALG00010008914
Y_RNA - ENSGALG00010008915	Y_RNA - ENSGALG00010008915
U5 - ENSGALG00010008916	U5 - ENSGALG00010008916
ENSGALG00010008917	ENSGALG00010008917
PLAC9	PLAC9
gga-mir-7458-1 - ENSGALG00010008919	gga-mir-7458-1 - ENSGALG00010008919
ENSGALG00010008920	ENSGALG00010008920
OPA3	OPA3
ENSGALG00010008922	ENSGALG00010008922
gga-mir-7458-1 - ENSGALG00010008923	gga-mir-7458-1 - ENSGALG00010008923
ENSGALG00010008924	ENSGALG00010008924
gga-mir-7458-1 - ENSGALG00010008925	gga-mir-7458-1 - ENSGALG00010008925
ENSGALG00010008926	ENSGALG00010008926
gga-mir-7458-1 - ENSGALG00010008927	gga-mir-7458-1 - ENSGALG00010008927
CFC1	CFC1
ENSGALG00010008929	ENSGALG00010008929
gga-mir-7459	gga-mir-7459
FNIP2	FNIP2
VASP	VASP
ENSGALG00010008933	ENSGALG00010008933
ENSGALG00010008934	ENSGALG00010008934
ENSGALG00010008935	ENSGALG00010008935
IFT172	IFT172
ENSGALG00010008937	ENSGALG00010008937
ZBED4	ZBED4
RANBP9	RANBP9
ENSGALG00010008940	ENSGALG00010008940
ENSGALG00010008941	ENSGALG00010008941
ENSGALG00010008942	ENSGALG00010008942
ENSGALG00010008943	ENSGALG00010008943
ENSGALG00010008944	ENSGALG00010008944
FER1L6	FER1L6
COL22A1	COL22A1
SPMIP2	SPMIP2
ENSGALG00010008948	ENSGALG00010008948
ENSGALG00010008949	ENSGALG00010008949
ENSGALG00010008950	ENSGALG00010008950
ENSGALG00010008951	ENSGALG00010008951
ENSGALG00010008952	ENSGALG00010008952
ENSGALG00010008953	ENSGALG00010008953
ENSGALG00010008954	ENSGALG00010008954
KRTCAP3	KRTCAP3
LVRN	LVRN
ENSGALG00010008957	ENSGALG00010008957
ENSGALG00010008958	ENSGALG00010008958
ENSGALG00010008959	ENSGALG00010008959
LRRC2	LRRC2
ENSGALG00010008961	ENSGALG00010008961
ENSGALG00010008962	ENSGALG00010008962
ENSGALG00010008963	ENSGALG00010008963
ENSGALG00010008964	ENSGALG00010008964
CNTNAP4	CNTNAP4
NRBP1	NRBP1
ENSGALG00010008967	ENSGALG00010008967
ENSGALG00010008968	ENSGALG00010008968
PPP1R37	PPP1R37
ENSGALG00010008970	ENSGALG00010008970
ANXA11	ANXA11
ENSGALG00010008972	ENSGALG00010008972
KCNK9	KCNK9
SMCO4	SMCO4
ENSGALG00010008975	ENSGALG00010008975
ENSGALG00010008976	ENSGALG00010008976
ENSGALG00010008977	ENSGALG00010008977
ENSGALG00010008978	ENSGALG00010008978
ENSGALG00010008979	ENSGALG00010008979
ENSGALG00010008980	ENSGALG00010008980
ENSGALG00010008981	ENSGALG00010008981
ENSGALG00010008982	ENSGALG00010008982
ENSGALG00010008983	ENSGALG00010008983
ENSGALG00010008984	ENSGALG00010008984
ENSGALG00010008985	ENSGALG00010008985
ENSGALG00010008986	ENSGALG00010008986
ENSGALG00010008987	ENSGALG00010008987
PPM1G	PPM1G
ENSGALG00010008989	ENSGALG00010008989
Metazoa_SRP - ENSGALG00010008990	Metazoa_SRP - ENSGALG00010008990
ENSGALG00010008991	ENSGALG00010008991
ENSGALG00010008992	ENSGALG00010008992
gga-mir-1806	gga-mir-1806
ENSGALG00010008994	ENSGALG00010008994
ECD	ECD
CHRM3	CHRM3
CHST6	CHST6
gga-mir-12213	gga-mir-12213
TRAPPC9	TRAPPC9
FAM149B1	FAM149B1
gga-mir-99a	gga-mir-99a
ENSGALG00010009002	ENSGALG00010009002
ALG12	ALG12
MIRLET7C	MIRLET7C
gga-mir-6616	gga-mir-6616
ENSGALG00010009006	ENSGALG00010009006
TMEM65	TMEM65
gga-mir-125b-2	gga-mir-125b-2
ENSGALG00010009009	ENSGALG00010009009
ENSGALG00010009010	ENSGALG00010009010
ACP6	ACP6
DEUP1	DEUP1
LIPG	LIPG
ENSGALG00010009014	ENSGALG00010009014
TMEM231	TMEM231
DNAJC9	DNAJC9
ENSGALG00010009017	ENSGALG00010009017
ENSGALG00010009018	ENSGALG00010009018
ZNF513	ZNF513
ARHGAP35	ARHGAP35
HNF4beta	HNF4beta
ENSGALG00010009022	ENSGALG00010009022
ENSGALG00010009023	ENSGALG00010009023
PMAIP1	PMAIP1
UTP23	UTP23
RAPGEF2	RAPGEF2
ENSGALG00010009027	ENSGALG00010009027
PDLIM7	PDLIM7
IGSF3	IGSF3
ZDHHC7	ZDHHC7
SPIN1	SPIN1
ENSGALG00010009032	ENSGALG00010009032
ENSGALG00010009033	ENSGALG00010009033
SNX17	SNX17
ENSGALG00010009035	ENSGALG00010009035
ENSGALG00010009036	ENSGALG00010009036
ENSGALG00010009037	ENSGALG00010009037
RAD21	RAD21
SLC36A4	SLC36A4
CRELD2	CRELD2
ENSGALG00010009041	ENSGALG00010009041
ENSGALG00010009042	ENSGALG00010009042
TFAM	TFAM
ENSGALG00010009044	ENSGALG00010009044
ENSGALG00010009045	ENSGALG00010009045
ENSGALG00010009046	ENSGALG00010009046
SUPT5H	SUPT5H
ENSGALG00010009048	ENSGALG00010009048
ENSGALG00010009049	ENSGALG00010009049
PIK3CG	PIK3CG
TROJANZ	TROJANZ
SLC30A8	SLC30A8
ENSGALG00010009053	ENSGALG00010009053
RYR2	RYR2
ENSGALG00010009055	ENSGALG00010009055
MTNR1B	MTNR1B
NXNL2	NXNL2
RNase_MRP	RNase_MRP
MED29	MED29
SNORD73	SNORD73
ENSGALG00010009061	ENSGALG00010009061
gga-mir-1627	gga-mir-1627
ENSGALG00010009063	ENSGALG00010009063
gga-mir-12272	gga-mir-12272
EIF2B4	EIF2B4
ENSGALG00010009066	ENSGALG00010009066
ENSGALG00010009067	ENSGALG00010009067
AGO2	AGO2
GRID2	GRID2
ENSGALG00010009070	ENSGALG00010009070
ENSGALG00010009071	ENSGALG00010009071
ENSGALG00010009072	ENSGALG00010009072
PRKAR2B	PRKAR2B
ENSGALG00010009074	ENSGALG00010009074
ENSGALG00010009075	ENSGALG00010009075
TMEM214	TMEM214
ENSGALG00010009077	ENSGALG00010009077
PTTG2	PTTG2
KCTD15	KCTD15
TLL1	TLL1
HBP1	HBP1
ENSGALG00010009082	ENSGALG00010009082
MED30	MED30
ARL14EPL	ARL14EPL
PAF1	PAF1
UBE2D1	UBE2D1
ENSGALG00010009087	ENSGALG00010009087
ENSGALG00010009088	ENSGALG00010009088
AGBL5	AGBL5
ENSGALG00010009090	ENSGALG00010009090
EXT1	EXT1
EED	EED
SLU7	SLU7
DARS	DARS
ENSGALG00010009095	ENSGALG00010009095
ENSGALG00010009096	ENSGALG00010009096
C1QTNF2	C1QTNF2
CAD	CAD
CXCR4	CXCR4
SAMD4B	SAMD4B
HIKESHI	HIKESHI
HTRA3	HTRA3
AP3S1	AP3S1
MTR	MTR
ENSGALG00010009105	ENSGALG00010009105
THSD7B	THSD7B
ENSGALG00010009107	ENSGALG00010009107
ENSGALG00010009108	ENSGALG00010009108
ENSGALG00010009109	ENSGALG00010009109
ENSGALG00010009110	ENSGALG00010009110
LRFN1	LRFN1
ENSGALG00010009112	ENSGALG00010009112
RPLP1	RPLP1
SETD7	SETD7
COG5	COG5
S1PR3	S1PR3
ERGIC1	ERGIC1
ACTN2	ACTN2
CISD1	CISD1
ATG12	ATG12
SYCN	SYCN
ENSGALG00010009122	ENSGALG00010009122
ENSGALG00010009123	ENSGALG00010009123
ENSGALG00010009124	ENSGALG00010009124
CD72L1	CD72L1
JPH3	JPH3
SCOC	SCOC
ENSGALG00010009128	ENSGALG00010009128
ENSGALG00010009129	ENSGALG00010009129
HEATR1	HEATR1
CDKL2	CDKL2
SHC3	SHC3
BOD1L1	BOD1L1
ENSGALG00010009134	ENSGALG00010009134
TENM4	TENM4
KHK	KHK
IPMK	IPMK
ENSGALG00010009138	ENSGALG00010009138
CKS2	CKS2
ENSGALG00010009140	ENSGALG00010009140
MAML3	MAML3
LGALS8	LGALS8
MCCC2	MCCC2
CREBZF	CREBZF
ENSGALG00010009145	ENSGALG00010009145
CXCL13L3	CXCL13L3
HNMT	HNMT
ENSGALG00010009148	ENSGALG00010009148
FUT4	FUT4
ENSGALG00010009150	ENSGALG00010009150
CCNJL	CCNJL
RPP25L	RPP25L
SECISBP2	SECISBP2
ENSGALG00010009154	ENSGALG00010009154
PAK4	PAK4
ENSGALG00010009156	ENSGALG00010009156
ABHD1	ABHD1
ENSGALG00010009158	ENSGALG00010009158
PTK2	PTK2
ENSGALG00010009160	ENSGALG00010009160
ENSGALG00010009161	ENSGALG00010009161
CARTPT	CARTPT
SAMD12	SAMD12
TMEM128	TMEM128
ENSGALG00010009165	ENSGALG00010009165
CLGN	CLGN
DCTN3	DCTN3
MRPS12	MRPS12
TAS2R4	TAS2R4
RPL26L1	RPL26L1
ENSGALG00010009171	ENSGALG00010009171
SPOPL	SPOPL
LYAR	LYAR
ENSGALG00010009174	ENSGALG00010009174
ENSGALG00010009175	ENSGALG00010009175
ENSGALG00010009176	ENSGALG00010009176
ENSGALG00010009177	ENSGALG00010009177
ENSGALG00010009178	ENSGALG00010009178
ENSGALG00010009179	ENSGALG00010009179
NFKBIB	NFKBIB
ARID3C	ARID3C
gga-mir-187	gga-mir-187
ENSGALG00010009183	ENSGALG00010009183
ENSGALG00010009184	ENSGALG00010009184
ENSGALG00010009185	ENSGALG00010009185
PREB	PREB
ENSGALG00010009187	ENSGALG00010009187
GPR22	GPR22
ENSGALG00010009189	ENSGALG00010009189
ZBTB49	ZBTB49
ENSGALG00010009191	ENSGALG00010009191
LSM14A	LSM14A
EDARADD	EDARADD
ENSGALG00010009194	ENSGALG00010009194
CLEC5A	CLEC5A
ENSGALG00010009196	ENSGALG00010009196
FH	FH
KCNN2	KCNN2
SEMA4D	SEMA4D
ADGRA3	ADGRA3
ENSGALG00010009201	ENSGALG00010009201
FABP6	FABP6
ENSGALG00010009203	ENSGALG00010009203
ENSGALG00010009204	ENSGALG00010009204
SIRT2	SIRT2
ENSGALG00010009206	ENSGALG00010009206
ENSGALG00010009207	ENSGALG00010009207
SLC5A6	SLC5A6
SLC6A19	SLC6A19
PCDH15	PCDH15
ENSGALG00010009211	ENSGALG00010009211
NXPH2	NXPH2
DUS4L	DUS4L
PCDH10	PCDH10
ENSGALG00010009215	ENSGALG00010009215
NSG1	NSG1
ENSGALG00010009217	ENSGALG00010009217
ENSGALG00010009218	ENSGALG00010009218
TNFRSF11B	TNFRSF11B
GADD45G	GADD45G
ENSGALG00010009221	ENSGALG00010009221
ENSGALG00010009222	ENSGALG00010009222
ATP8B4	ATP8B4
ENSGALG00010009224	ENSGALG00010009224
HNRNPL	HNRNPL
ENSGALG00010009226	ENSGALG00010009226
ENSGALG00010009227	ENSGALG00010009227
ATP6V0E1	ATP6V0E1
ENSGALG00010009229	ENSGALG00010009229
ENSGALG00010009230	ENSGALG00010009230
ENSGALG00010009231	ENSGALG00010009231
ECH1	ECH1
ENSGALG00010009233	ENSGALG00010009233
PCDH18	PCDH18
KLHDC4	KLHDC4
DTWD2	DTWD2
DENND3	DENND3
ENSGALG00010009238	ENSGALG00010009238
STX18	STX18
ENSGALG00010009240	ENSGALG00010009240
ENSGALG00010009241	ENSGALG00010009241
ENSGALG00010009242	ENSGALG00010009242
BCAP29	BCAP29
ENSGALG00010009244	ENSGALG00010009244
ENSGALG00010009245	ENSGALG00010009245
RUSC2	RUSC2
ENSGALG00010009247	ENSGALG00010009247
ENSGALG00010009248	ENSGALG00010009248
ENSGALG00010009249	ENSGALG00010009249
ERO1B	ERO1B
ENSGALG00010009251	ENSGALG00010009251
SIRT1	SIRT1
SLC45A4	SLC45A4
SLC26A4	SLC26A4
ENSGALG00010009255	ENSGALG00010009255
CREBRF	CREBRF
ENSGALG00010009257	ENSGALG00010009257
DNAJC12	DNAJC12
MGAT4D	MGAT4D
ENSGALG00010009260	ENSGALG00010009260
ENSGALG00010009261	ENSGALG00010009261
ENSGALG00010009262	ENSGALG00010009262
COLEC10	COLEC10
ENSGALG00010009264	ENSGALG00010009264
ENSGALG00010009265	ENSGALG00010009265
PCDH7	PCDH7
ENSGALG00010009267	ENSGALG00010009267
ENSGALG00010009268	ENSGALG00010009268
ENSGALG00010009269	ENSGALG00010009269
ENSGALG00010009270	ENSGALG00010009270
ENSGALG00010009271	ENSGALG00010009271
ENSGALG00010009272	ENSGALG00010009272
MAL2	MAL2
ENSGALG00010009274	ENSGALG00010009274
CBLL1	CBLL1
ENSGALG00010009276	ENSGALG00010009276
ACTN4	ACTN4
ENSGALG00010009278	ENSGALG00010009278
ELMOD2	ELMOD2
HSD17B4	HSD17B4
ENSGALG00010009281	ENSGALG00010009281
ENSGALG00010009282	ENSGALG00010009282
ENSGALG00010009283	ENSGALG00010009283
CCN3	CCN3
ENSGALG00010009285	ENSGALG00010009285
ENSGALG00010009286	ENSGALG00010009286
ENSGALG00010009287	ENSGALG00010009287
ENSGALG00010009288	ENSGALG00010009288
GPR137B	GPR137B
ENSGALG00010009290	ENSGALG00010009290
ENSGALG00010009291	ENSGALG00010009291
ENSGALG00010009292	ENSGALG00010009292
ENSGALG00010009293	ENSGALG00010009293
ACOX3	ACOX3
ENSGALG00010009295	ENSGALG00010009295
ENSGALG00010009296	ENSGALG00010009296
CTNNA3	CTNNA3
ENSGALG00010009298	ENSGALG00010009298
MAP4K1	MAP4K1
ENSGALG00010009300	ENSGALG00010009300
ENSGALG00010009301	ENSGALG00010009301
ENSGALG00010009302	ENSGALG00010009302
TTC1	TTC1
ENSGALG00010009304	ENSGALG00010009304
ENSGALG00010009305	ENSGALG00010009305
TBC1D9	TBC1D9
DIRAS2	DIRAS2
ENSGALG00010009308	ENSGALG00010009308
TRIM54	TRIM54
ENSGALG00010009310	ENSGALG00010009310
BNIP1	BNIP1
ENSGALG00010009312	ENSGALG00010009312
UNC13B	UNC13B
ENSGALG00010009314	ENSGALG00010009314
SLC26A3	SLC26A3
ENSGALG00010009316	ENSGALG00010009316
LRRTM3	LRRTM3
ENSGALG00010009318	ENSGALG00010009318
ENSGALG00010009319	ENSGALG00010009319
GPR20	GPR20
ENSGALG00010009321	ENSGALG00010009321
ENSGALG00010009322	ENSGALG00010009322
RNF150	RNF150
NKX2-5	NKX2-5
ENSGALG00010009325	ENSGALG00010009325
DLD	DLD
NID1	NID1
ENSGALG00010009328	ENSGALG00010009328
ENSGALG00010009329	ENSGALG00010009329
EIF3K	EIF3K
ENSGALG00010009331	ENSGALG00010009331
ENSGALG00010009332	ENSGALG00010009332
ADRA1B	ADRA1B
SS18L2	SS18L2
PTP4A3	PTP4A3
LAMB1	LAMB1
ZNF330	ZNF330
KYNU	KYNU
ENSGALG00010009339	ENSGALG00010009339
SYK	SYK
ENSGALG00010009341	ENSGALG00010009341
ENSGALG00010009342	ENSGALG00010009342
SLC30A3	SLC30A3
ENPP2	ENPP2
ZFAT	ZFAT
STC2	STC2
TESK1	TESK1
ERGIC2	ERGIC2
TPPP2	TPPP2
ENSGALG00010009350	ENSGALG00010009350
GTF3C2	GTF3C2
HSF1	HSF1
CD72	CD72
ENSGALG00010009354	ENSGALG00010009354
GARRE1	GARRE1
ENSGALG00010009356	ENSGALG00010009356
LYST	LYST
ENSGALG00010009358	ENSGALG00010009358
REEP3	REEP3
TNFAIP8	TNFAIP8
LRRK2	LRRK2
IL15	IL15
TAF2	TAF2
ENSGALG00010009364	ENSGALG00010009364
CA5B	CA5B
ENSGALG00010009366	ENSGALG00010009366
DMXL1	DMXL1
DSCC1	DSCC1
ENSGALG00010009369	ENSGALG00010009369
ENSGALG00010009370	ENSGALG00010009370
PHTF2	PHTF2
RAB28	RAB28
ARHGAP15	ARHGAP15
IL12B	IL12B
ENSGALG00010009375	ENSGALG00010009375
CDO1	CDO1
ENSGALG00010009377	ENSGALG00010009377
ENSGALG00010009378	ENSGALG00010009378
RYR1	RYR1
ENSGALG00010009380	ENSGALG00010009380
INPP4B	INPP4B
ENSGALG00010009382	ENSGALG00010009382
ASXL2	ASXL2
ENSGALG00010009384	ENSGALG00010009384
GPI	GPI
TMEM60	TMEM60
DEPTOR - ENSGALG00010009387	DEPTOR - ENSGALG00010009387
TMED7	TMED7
CPEB4	CPEB4
ENSGALG00010009390	ENSGALG00010009390
RSBN1L	RSBN1L
MAPRE3	MAPRE3
MARVELD2	MARVELD2
BANP	BANP
ENSGALG00010009395	ENSGALG00010009395
AUH	AUH
ENSGALG00010009397	ENSGALG00010009397
WTIP	WTIP
ENSGALG00010009399	ENSGALG00010009399
CNTFR	CNTFR
ENSGALG00010009401	ENSGALG00010009401
ENSGALG00010009402	ENSGALG00010009402
ENSGALG00010009403	ENSGALG00010009403
GNG4	GNG4
ENSGALG00010009405	ENSGALG00010009405
ENSGALG00010009406	ENSGALG00010009406
PTPN12	PTPN12
GTF2H2	GTF2H2
ENSGALG00010009409	ENSGALG00010009409
JMJD1C	JMJD1C
SMARCA5	SMARCA5
ENSGALG00010009412	ENSGALG00010009412
ENSGALG00010009413	ENSGALG00010009413
ENSGALG00010009414	ENSGALG00010009414
HMP19	HMP19
COL14A1	COL14A1
ENSGALG00010009417	ENSGALG00010009417
ENSGALG00010009418	ENSGALG00010009418
ENSGALG00010009419	ENSGALG00010009419
ENSGALG00010009420	ENSGALG00010009420
ENSGALG00010009421	ENSGALG00010009421
U6 - ENSGALG00010009422	U6 - ENSGALG00010009422
U2 - ENSGALG00010009423	U2 - ENSGALG00010009423
ENSGALG00010009424	ENSGALG00010009424
ENSGALG00010009425	ENSGALG00010009425
gga-mir-1657	gga-mir-1657
ENSGALG00010009427	ENSGALG00010009427
ENSGALG00010009428	ENSGALG00010009428
gga-mir-6570	gga-mir-6570
ENSGALG00010009430	ENSGALG00010009430
SMN	SMN
BOP1	BOP1
ENSGALG00010009433	ENSGALG00010009433
ENSGALG00010009434	ENSGALG00010009434
GTDC1	GTDC1
ENSGALG00010009436	ENSGALG00010009436
DPYSL5	DPYSL5
ENSGALG00010009438	ENSGALG00010009438
B3GALNT2	B3GALNT2
DOK3	DOK3
ZNF518B	ZNF518B
ENSGALG00010009442	ENSGALG00010009442
ENSGALG00010009443	ENSGALG00010009443
NFIL3	NFIL3
ENSGALG00010009445	ENSGALG00010009445
ENSGALG00010009446	ENSGALG00010009446
DDX41	DDX41
ENSGALG00010009448	ENSGALG00010009448
ENSGALG00010009449	ENSGALG00010009449
ENSGALG00010009450	ENSGALG00010009450
ROR2	ROR2
TBCE	TBCE
GSAP	GSAP
ENSGALG00010009454	ENSGALG00010009454
ENSGALG00010009455	ENSGALG00010009455
ENSGALG00010009456	ENSGALG00010009456
ENSGALG00010009457	ENSGALG00010009457
SCX	SCX
ENSGALG00010009459	ENSGALG00010009459
ENSGALG00010009460	ENSGALG00010009460
ZEB2	ZEB2
NRBF2	NRBF2
MRPL13	MRPL13
SPTLC1	SPTLC1
GGPS1	GGPS1
FAM193B	FAM193B
KROX20	KROX20
ENSGALG00010009468	ENSGALG00010009468
DNMT3A	DNMT3A
ZNF469	ZNF469
ENSGALG00010009471	ENSGALG00010009471
ADO	ADO
ENSGALG00010009473	ENSGALG00010009473
ACVR2A	ACVR2A
ENSGALG00010009475	ENSGALG00010009475
ENSGALG00010009476	ENSGALG00010009476
ZNF365	ZNF365
ENSGALG00010009478	ENSGALG00010009478
MTBP	MTBP
ENSGALG00010009480	ENSGALG00010009480
ENSGALG00010009481	ENSGALG00010009481
ARID4B	ARID4B
ENSGALG00010009483	ENSGALG00010009483
RTKN2	RTKN2
ENSGALG00010009485	ENSGALG00010009485
B4GALT1	B4GALT1
ENSGALG00010009487	ENSGALG00010009487
ENSGALG00010009488	ENSGALG00010009488
MROH1	MROH1
SNTB1	SNTB1
RBM34	RBM34
CDC42SE2	CDC42SE2
ENSGALG00010009493	ENSGALG00010009493
UBA2	UBA2
ENSGALG00010009495	ENSGALG00010009495
ENSGALG00010009496	ENSGALG00010009496
HS3ST1	HS3ST1
ORC4	ORC4
MXD3	MXD3
CCDC146	CCDC146
HGH1	HGH1
ARID5B	ARID5B
IL11RA	IL11RA
ENSGALG00010009504	ENSGALG00010009504
ENSGALG00010009505	ENSGALG00010009505
HAS2	HAS2
ENSGALG00010009507	ENSGALG00010009507
TOMM20	TOMM20
ENSGALG00010009509	ENSGALG00010009509
ENSGALG00010009510	ENSGALG00010009510
ZFPM1	ZFPM1
ENSGALG00010009512	ENSGALG00010009512
ENSGALG00010009513	ENSGALG00010009513
PRELID1	PRELID1
MBD5	MBD5
ENSGALG00010009516	ENSGALG00010009516
ENSGALG00010009517	ENSGALG00010009517
FGL2	FGL2
ENSGALG00010009519	ENSGALG00010009519
SPINK4	SPINK4
ENSGALG00010009521	ENSGALG00010009521
TAF5L	TAF5L
ENSGALG00010009523	ENSGALG00010009523
FAM185A	FAM185A
ENSGALG00010009525	ENSGALG00010009525
ENSGALG00010009526	ENSGALG00010009526
ENSGALG00010009527	ENSGALG00010009527
ENSGALG00010009528	ENSGALG00010009528
ENSGALG00010009529	ENSGALG00010009529
KIF3C	KIF3C
FBXL13	FBXL13
ENSGALG00010009532	ENSGALG00010009532
ENSGALG00010009533	ENSGALG00010009533
XPA	XPA
ENSGALG00010009535	ENSGALG00010009535
ENSGALG00010009536	ENSGALG00010009536
ENSGALG00010009537	ENSGALG00010009537
CRIM1	CRIM1
ENSGALG00010009539	ENSGALG00010009539
RAB10	RAB10
PMPCB	PMPCB
WDR1	WDR1
MAF1	MAF1
ENSGALG00010009544	ENSGALG00010009544
ENSGALG00010009545	ENSGALG00010009545
GAREM2	GAREM2
ENSGALG00010009547	ENSGALG00010009547
PIK3C3	PIK3C3
ENSGALG00010009549	ENSGALG00010009549
ENSGALG00010009550	ENSGALG00010009550
HADHA	HADHA
ENSGALG00010009552	ENSGALG00010009552
ENSGALG00010009553	ENSGALG00010009553
ABCB10	ABCB10
EPC2	EPC2
ENSGALG00010009556	ENSGALG00010009556
CIDEC	CIDEC
TMEM26	TMEM26
ENSGALG00010009559	ENSGALG00010009559
RAB24	RAB24
ENSGALG00010009561	ENSGALG00010009561
HADHB	HADHB
ENSGALG00010009563	ENSGALG00010009563
ENSGALG00010009564	ENSGALG00010009564
TMEM8B	TMEM8B
ENSGALG00010009566	ENSGALG00010009566
NSD1	NSD1
ENSGALG00010009568	ENSGALG00010009568
ZC3H18	ZC3H18
SHARPIN	SHARPIN
DNAJC2	DNAJC2
ENSGALG00010009572	ENSGALG00010009572
ENSGALG00010009573	ENSGALG00010009573
TAF1C	TAF1C
RHOBTB1	RHOBTB1
ENSGALG00010009576	ENSGALG00010009576
ENSGALG00010009577	ENSGALG00010009577
KIF5C	KIF5C
ENSGALG00010009579	ENSGALG00010009579
ENSGALG00010009580	ENSGALG00010009580
ENSGALG00010009581	ENSGALG00010009581
TIGD5	TIGD5
LYPD6B	LYPD6B
ENSGALG00010009584	ENSGALG00010009584
ENSGALG00010009585	ENSGALG00010009585
ENSGALG00010009586	ENSGALG00010009586
ENSGALG00010009587	ENSGALG00010009587
ENSGALG00010009588	ENSGALG00010009588
ENSGALG00010009589	ENSGALG00010009589
ENSGALG00010009590	ENSGALG00010009590
LYPD6	LYPD6
ENSGALG00010009592	ENSGALG00010009592
NCBP1	NCBP1
HINT1	HINT1
ENSGALG00010009595	ENSGALG00010009595
URB2	URB2
CDK1	CDK1
ENSGALG00010009598	ENSGALG00010009598
ENSGALG00010009599	ENSGALG00010009599
LRRC17	LRRC17
ZHX2	ZHX2
TSTD2	TSTD2
HINT2	HINT2
ENSGALG00010009604	ENSGALG00010009604
ENSGALG00010009605	ENSGALG00010009605
CHSY3	CHSY3
ENSGALG00010009607	ENSGALG00010009607
AFAP1	AFAP1
MMADHC	MMADHC
ENSGALG00010009610	ENSGALG00010009610
ENSGALG00010009611	ENSGALG00010009611
DERL1	DERL1
ENSGALG00010009613	ENSGALG00010009613
ENSGALG00010009614	ENSGALG00010009614
ENSGALG00010009615	ENSGALG00010009615
ARMC10	ARMC10
SLC25A46	SLC25A46
ENSGALG00010009618	ENSGALG00010009618
ENSGALG00010009619	ENSGALG00010009619
TMOD1	TMOD1
ENSGALG00010009621	ENSGALG00010009621
ENSGALG00010009622	ENSGALG00010009622
XPO5	XPO5
ENSGALG00010009624	ENSGALG00010009624
ENSGALG00010009625	ENSGALG00010009625
ENSGALG00010009626	ENSGALG00010009626
IL17C	IL17C
ENSGALG00010009628	ENSGALG00010009628
ENSGALG00010009629	ENSGALG00010009629
ENSGALG00010009630	ENSGALG00010009630
ENSGALG00010009631	ENSGALG00010009631
ENSGALG00010009632	ENSGALG00010009632
ENSGALG00010009633	ENSGALG00010009633
TBC1D31	TBC1D31
TDRD7	TDRD7
ENSGALG00010009636	ENSGALG00010009636
CYBA	CYBA
RND3	RND3
ENSGALG00010009639	ENSGALG00010009639
NPR2	NPR2
ENSGALG00010009641	ENSGALG00010009641
ENSGALG00010009642	ENSGALG00010009642
PSMC2	PSMC2
SLC27A6	SLC27A6
ENSGALG00010009645	ENSGALG00010009645
MVD	MVD
GALNT2	GALNT2
ENSGALG00010009648	ENSGALG00010009648
TENM2	TENM2
KLHL29	KLHL29
ENSGALG00010009651	ENSGALG00010009651
FAM96B	FAM96B
ABLIM2	ABLIM2
NDUFA12	NDUFA12
FAM83A	FAM83A
ENSGALG00010009656	ENSGALG00010009656
MSMP	MSMP
NAPEPLD	NAPEPLD
APOLD1	APOLD1
ENSGALG00010009660	ENSGALG00010009660
ENSGALG00010009661	ENSGALG00010009661
ENSGALG00010009662	ENSGALG00010009662
FER	FER
ENSGALG00010009664	ENSGALG00010009664
DGKQ	DGKQ
RRAD	RRAD
ENSGALG00010009667	ENSGALG00010009667
TFAP2A	TFAP2A
ENSGALG00010009669	ENSGALG00010009669
ENSGALG00010009670	ENSGALG00010009670
MINAR2	MINAR2
DDX47	DDX47
ENSGALG00010009673	ENSGALG00010009673
ENSGALG00010009674	ENSGALG00010009674
ENSGALG00010009675	ENSGALG00010009675
ACO1	ACO1
SLC26A5	SLC26A5
JARID2	JARID2
ANK3	ANK3
ENSGALG00010009680	ENSGALG00010009680
ENSGALG00010009681	ENSGALG00010009681
ENSGALG00010009682	ENSGALG00010009682
ADAMTS19	ADAMTS19
ENSGALG00010009684	ENSGALG00010009684
ENSGALG00010009685	ENSGALG00010009685
MAT2B	MAT2B
ENSGALG00010009687	ENSGALG00010009687
ENSGALG00010009688	ENSGALG00010009688
ENSGALG00010009689	ENSGALG00010009689
RBM43	RBM43
ENSGALG00010009691	ENSGALG00010009691
ENSGALG00010009692	ENSGALG00010009692
ENSGALG00010009693	ENSGALG00010009693
ENSGALG00010009694	ENSGALG00010009694
ATAD2B	ATAD2B
ENSGALG00010009696	ENSGALG00010009696
ENSGALG00010009697	ENSGALG00010009697
ENSGALG00010009698	ENSGALG00010009698
POLR1C	POLR1C
SH3TC1	SH3TC1
ENSGALG00010009701	ENSGALG00010009701
ENSGALG00010009702	ENSGALG00010009702
ENSGALG00010009703	ENSGALG00010009703
RGP1	RGP1
DTNBP1	DTNBP1
ENSGALG00010009706	ENSGALG00010009706
ENSGALG00010009707	ENSGALG00010009707
SMIM45	SMIM45
ENSGALG00010009709	ENSGALG00010009709
ENSGALG00010009710	ENSGALG00010009710
ENSGALG00010009711	ENSGALG00010009711
UBXN2A	UBXN2A
ENSGALG00010009713	ENSGALG00010009713
ENSGALG00010009714	ENSGALG00010009714
NUDCD2	NUDCD2
ENSGALG00010009716	ENSGALG00010009716
EDN1	EDN1
ENSGALG00010009718	ENSGALG00010009718
YIPF3	YIPF3
RELN	RELN
ZHX1	ZHX1
GBA2	GBA2
ENSGALG00010009723	ENSGALG00010009723
ISOC1	ISOC1
ENSGALG00010009725	ENSGALG00010009725
PRR16	PRR16
CDH20	CDH20
CCDC149	CCDC149
ENSGALG00010009729	ENSGALG00010009729
C8orf76	C8orf76
NMI	NMI
HMMR	HMMR
ENSGALG00010009733	ENSGALG00010009733
ENSGALG00010009734	ENSGALG00010009734
ENSGALG00010009735	ENSGALG00010009735
WISP1	WISP1
ENSGALG00010009737	ENSGALG00010009737
ENSGALG00010009738	ENSGALG00010009738
ENSGALG00010009739	ENSGALG00010009739
LRRC73	LRRC73
C2H6orf52	C2H6orf52
ENSGALG00010009742	ENSGALG00010009742
CCNG1	CCNG1
DAPK1	DAPK1
ENSGALG00010009745	ENSGALG00010009745
FOXE1	FOXE1
ENSGALG00010009747	ENSGALG00010009747
ENSGALG00010009748	ENSGALG00010009748
NDRG1	NDRG1
ENSGALG00010009750	ENSGALG00010009750
ENSGALG00010009751	ENSGALG00010009751
ENSGALG00010009752	ENSGALG00010009752
ENSGALG00010009753	ENSGALG00010009753
ENSGALG00010009754	ENSGALG00010009754
ENSGALG00010009755	ENSGALG00010009755
ENSGALG00010009756	ENSGALG00010009756
ENSGALG00010009757	ENSGALG00010009757
ENSGALG00010009758	ENSGALG00010009758
ENSGALG00010009759	ENSGALG00010009759
ENSGALG00010009760	ENSGALG00010009760
PDP2	PDP2
MAN2A1	MAN2A1
ENSGALG00010009763	ENSGALG00010009763
ENSGALG00010009764	ENSGALG00010009764
STX10	STX10
ENSGALG00010009766	ENSGALG00010009766
ENSGALG00010009767	ENSGALG00010009767
ENSGALG00010009768	ENSGALG00010009768
TMCC3	TMCC3
ENSGALG00010009770	ENSGALG00010009770
ENSGALG00010009771	ENSGALG00010009771
ENSGALG00010009772	ENSGALG00010009772
ENSGALG00010009773	ENSGALG00010009773
PIAS2	PIAS2
KIAA1614	KIAA1614
ENSGALG00010009776	ENSGALG00010009776
ST3GAL1	ST3GAL1
ENSGALG00010009778	ENSGALG00010009778
PPP1R3E	PPP1R3E
MFSD2B	MFSD2B
ENSGALG00010009781	ENSGALG00010009781
ENSGALG00010009782	ENSGALG00010009782
ENSGALG00010009783	ENSGALG00010009783
ENSGALG00010009784	ENSGALG00010009784
ENSGALG00010009785	ENSGALG00010009785
C1HXORF36	C1HXORF36
ENSGALG00010009787	ENSGALG00010009787
PAK1IP1	PAK1IP1
ENSGALG00010009789	ENSGALG00010009789
MC1R	MC1R
GABRG2	GABRG2
ENSGALG00010009792	ENSGALG00010009792
TNFAIP6	TNFAIP6
ENSGALG00010009794	ENSGALG00010009794
NDUFA6	NDUFA6
ENSGALG00010009796	ENSGALG00010009796
ENSGALG00010009797	ENSGALG00010009797
YIPF4	YIPF4
ENSGALG00010009799	ENSGALG00010009799
ENSGALG00010009800	ENSGALG00010009800
ENSGALG00010009801	ENSGALG00010009801
ENSGALG00010009802	ENSGALG00010009802
ENSGALG00010009803	ENSGALG00010009803
XPR1	XPR1
ENSGALG00010009805	ENSGALG00010009805
WDCP	WDCP
ENSGALG00010009807	ENSGALG00010009807
ENSGALG00010009808	ENSGALG00010009808
SMDT1	SMDT1
ENSGALG00010009810	ENSGALG00010009810
ENSGALG00010009811	ENSGALG00010009811
ENSGALG00010009812	ENSGALG00010009812
ENSGALG00010009813	ENSGALG00010009813
ENSGALG00010009814	ENSGALG00010009814
ENSGALG00010009815	ENSGALG00010009815
ENSGALG00010009816	ENSGALG00010009816
ENSGALG00010009817	ENSGALG00010009817
ENSGALG00010009818	ENSGALG00010009818
ENSGALG00010009819	ENSGALG00010009819
ENSGALG00010009820	ENSGALG00010009820
ENSGALG00010009821	ENSGALG00010009821
ENSGALG00010009822	ENSGALG00010009822
ENSGALG00010009823	ENSGALG00010009823
ENSGALG00010009824	ENSGALG00010009824
ENSGALG00010009825	ENSGALG00010009825
ENSGALG00010009826	ENSGALG00010009826
ENSGALG00010009827	ENSGALG00010009827
ENSGALG00010009828	ENSGALG00010009828
ENSGALG00010009829	ENSGALG00010009829
RNASEL	RNASEL
N6AMT1	N6AMT1
ENSGALG00010009832	ENSGALG00010009832
SOD3	SOD3
ENSGALG00010009834	ENSGALG00010009834
ENSGALG00010009835	ENSGALG00010009835
ENSGALG00010009836	ENSGALG00010009836
ENSGALG00010009837	ENSGALG00010009837
ENSGALG00010009838	ENSGALG00010009838
ENSGALG00010009839	ENSGALG00010009839
ENSGALG00010009840	ENSGALG00010009840
GABRA1	GABRA1
PHETA2	PHETA2
ENSGALG00010009843	ENSGALG00010009843
ENSGALG00010009844	ENSGALG00010009844
ENSGALG00010009845	ENSGALG00010009845
ENSGALG00010009846	ENSGALG00010009846
TMEM14C	TMEM14C
ENSGALG00010009848	ENSGALG00010009848
ENSGALG00010009849	ENSGALG00010009849
RIF1	RIF1
ENSGALG00010009851	ENSGALG00010009851
ENSGALG00010009852	ENSGALG00010009852
ENSGALG00010009853	ENSGALG00010009853
ENSGALG00010009854	ENSGALG00010009854
ENSGALG00010009855	ENSGALG00010009855
ENSGALG00010009856	ENSGALG00010009856
ORC5	ORC5
ST8SIA5	ST8SIA5
ENSGALG00010009859	ENSGALG00010009859
ENSGALG00010009860	ENSGALG00010009860
ENSGALG00010009861	ENSGALG00010009861
ENSGALG00010009862	ENSGALG00010009862
ENSGALG00010009863	ENSGALG00010009863
ENSGALG00010009864	ENSGALG00010009864
ENSGALG00010009865	ENSGALG00010009865
NAGA	NAGA
ENSGALG00010009867	ENSGALG00010009867
LTN1	LTN1
ENSGALG00010009869	ENSGALG00010009869
ENSGALG00010009870	ENSGALG00010009870
ENSGALG00010009871	ENSGALG00010009871
ENSGALG00010009872	ENSGALG00010009872
ENSGALG00010009873	ENSGALG00010009873
ENSGALG00010009874	ENSGALG00010009874
ENSGALG00010009875	ENSGALG00010009875
SELENOI	SELENOI
ENSGALG00010009877	ENSGALG00010009877
ENSGALG00010009878	ENSGALG00010009878
ENSGALG00010009879	ENSGALG00010009879
ENSGALG00010009880	ENSGALG00010009880
ENSGALG00010009881	ENSGALG00010009881
ENSGALG00010009882	ENSGALG00010009882
ENSGALG00010009883	ENSGALG00010009883
GFOD1	GFOD1
ENSGALG00010009885	ENSGALG00010009885
ENSGALG00010009886	ENSGALG00010009886
ENSGALG00010009887	ENSGALG00010009887
ENSGALG00010009888	ENSGALG00010009888
ENSGALG00010009889	ENSGALG00010009889
ENSGALG00010009890	ENSGALG00010009890
ENSGALG00010009891	ENSGALG00010009891
ENSGALG00010009892	ENSGALG00010009892
ENSGALG00010009893	ENSGALG00010009893
ENSGALG00010009894	ENSGALG00010009894
ENSGALG00010009895	ENSGALG00010009895
ENSGALG00010009896	ENSGALG00010009896
ENSGALG00010009897	ENSGALG00010009897
ENSGALG00010009898	ENSGALG00010009898
ENSGALG00010009899	ENSGALG00010009899
ENSGALG00010009900	ENSGALG00010009900
ENSGALG00010009901	ENSGALG00010009901
ENSGALG00010009902	ENSGALG00010009902
ENSGALG00010009903	ENSGALG00010009903
ENSGALG00010009904	ENSGALG00010009904
ENSGALG00010009905	ENSGALG00010009905
ENSGALG00010009906	ENSGALG00010009906
ENSGALG00010009907	ENSGALG00010009907
ENSGALG00010009908	ENSGALG00010009908
ENSGALG00010009909	ENSGALG00010009909
SMAD7	SMAD7
ENSGALG00010009911	ENSGALG00010009911
ENSGALG00010009912	ENSGALG00010009912
ENSGALG00010009913	ENSGALG00010009913
RWDD2B	RWDD2B
ENSGALG00010009915	ENSGALG00010009915
ENSGALG00010009916	ENSGALG00010009916
ENSGALG00010009917	ENSGALG00010009917
ENSGALG00010009918	ENSGALG00010009918
ENSGALG00010009919	ENSGALG00010009919
ENSGALG00010009920	ENSGALG00010009920
ENSGALG00010009921	ENSGALG00010009921
ENSGALG00010009922	ENSGALG00010009922
ENSGALG00010009923	ENSGALG00010009923
ENSGALG00010009924	ENSGALG00010009924
ENSGALG00010009925	ENSGALG00010009925
ENSGALG00010009926	ENSGALG00010009926
ENSGALG00010009927	ENSGALG00010009927
ENSGALG00010009928	ENSGALG00010009928
ENSGALG00010009929	ENSGALG00010009929
GABRA6	GABRA6
ENSGALG00010009931	ENSGALG00010009931
ENSGALG00010009932	ENSGALG00010009932
ENSGALG00010009933	ENSGALG00010009933
ENSGALG00010009934	ENSGALG00010009934
ENSGALG00010009935	ENSGALG00010009935
ENSGALG00010009936	ENSGALG00010009936
ENSGALG00010009937	ENSGALG00010009937
ENSGALG00010009938	ENSGALG00010009938
ENSGALG00010009939	ENSGALG00010009939
ENSGALG00010009940	ENSGALG00010009940
CACNA1E	CACNA1E
ENSGALG00010009942	ENSGALG00010009942
DHX15	DHX15
ENSGALG00010009944	ENSGALG00010009944
ENSGALG00010009945	ENSGALG00010009945
ENSGALG00010009946	ENSGALG00010009946
ENSGALG00010009947	ENSGALG00010009947
WBP2NL	WBP2NL
ENSGALG00010009949	ENSGALG00010009949
ENSGALG00010009950	ENSGALG00010009950
ENSGALG00010009951	ENSGALG00010009951
ENSGALG00010009952	ENSGALG00010009952
ENSGALG00010009953	ENSGALG00010009953
ENSGALG00010009954	ENSGALG00010009954
ENSGALG00010009955	ENSGALG00010009955
ENSGALG00010009956	ENSGALG00010009956
ENSGALG00010009957	ENSGALG00010009957
ENSGALG00010009958	ENSGALG00010009958
ENSGALG00010009959	ENSGALG00010009959
ENSGALG00010009960	ENSGALG00010009960
ENSGALG00010009961	ENSGALG00010009961
ENSGALG00010009962	ENSGALG00010009962
ENSGALG00010009963	ENSGALG00010009963
ENSGALG00010009964	ENSGALG00010009964
ENSGALG00010009965	ENSGALG00010009965
ENSGALG00010009966	ENSGALG00010009966
ENSGALG00010009967	ENSGALG00010009967
ENSGALG00010009968	ENSGALG00010009968
ENSGALG00010009969	ENSGALG00010009969
ENSGALG00010009970	ENSGALG00010009970
RGSL1	RGSL1
PTK2B	PTK2B
ENSGALG00010009973	ENSGALG00010009973
ENSGALG00010009974	ENSGALG00010009974
ENSGALG00010009975	ENSGALG00010009975
ENSGALG00010009976	ENSGALG00010009976
ENSGALG00010009977	ENSGALG00010009977
ENSGALG00010009978	ENSGALG00010009978
ENSGALG00010009979	ENSGALG00010009979
ENSGALG00010009980	ENSGALG00010009980
ENSGALG00010009981	ENSGALG00010009981
ENSGALG00010009982	ENSGALG00010009982
ENSGALG00010009983	ENSGALG00010009983
ENSGALG00010009984	ENSGALG00010009984
USP16	USP16
ENSGALG00010009986	ENSGALG00010009986
ENSGALG00010009987	ENSGALG00010009987
ENSGALG00010009988	ENSGALG00010009988
TBC1D7	TBC1D7
ENSGALG00010009990	ENSGALG00010009990
LHFPL3	LHFPL3
ENSGALG00010009992	ENSGALG00010009992
ENSGALG00010009993	ENSGALG00010009993
ENSGALG00010009994	ENSGALG00010009994
SEPTIN3	SEPTIN3
ENSGALG00010009996	ENSGALG00010009996
ENSGALG00010009997	ENSGALG00010009997
ENSGALG00010009998	ENSGALG00010009998
GABRB2	GABRB2
ENSGALG00010010000	ENSGALG00010010000
ENSGALG00010010001	ENSGALG00010010001
ENSGALG00010010002	ENSGALG00010010002
ENSGALG00010010003	ENSGALG00010010003
ENSGALG00010010004	ENSGALG00010010004
ENSGALG00010010005	ENSGALG00010010005
PPARGC1A	PPARGC1A
CTIF	CTIF
ENSGALG00010010008	ENSGALG00010010008
ELF2	ELF2
ENSGALG00010010010	ENSGALG00010010010
EPB41L4A	EPB41L4A
ENSGALG00010010012	ENSGALG00010010012
ENSGALG00010010013	ENSGALG00010010013
GLUL	GLUL
ENSGALG00010010015	ENSGALG00010010015
ENSGALG00010010016	ENSGALG00010010016
CCDC59	CCDC59
ENSGALG00010010018	ENSGALG00010010018
ENSGALG00010010019	ENSGALG00010010019
ENSGALG00010010020	ENSGALG00010010020
ENSGALG00010010021	ENSGALG00010010021
KMT2E	KMT2E
ENSGALG00010010023	ENSGALG00010010023
ENSGALG00010010024	ENSGALG00010010024
ENSGALG00010010025	ENSGALG00010010025
ENSGALG00010010026	ENSGALG00010010026
ENSGALG00010010027	ENSGALG00010010027
ENSGALG00010010028	ENSGALG00010010028
ENSGALG00010010029	ENSGALG00010010029
ENSGALG00010010030	ENSGALG00010010030
ENSGALG00010010031	ENSGALG00010010031
ENSGALG00010010032	ENSGALG00010010032
ENSGALG00010010033	ENSGALG00010010033
ENSGALG00010010034	ENSGALG00010010034
ATP10B	ATP10B
ENSGALG00010010036	ENSGALG00010010036
NAA15	NAA15
ENSGALG00010010038	ENSGALG00010010038
ENSGALG00010010039	ENSGALG00010010039
ENSGALG00010010040	ENSGALG00010010040
ENSGALG00010010041	ENSGALG00010010041
METTL25	METTL25
ENSGALG00010010043	ENSGALG00010010043
ENSGALG00010010044	ENSGALG00010010044
ENSGALG00010010045	ENSGALG00010010045
ENSGALG00010010046	ENSGALG00010010046
ENSGALG00010010047	ENSGALG00010010047
ENSGALG00010010048	ENSGALG00010010048
ZBTB7C	ZBTB7C
ENSGALG00010010050	ENSGALG00010010050
ENSGALG00010010051	ENSGALG00010010051
ZNF346	ZNF346
CHRNA2	CHRNA2
ENSGALG00010010054	ENSGALG00010010054
ENSGALG00010010055	ENSGALG00010010055
ENSGALG00010010056	ENSGALG00010010056
ENSGALG00010010057	ENSGALG00010010057
ENSGALG00010010058	ENSGALG00010010058
ENSGALG00010010059	ENSGALG00010010059
ENSGALG00010010060	ENSGALG00010010060
CYP2D6	CYP2D6
RGS7BP	RGS7BP
ENSGALG00010010063	ENSGALG00010010063
ERCC6L2	ERCC6L2
ENSGALG00010010065	ENSGALG00010010065
ENSGALG00010010066	ENSGALG00010010066
ENSGALG00010010067	ENSGALG00010010067
ENSGALG00010010068	ENSGALG00010010068
ENSGALG00010010069	ENSGALG00010010069
ENSGALG00010010070	ENSGALG00010010070
GLT8D2	GLT8D2
ENSGALG00010010072	ENSGALG00010010072
ENSGALG00010010073	ENSGALG00010010073
ENSGALG00010010074	ENSGALG00010010074
ENSGALG00010010075	ENSGALG00010010075
ENSGALG00010010076	ENSGALG00010010076
CCT8	CCT8
ENSGALG00010010078	ENSGALG00010010078
ENSGALG00010010079	ENSGALG00010010079
CDC42EP3	CDC42EP3
ENSGALG00010010081	ENSGALG00010010081
ENSGALG00010010082	ENSGALG00010010082
ENSGALG00010010083	ENSGALG00010010083
HK3	HK3
TDG	TDG
ENSGALG00010010086	ENSGALG00010010086
ENSGALG00010010087	ENSGALG00010010087
ENSGALG00010010088	ENSGALG00010010088
ENSGALG00010010089	ENSGALG00010010089
ENSGALG00010010090	ENSGALG00010010090
ENSGALG00010010091	ENSGALG00010010091
ENSGALG00010010092	ENSGALG00010010092
ENSGALG00010010093	ENSGALG00010010093
SLC2A9	SLC2A9
C12orf73	C12orf73
ENSGALG00010010096	ENSGALG00010010096
ENSGALG00010010097	ENSGALG00010010097
ENSGALG00010010098	ENSGALG00010010098
TNR	TNR
IRF2BP2	IRF2BP2
ENSGALG00010010101	ENSGALG00010010101
ENSGALG00010010102	ENSGALG00010010102
ENSGALG00010010103	ENSGALG00010010103
ENSGALG00010010104	ENSGALG00010010104
ENSGALG00010010105	ENSGALG00010010105
C7orf73	C7orf73
MGST2	MGST2
ENSGALG00010010108	ENSGALG00010010108
ENSGALG00010010109	ENSGALG00010010109
ENSGALG00010010110	ENSGALG00010010110
CNOT4	CNOT4
ENSGALG00010010112	ENSGALG00010010112
ENSGALG00010010113	ENSGALG00010010113
ENSGALG00010010114	ENSGALG00010010114
ENSGALG00010010115	ENSGALG00010010115
DRD5	DRD5
ENSGALG00010010117	ENSGALG00010010117
ENSGALG00010010118	ENSGALG00010010118
SRPK2	SRPK2
ENSGALG00010010120	ENSGALG00010010120
ENSGALG00010010121	ENSGALG00010010121
THBS4	THBS4
ENSGALG00010010123	ENSGALG00010010123
ENSGALG00010010124	ENSGALG00010010124
AHCTF1	AHCTF1
ENSGALG00010010126	ENSGALG00010010126
FAM13C	FAM13C
ENSGALG00010010128	ENSGALG00010010128
ENSGALG00010010129	ENSGALG00010010129
ENSGALG00010010130	ENSGALG00010010130
ENSGALG00010010131	ENSGALG00010010131
ENSGALG00010010132	ENSGALG00010010132
ENSGALG00010010133	ENSGALG00010010133
OTOP1	OTOP1
ENSGALG00010010135	ENSGALG00010010135
EPHX2	EPHX2
gga-mir-2131	gga-mir-2131
ENSGALG00010010138	ENSGALG00010010138
gga-mir-1583	gga-mir-1583
ENSGALG00010010140	ENSGALG00010010140
ENSGALG00010010141	ENSGALG00010010141
ENSGALG00010010142	ENSGALG00010010142
ENSGALG00010010143	ENSGALG00010010143
ENSGALG00010010144	ENSGALG00010010144
ENSGALG00010010145	ENSGALG00010010145
PHACTR1	PHACTR1
GLIS3	GLIS3
ENSGALG00010010148	ENSGALG00010010148
ENSGALG00010010149	ENSGALG00010010149
NTRK2	NTRK2
ENSGALG00010010151	ENSGALG00010010151
ENSGALG00010010152	ENSGALG00010010152
ENSGALG00010010153	ENSGALG00010010153
IQSEC3	IQSEC3
BRINP3	BRINP3
IFNAR2	IFNAR2
ENSGALG00010010157	ENSGALG00010010157
ENSGALG00010010158	ENSGALG00010010158
ENSGALG00010010159	ENSGALG00010010159
ENSGALG00010010160	ENSGALG00010010160
SEPSECS	SEPSECS
ENSGALG00010010162	ENSGALG00010010162
ENSGALG00010010163	ENSGALG00010010163
ENSGALG00010010164	ENSGALG00010010164
ENSGALG00010010165	ENSGALG00010010165
ENSGALG00010010166	ENSGALG00010010166
PUS7	PUS7
SNCB	SNCB
ENSGALG00010010169	ENSGALG00010010169
ENSGALG00010010170	ENSGALG00010010170
NUGGC	NUGGC
ENSGALG00010010172	ENSGALG00010010172
ENSGALG00010010173	ENSGALG00010010173
ENSGALG00010010174	ENSGALG00010010174
ENSGALG00010010175	ENSGALG00010010175
ENSGALG00010010176	ENSGALG00010010176
STRA8	STRA8
LGI2	LGI2
CDHR2	CDHR2
ENSGALG00010010180	ENSGALG00010010180
ENSGALG00010010181	ENSGALG00010010181
ENSGALG00010010182	ENSGALG00010010182
NKX3-2	NKX3-2
ENSGALG00010010184	ENSGALG00010010184
PHYHIPL	PHYHIPL
TNPO1	TNPO1
ENSGALG00010010187	ENSGALG00010010187
DSP	DSP
ENSGALG00010010189	ENSGALG00010010189
RNF44	RNF44
RINT1	RINT1
ENSGALG00010010192	ENSGALG00010010192
ENSGALG00010010193	ENSGALG00010010193
ENSGALG00010010194	ENSGALG00010010194
ENSGALG00010010195	ENSGALG00010010195
EFCAB10	EFCAB10
SCCPDH	SCCPDH
KCNV2	KCNV2
ENSGALG00010010199	ENSGALG00010010199
ENSGALG00010010200	ENSGALG00010010200
RIOK1	RIOK1
ENSGALG00010010202	ENSGALG00010010202
ENSGALG00010010203	ENSGALG00010010203
ENSGALG00010010204	ENSGALG00010010204
ARL5A	ARL5A
SCARA5	SCARA5
ENSGALG00010010207	ENSGALG00010010207
ENSGALG00010010208	ENSGALG00010010208
ENSGALG00010010209	ENSGALG00010010209
ENSGALG00010010210	ENSGALG00010010210
ENSGALG00010010211	ENSGALG00010010211
ENSGALG00010010212	ENSGALG00010010212
ENSGALG00010010213	ENSGALG00010010213
FAF2	FAF2
ENSGALG00010010215	ENSGALG00010010215
ATXN7L1	ATXN7L1
ENSGALG00010010217	ENSGALG00010010217
PBK	PBK
ENSGALG00010010219	ENSGALG00010010219
LHX9	LHX9
ENSGALG00010010221	ENSGALG00010010221
PAH	PAH
NFAM1	NFAM1
ENSGALG00010010224	ENSGALG00010010224
ENSGALG00010010225	ENSGALG00010010225
BICC1	BICC1
OLIG2	OLIG2
ENSGALG00010010228	ENSGALG00010010228
ENSGALG00010010229	ENSGALG00010010229
ENSGALG00010010230	ENSGALG00010010230
C1orf53	C1orf53
ENSGALG00010010232	ENSGALG00010010232
ENSGALG00010010233	ENSGALG00010010233
ENSGALG00010010234	ENSGALG00010010234
ENSGALG00010010235	ENSGALG00010010235
ENSGALG00010010236	ENSGALG00010010236
ENSGALG00010010237	ENSGALG00010010237
ENSGALG00010010238	ENSGALG00010010238
ENSGALG00010010239	ENSGALG00010010239
ENSGALG00010010240	ENSGALG00010010240
ENSGALG00010010241	ENSGALG00010010241
ENSGALG00010010242	ENSGALG00010010242
ESCO2	ESCO2
ENSGALG00010010244	ENSGALG00010010244
GALR3	GALR3
CLTB	CLTB
ENSGALG00010010247	ENSGALG00010010247
ENSGALG00010010248	ENSGALG00010010248
ENSGALG00010010249	ENSGALG00010010249
ENSGALG00010010250	ENSGALG00010010250
ENSGALG00010010251	ENSGALG00010010251
WDR7	WDR7
IL10RB	IL10RB
WDR41	WDR41
CACNB4	CACNB4
ENSGALG00010010256	ENSGALG00010010256
ENSGALG00010010257	ENSGALG00010010257
ENSGALG00010010258	ENSGALG00010010258
IGF1	IGF1
ENSGALG00010010260	ENSGALG00010010260
ENSGALG00010010261	ENSGALG00010010261
HSPA9	HSPA9
RAB4A	RAB4A
ENSGALG00010010264	ENSGALG00010010264
ENSGALG00010010265	ENSGALG00010010265
EFNA5	EFNA5
CCSER2	CCSER2
ENSGALG00010010268	ENSGALG00010010268
ENSGALG00010010269	ENSGALG00010010269
SSR1	SSR1
HUNK	HUNK
ENSGALG00010010272	ENSGALG00010010272
ENSGALG00010010273	ENSGALG00010010273
MIS18A	MIS18A
PDE8B	PDE8B
ENSGALG00010010276	ENSGALG00010010276
ENSGALG00010010277	ENSGALG00010010277
gga-mir-30b	gga-mir-30b
CCSAP	CCSAP
HSP90B1	HSP90B1
gga-mir-1770	gga-mir-1770
ENSGALG00010010282	ENSGALG00010010282
ENSGALG00010010283	ENSGALG00010010283
CCDC25	CCDC25
ENSGALG00010010285	ENSGALG00010010285
ENSGALG00010010286	ENSGALG00010010286
STAM2	STAM2
TXNL1	TXNL1
ENSGALG00010010289	ENSGALG00010010289
ENSGALG00010010290	ENSGALG00010010290
TCF20	TCF20
ENSGALG00010010292	ENSGALG00010010292
ENSGALG00010010293	ENSGALG00010010293
ENSGALG00010010294	ENSGALG00010010294
ENSGALG00010010295	ENSGALG00010010295
ENSGALG00010010296	ENSGALG00010010296
ENSGALG00010010297	ENSGALG00010010297
KCNIP4	KCNIP4
ENSGALG00010010299	ENSGALG00010010299
DENND1B	DENND1B
ENSGALG00010010301	ENSGALG00010010301
WDR36	WDR36
ETF1	ETF1
ENSGALG00010010304	ENSGALG00010010304
URB1	URB1
ENSGALG00010010306	ENSGALG00010010306
ENSGALG00010010307	ENSGALG00010010307
PACRGL	PACRGL
ENSGALG00010010309	ENSGALG00010010309
NT5DC3	NT5DC3
CTSV	CTSV
ENSGALG00010010312	ENSGALG00010010312
GRID1	GRID1
CRB1	CRB1
ENSGALG00010010315	ENSGALG00010010315
ENSGALG00010010316	ENSGALG00010010316
ENSGALG00010010317	ENSGALG00010010317
ENSGALG00010010318	ENSGALG00010010318
ENSGALG00010010319	ENSGALG00010010319
SYPL1	SYPL1
NUP133	NUP133
NEDD4L	NEDD4L
FBP2	FBP2
ENSGALG00010010324	ENSGALG00010010324
ENSGALG00010010325	ENSGALG00010010325
ENSGALG00010010326	ENSGALG00010010326
FBP1	FBP1
ENSGALG00010010328	ENSGALG00010010328
ENSGALG00010010329	ENSGALG00010010329
ALPK2	ALPK2
ENSGALG00010010331	ENSGALG00010010331
ENSGALG00010010332	ENSGALG00010010332
WAPL	WAPL
ZBTB41	ZBTB41
ENSGALG00010010335	ENSGALG00010010335
FMNL2	FMNL2
SCARA3	SCARA3
CNST	CNST
ENSGALG00010010339	ENSGALG00010010339
ENSGALG00010010340	ENSGALG00010010340
OPN4	OPN4
ENSGALG00010010342	ENSGALG00010010342
ENSGALG00010010343	ENSGALG00010010343
SNORD71	SNORD71
ENSGALG00010010345	ENSGALG00010010345
TFB2M	TFB2M
FBXW11	FBXW11
ENSGALG00010010348	ENSGALG00010010348
RREB1	RREB1
gga-mir-6589	gga-mir-6589
NAMPTP1	NAMPTP1
PCASP1	PCASP1
ENSGALG00010010353	ENSGALG00010010353
gga-mir-6667	gga-mir-6667
gga-mir-1699	gga-mir-1699
STAB2	STAB2
ENSGALG00010010357	ENSGALG00010010357
ASPM	ASPM
gga-mir-140	gga-mir-140
gga-mir-1571	gga-mir-1571
PIGM	PIGM
gga-mir-1560	gga-mir-1560
ENSGALG00010010363	ENSGALG00010010363
gga-mir-6595	gga-mir-6595
ENSGALG00010010365	ENSGALG00010010365
CLU	CLU
gga-mir-1785	gga-mir-1785
ENSGALG00010010368	ENSGALG00010010368
ENSGALG00010010369	ENSGALG00010010369
ENSGALG00010010370	ENSGALG00010010370
SOCS1L	SOCS1L
ENSGALG00010010372	ENSGALG00010010372
ENSGALG00010010373	ENSGALG00010010373
CMTM4	CMTM4
U6 - ENSGALG00010010375	U6 - ENSGALG00010010375
ENSGALG00010010376	ENSGALG00010010376
ENSGALG00010010377	ENSGALG00010010377
ENSGALG00010010378	ENSGALG00010010378
SLC35F6	SLC35F6
ENSGALG00010010380	ENSGALG00010010380
MAST4	MAST4
SEC11C	SEC11C
SLIT2	SLIT2
ENSGALG00010010384	ENSGALG00010010384
ENSGALG00010010385	ENSGALG00010010385
PRPF40A	PRPF40A
ENSGALG00010010387	ENSGALG00010010387
ENSGALG00010010388	ENSGALG00010010388
ENSGALG00010010389	ENSGALG00010010389
KCNK3	KCNK3
ENSGALG00010010391	ENSGALG00010010391
ENSGALG00010010392	ENSGALG00010010392
FANCC	FANCC
MRPL42	MRPL42
GRP	GRP
ENSGALG00010010396	ENSGALG00010010396
PICK1	PICK1
ENSGALG00010010398	ENSGALG00010010398
FGF18	FGF18
CIMIP2C	CIMIP2C
ENSGALG00010010401	ENSGALG00010010401
ENSGALG00010010402	ENSGALG00010010402
ENSGALG00010010403	ENSGALG00010010403
COP1	COP1
EVA1C	EVA1C
PTCH1	PTCH1
SOX10	SOX10
GAS8	GAS8
RAX	RAX
CACNA2D1	CACNA2D1
CD180	CD180
ENSGALG00010010412	ENSGALG00010010412
ENSGALG00010010413	ENSGALG00010010413
ENSGALG00010010414	ENSGALG00010010414
CPLX4	CPLX4
SLC35B3	SLC35B3
OTOF	OTOF
BRINP2	BRINP2
ACTL7A	ACTL7A
NPM1	NPM1
POLR2F	POLR2F
CDH1	CDH1
C21orf59	C21orf59
ENSGALG00010010424	ENSGALG00010010424
BLOC1S5	BLOC1S5
ENSGALG00010010426	ENSGALG00010010426
ENSGALG00010010427	ENSGALG00010010427
ENSGALG00010010428	ENSGALG00010010428
TLX3	TLX3
ASTN1	ASTN1
SOCS2	SOCS2
ENSGALG00010010432	ENSGALG00010010432
ENSGALG00010010433	ENSGALG00010010433
PROM1	PROM1
GAS1	GAS1
ENSGALG00010010436	ENSGALG00010010436
ENSGALG00010010437	ENSGALG00010010437
LDB3	LDB3
HGF	HGF
ENSGALG00010010440	ENSGALG00010010440
ENSGALG00010010441	ENSGALG00010010441
ENSGALG00010010442	ENSGALG00010010442
ENSGALG00010010443	ENSGALG00010010443
TXNDC5	TXNDC5
LMAN1L	LMAN1L
C22orf23	C22orf23
BTF3	BTF3
GALNT13	GALNT13
PAPPA2	PAPPA2
ENSGALG00010010450	ENSGALG00010010450
RANBP17	RANBP17
ENSGALG00010010452	ENSGALG00010010452
DRC1	DRC1
ENSGALG00010010454	ENSGALG00010010454
ENSGALG00010010455	ENSGALG00010010455
BMP6	BMP6
AGGF1	AGGF1
ENSGALG00010010458	ENSGALG00010010458
ENSGALG00010010459	ENSGALG00010010459
SEMA3C	SEMA3C
SLC7A5	SLC7A5
ENSGALG00010010462	ENSGALG00010010462
ACAA2	ACAA2
ENSGALG00010010464	ENSGALG00010010464
BMPR1A	BMPR1A
CRADD	CRADD
FGFBP2	FGFBP2
ENSGALG00010010468	ENSGALG00010010468
ENSGALG00010010469	ENSGALG00010010469
ENSGALG00010010470	ENSGALG00010010470
KCNJ3	KCNJ3
MMRN2	MMRN2
TRIM35	TRIM35
ENSGALG00010010474	ENSGALG00010010474
CCDC71L	CCDC71L
ENSGALG00010010476	ENSGALG00010010476
ENSGALG00010010477	ENSGALG00010010477
ENSGALG00010010478	ENSGALG00010010478
ENSGALG00010010479	ENSGALG00010010479
ENSGALG00010010480	ENSGALG00010010480
ENSGALG00010010481	ENSGALG00010010481
ENSGALG00010010482	ENSGALG00010010482
FGFBP1	FGFBP1
ENSGALG00010010484	ENSGALG00010010484
ENSGALG00010010485	ENSGALG00010010485
ENSGALG00010010486	ENSGALG00010010486
ENSGALG00010010487	ENSGALG00010010487
ENSGALG00010010488	ENSGALG00010010488
ENSGALG00010010489	ENSGALG00010010489
ENSGALG00010010490	ENSGALG00010010490
ENSGALG00010010491	ENSGALG00010010491
ENSGALG00010010492	ENSGALG00010010492
ENSGALG00010010493	ENSGALG00010010493
ENSGALG00010010494	ENSGALG00010010494
ENSGALG00010010495	ENSGALG00010010495
MRPL17	MRPL17
ENSGALG00010010497	ENSGALG00010010497
ENSGALG00010010498	ENSGALG00010010498
NR4A2	NR4A2
ENSGALG00010010500	ENSGALG00010010500
ENSGALG00010010501	ENSGALG00010010501
ENSGALG00010010502	ENSGALG00010010502
ENSGALG00010010503	ENSGALG00010010503
ENSGALG00010010504	ENSGALG00010010504
CD38	CD38
ENSGALG00010010506	ENSGALG00010010506
ENSGALG00010010507	ENSGALG00010010507
ENSGALG00010010508	ENSGALG00010010508
ENSGALG00010010509	ENSGALG00010010509
ENSGALG00010010510	ENSGALG00010010510
GABRP	GABRP
PLXNC1	PLXNC1
ENSGALG00010010513	ENSGALG00010010513
ENSGALG00010010514	ENSGALG00010010514
RXRG	RXRG
ENSGALG00010010516	ENSGALG00010010516
STMN4	STMN4
ENSGALG00010010518	ENSGALG00010010518
ENSGALG00010010519	ENSGALG00010010519
ENSGALG00010010520	ENSGALG00010010520
SNCG	SNCG
ENSGALG00010010522	ENSGALG00010010522
ENSGALG00010010523	ENSGALG00010010523
ENSGALG00010010524	ENSGALG00010010524
ENSGALG00010010525	ENSGALG00010010525
ENSGALG00010010526	ENSGALG00010010526
ENSGALG00010010527	ENSGALG00010010527
GPD2	GPD2
ENSGALG00010010529	ENSGALG00010010529
ENSGALG00010010530	ENSGALG00010010530
ENSGALG00010010531	ENSGALG00010010531
ENSGALG00010010532	ENSGALG00010010532
ENSGALG00010010533	ENSGALG00010010533
SYNJ1	SYNJ1
LMX1A	LMX1A
ENSGALG00010010536	ENSGALG00010010536
ENSGALG00010010537	ENSGALG00010010537
ENSGALG00010010538	ENSGALG00010010538
ENSGALG00010010539	ENSGALG00010010539
ENSGALG00010010540	ENSGALG00010010540
ADIRF	ADIRF
ENSGALG00010010542	ENSGALG00010010542
ENSGALG00010010543	ENSGALG00010010543
ENSGALG00010010544	ENSGALG00010010544
ENSGALG00010010545	ENSGALG00010010545
MICALL1	MICALL1
BST1	BST1
ST8SIA3	ST8SIA3
ENSGALG00010010549	ENSGALG00010010549
ENSGALG00010010550	ENSGALG00010010550
ENSGALG00010010551	ENSGALG00010010551
ENSGALG00010010552	ENSGALG00010010552
ENSGALG00010010553	ENSGALG00010010553
ENSGALG00010010554	ENSGALG00010010554
ENSGALG00010010555	ENSGALG00010010555
POMC	POMC
ENSGALG00010010557	ENSGALG00010010557
ENSGALG00010010558	ENSGALG00010010558
ENSGALG00010010559	ENSGALG00010010559
ENSGALG00010010560	ENSGALG00010010560
ENSGALG00010010561	ENSGALG00010010561
ENSGALG00010010562	ENSGALG00010010562
ENSGALG00010010563	ENSGALG00010010563
ENSGALG00010010564	ENSGALG00010010564
ENSGALG00010010565	ENSGALG00010010565
ENSGALG00010010566	ENSGALG00010010566
ERMN	ERMN
ENSGALG00010010568	ENSGALG00010010568
ENSGALG00010010569	ENSGALG00010010569
ENSGALG00010010570	ENSGALG00010010570
ENSGALG00010010571	ENSGALG00010010571
AQP3	AQP3
CEP83	CEP83
ENSGALG00010010574	ENSGALG00010010574
PAXBP1	PAXBP1
ENSGALG00010010576	ENSGALG00010010576
PBX1	PBX1
GLUD2	GLUD2
ENSGALG00010010579	ENSGALG00010010579
ENSGALG00010010580	ENSGALG00010010580
ENSGALG00010010581	ENSGALG00010010581
ENSGALG00010010582	ENSGALG00010010582
ENSGALG00010010583	ENSGALG00010010583
ENSGALG00010010584	ENSGALG00010010584
FBXL5	FBXL5
CYTIP	CYTIP
ENSGALG00010010587	ENSGALG00010010587
SLC25A3	SLC25A3
ENSGALG00010010589	ENSGALG00010010589
ENSGALG00010010590	ENSGALG00010010590
ENSGALG00010010591	ENSGALG00010010591
ENSGALG00010010592	ENSGALG00010010592
EIF3L	EIF3L
ENSGALG00010010594	ENSGALG00010010594
ENSGALG00010010595	ENSGALG00010010595
SHLD2	SHLD2
ENSGALG00010010597	ENSGALG00010010597
ENSGALG00010010598	ENSGALG00010010598
F2RL1	F2RL1
ENSGALG00010010600	ENSGALG00010010600
ENSGALG00010010601	ENSGALG00010010601
ENSGALG00010010602	ENSGALG00010010602
ENSGALG00010010603	ENSGALG00010010603
HIVEP1	HIVEP1
NUF2	NUF2
ENSGALG00010010606	ENSGALG00010010606
ENSGALG00010010607	ENSGALG00010010607
ENSGALG00010010608	ENSGALG00010010608
ENSGALG00010010609	ENSGALG00010010609
ENSGALG00010010610	ENSGALG00010010610
ENSGALG00010010611	ENSGALG00010010611
ENSGALG00010010612	ENSGALG00010010612
ENSGALG00010010613	ENSGALG00010010613
IKBIP	IKBIP
ENSGALG00010010615	ENSGALG00010010615
ENSGALG00010010616	ENSGALG00010010616
ENSGALG00010010617	ENSGALG00010010617
APAF1	APAF1
LRRC52	LRRC52
ANKRD54	ANKRD54
ENSGALG00010010621	ENSGALG00010010621
ENSGALG00010010622	ENSGALG00010010622
SMAD2	SMAD2
ENSGALG00010010624	ENSGALG00010010624
FAM169A	FAM169A
ADTRP	ADTRP
ENSGALG00010010627	ENSGALG00010010627
ENSGALG00010010628	ENSGALG00010010628
ENSGALG00010010629	ENSGALG00010010629
ENSGALG00010010630	ENSGALG00010010630
ENSGALG00010010631	ENSGALG00010010631
ENSGALG00010010632	ENSGALG00010010632
C21orf62	C21orf62
ENSGALG00010010634	ENSGALG00010010634
ALDH9A1	ALDH9A1
ENSGALG00010010636	ENSGALG00010010636
ENSGALG00010010637	ENSGALG00010010637
ACVR1C	ACVR1C
ENSGALG00010010639	ENSGALG00010010639
ENSGALG00010010640	ENSGALG00010010640
ENSGALG00010010641	ENSGALG00010010641
CC2D2A	CC2D2A
ENSGALG00010010643	ENSGALG00010010643
ENSGALG00010010644	ENSGALG00010010644
FAM219A	FAM219A
MCM3AP	MCM3AP
ENSGALG00010010647	ENSGALG00010010647
CENPM	CENPM
ENSGALG00010010649	ENSGALG00010010649
ENSGALG00010010650	ENSGALG00010010650
NUAK1	NUAK1
ENSGALG00010010652	ENSGALG00010010652
ENSGALG00010010653	ENSGALG00010010653
ENSGALG00010010654	ENSGALG00010010654
C1QTNF7	C1QTNF7
ENSGALG00010010656	ENSGALG00010010656
TMEM170B	TMEM170B
ENSGALG00010010658	ENSGALG00010010658
ADAMTS1	ADAMTS1
ENSGALG00010010660	ENSGALG00010010660
CPEB2	CPEB2
MGST3	MGST3
EFR3B	EFR3B
ENSGALG00010010664	ENSGALG00010010664
ENSGALG00010010665	ENSGALG00010010665
C12orf75	C12orf75
ENSGALG00010010667	ENSGALG00010010667
ENSGALG00010010668	ENSGALG00010010668
ENSGALG00010010669	ENSGALG00010010669
ENSGALG00010010670	ENSGALG00010010670
SIGMAR1	SIGMAR1
TNFRSF13C	TNFRSF13C
ENSGALG00010010673	ENSGALG00010010673
ENSGALG00010010674	ENSGALG00010010674
ENSGALG00010010675	ENSGALG00010010675
ENSGALG00010010676	ENSGALG00010010676
ENSGALG00010010677	ENSGALG00010010677
KCNIP1	KCNIP1
ENSGALG00010010679	ENSGALG00010010679
SHISA8	SHISA8
ENSGALG00010010681	ENSGALG00010010681
SMIM13	SMIM13
ENSGALG00010010683	ENSGALG00010010683
ENSGALG00010010684	ENSGALG00010010684
STIM2	STIM2
ENSGALG00010010686	ENSGALG00010010686
ENSGALG00010010687	ENSGALG00010010687
IQGAP2	IQGAP2
POFUT2	POFUT2
MTPN	MTPN
ENSGALG00010010691	ENSGALG00010010691
ENSGALG00010010692	ENSGALG00010010692
KCNMB1	KCNMB1
ENSGALG00010010694	ENSGALG00010010694
ENSGALG00010010695	ENSGALG00010010695
ENSGALG00010010696	ENSGALG00010010696
NEDD9	NEDD9
GPRIN2	GPRIN2
DNAJC27	DNAJC27
ENSGALG00010010700	ENSGALG00010010700
ENSGALG00010010701	ENSGALG00010010701
ENSGALG00010010702	ENSGALG00010010702
ENSGALG00010010703	ENSGALG00010010703
ENSGALG00010010704	ENSGALG00010010704
ENSGALG00010010705	ENSGALG00010010705
SREBF2	SREBF2
ENSGALG00010010707	ENSGALG00010010707
ENSGALG00010010708	ENSGALG00010010708
ENSGALG00010010709	ENSGALG00010010709
UCK2	UCK2
ENSGALG00010010711	ENSGALG00010010711
ADAMTS5	ADAMTS5
NSA2	NSA2
ENSGALG00010010714	ENSGALG00010010714
ENSGALG00010010715	ENSGALG00010010715
ENSGALG00010010716	ENSGALG00010010716
ENSGALG00010010717	ENSGALG00010010717
ENSGALG00010010718	ENSGALG00010010718
SH3BP4	SH3BP4
ENSGALG00010010720	ENSGALG00010010720
ENSGALG00010010721	ENSGALG00010010721
TBC1D19	TBC1D19
ENSGALG00010010723	ENSGALG00010010723
ADCY3	ADCY3
ENSGALG00010010725	ENSGALG00010010725
ENSGALG00010010726	ENSGALG00010010726
ENSGALG00010010727	ENSGALG00010010727
ELOVL2	ELOVL2
ENSGALG00010010729	ENSGALG00010010729
ENSGALG00010010730	ENSGALG00010010730
ENSGALG00010010731	ENSGALG00010010731
CCKAR	CCKAR
GFM2	GFM2
AMN1	AMN1
ENSGALG00010010735	ENSGALG00010010735
ENSGALG00010010736	ENSGALG00010010736
ENSGALG00010010737	ENSGALG00010010737
ENSGALG00010010738	ENSGALG00010010738
ENSGALG00010010739	ENSGALG00010010739
CCDC134	CCDC134
ENSGALG00010010741	ENSGALG00010010741
LCP2	LCP2
KLHL20	KLHL20
ENSGALG00010010744	ENSGALG00010010744
ATVR1	ATVR1
ENSGALG00010010746	ENSGALG00010010746
SYCP2L	SYCP2L
SF3B1	SF3B1
NCOA4	NCOA4
ENSGALG00010010750	ENSGALG00010010750
SLC30A5	SLC30A5
ENSGALG00010010752	ENSGALG00010010752
ENSGALG00010010753	ENSGALG00010010753
DNAI1	DNAI1
ENSGALG00010010755	ENSGALG00010010755
CENPL	CENPL
ENSGALG00010010757	ENSGALG00010010757
ENSGALG00010010758	ENSGALG00010010758
ENSGALG00010010759	ENSGALG00010010759
FOXI1	FOXI1
MEI1	MEI1
MRPL39	MRPL39
ENSGALG00010010763	ENSGALG00010010763
ENSGALG00010010764	ENSGALG00010010764
ENSGALG00010010765	ENSGALG00010010765
CENPO	CENPO
ENSGALG00010010767	ENSGALG00010010767
TIMM23B	TIMM23B
HEXB	HEXB
SLC8A2	SLC8A2
ENSGALG00010010771	ENSGALG00010010771
ENSGALG00010010772	ENSGALG00010010772
ENSGALG00010010773	ENSGALG00010010773
KPTN	KPTN
ENSGALG00010010775	ENSGALG00010010775
GCAT	GCAT
ENSGALG00010010777	ENSGALG00010010777
UPP2	UPP2
DOCK2	DOCK2
PARG	PARG
NAPA	NAPA
ENSGALG00010010782	ENSGALG00010010782
F2RL2	F2RL2
CCDC148	CCDC148
ENSGALG00010010785	ENSGALG00010010785
NABP1	NABP1
ENSGALG00010010787	ENSGALG00010010787
ENSGALG00010010788	ENSGALG00010010788
ENSGALG00010010789	ENSGALG00010010789
GCM2	GCM2
H1F0	H1F0
XRCC6	XRCC6
ENSGALG00010010793	ENSGALG00010010793
ENSGALG00010010794	ENSGALG00010010794
ENSGALG00010010795	ENSGALG00010010795
ENSGALG00010010796	ENSGALG00010010796
ENSGALG00010010797	ENSGALG00010010797
ENSGALG00010010798	ENSGALG00010010798
DARS2	DARS2
BICRA	BICRA
ENSGALG00010010801	ENSGALG00010010801
ENSGALG00010010802	ENSGALG00010010802
gga-mir-2126	gga-mir-2126
ENSGALG00010010804	ENSGALG00010010804
PTRHD1	PTRHD1
INSYN2B	INSYN2B
U2 - ENSGALG00010010807	U2 - ENSGALG00010010807
ENSGALG00010010808	ENSGALG00010010808
CENPH	CENPH
GALT	GALT
ENSGALG00010010811	ENSGALG00010010811
ENSGALG00010010812	ENSGALG00010010812
EHD2	EHD2
gga-mir-27b	gga-mir-27b
gga-mir-23b	gga-mir-23b
AP2S1	AP2S1
ENSGALG00010010817	ENSGALG00010010817
gga-mir-6651	gga-mir-6651
gga-mir-7439	gga-mir-7439
ENSGALG00010010820	ENSGALG00010010820
RGS8	RGS8
OGDHL	OGDHL
TMEFF2	TMEFF2
PKP4	PKP4
MAK	MAK
NCOA1	NCOA1
ENSGALG00010010827	ENSGALG00010010827
SPDL1	SPDL1
LAMB4	LAMB4
ENSGALG00010010830	ENSGALG00010010830
DESI1	DESI1
ENSGALG00010010832	ENSGALG00010010832
ENSGALG00010010833	ENSGALG00010010833
MRPS36	MRPS36
ENSGALG00010010835	ENSGALG00010010835
DIP2A	DIP2A
RBPJ	RBPJ
JAM2	JAM2
CHAT	CHAT
RGS16	RGS16
PMM1	PMM1
ENSGALG00010010842	ENSGALG00010010842
ZNF395	ZNF395
CDC14B	CDC14B
FKRP	FKRP
ENSGALG00010010846	ENSGALG00010010846
ENSGALG00010010847	ENSGALG00010010847
RGR	RGR
ACBD6	ACBD6
ENSGALG00010010850	ENSGALG00010010850
PNOC	PNOC
ENSGALG00010010852	ENSGALG00010010852
SMIM20	SMIM20
LRIT1	LRIT1
ATP5PF	ATP5PF
CSDC2	CSDC2
SEL1L3	SEL1L3
LHX4	LHX4
ENSGALG00010010859	ENSGALG00010010859
ENSGALG00010010860	ENSGALG00010010860
ENSGALG00010010861	ENSGALG00010010861
STRN4	STRN4
CNGB3	CNGB3
LRIT2	LRIT2
ENSGALG00010010865	ENSGALG00010010865
ENSGALG00010010866	ENSGALG00010010866
QSOX1	QSOX1
SLC39A10	SLC39A10
ENSGALG00010010869	ENSGALG00010010869
NOL6	NOL6
GCNT2	GCNT2
FBXO43	FBXO43
ENSGALG00010010873	ENSGALG00010010873
ENSGALG00010010874	ENSGALG00010010874
ENSGALG00010010875	ENSGALG00010010875
ENSGALG00010010876	ENSGALG00010010876
U1 - ENSGALG00010010877	U1 - ENSGALG00010010877
gga-mir-135b	gga-mir-135b
gga-mir-456	gga-mir-456
ELP3	ELP3
gga-mir-1717	gga-mir-1717
CEP350	CEP350
gga-mir-1784	gga-mir-1784
DNAH7	DNAH7
SNRPD2	SNRPD2
gga-mir-12260	gga-mir-12260
GABPA	GABPA
GNPAT	GNPAT
CCL19	CCL19
NOL12	NOL12
POLR3H	POLR3H
ENSGALG00010010892	ENSGALG00010010892
CCL21	CCL21
SPAG1	SPAG1
ENSGALG00010010895	ENSGALG00010010895
LY86	LY86
CEP170	CEP170
PHF24	PHF24
ENSGALG00010010899	ENSGALG00010010899
SLC34A2	SLC34A2
ENSGALG00010010901	ENSGALG00010010901
ENSGALG00010010902	ENSGALG00010010902
ENSGALG00010010903	ENSGALG00010010903
TOR1AIP1	TOR1AIP1
ENC1	ENC1
ATP6V1C1	ATP6V1C1
ENSGALG00010010907	ENSGALG00010010907
STK17B	STK17B
SLIT3	SLIT3
ENSGALG00010010910	ENSGALG00010010910
ENSGALG00010010911	ENSGALG00010010911
BAALC	BAALC
IFT56	IFT56
ENSGALG00010010914	ENSGALG00010010914
APP	APP
ENSGALG00010010916	ENSGALG00010010916
TANC1	TANC1
TOR1AIP2	TOR1AIP2
CDHR1	CDHR1
UBN2	UBN2
ENSGALG00010010921	ENSGALG00010010921
DYM	DYM
F13A1	F13A1
ENSGALG00010010924	ENSGALG00010010924
FBXO16	FBXO16
DND1	DND1
SPMIP6	SPMIP6
HECW2	HECW2
FMC1	FMC1
FAM163A	FAM163A
CYYR1	CYYR1
GHITM	GHITM
ANAPC4	ANAPC4
ENSGALG00010010934	ENSGALG00010010934
LGALS1A	LGALS1A
TDRD5	TDRD5
CDK7	CDK7
FZD6	FZD6
ZCCHC4	ZCCHC4
NRG3	NRG3
RIPK4	RIPK4
NRN1	NRN1
WDSUB1	WDSUB1
NPHS2	NPHS2
PI4K2B	PI4K2B
SH2D4B	SH2D4B
LUC7L2	LUC7L2
PRDM15	PRDM15
FZD3	FZD3
RAP1GDS1L	RAP1GDS1L
ENSGALG00010010951	ENSGALG00010010951
ENSGALG00010010952	ENSGALG00010010952
EXTL3	EXTL3
MTERF2	MTERF2
GTF3C3	GTF3C3
AXDND1	AXDND1
ZMAT2	ZMAT2
LCORL - ENSGALG00010010958	LCORL - ENSGALG00010010958
TMEM263	TMEM263
POLDIP3	POLDIP3
C7H2ORF66	C7H2ORF66
ANKDD1B	ANKDD1B
TSPAN14	TSPAN14
INTS9	INTS9
BAZ2B	BAZ2B
ENSGALG00010010966	ENSGALG00010010966
PRXL2A	PRXL2A
RRP7A	RRP7A
ENSGALG00010010969	ENSGALG00010010969
TPM2	TPM2
LCORL - ENSGALG00010010971	LCORL - ENSGALG00010010971
EXOSC3	EXOSC3
PGAP1	PGAP1
NCAPG	NCAPG
ATP8B1	ATP8B1
DYDC2	DYDC2
FARS2	FARS2
SERHL	SERHL
ENSGALG00010010979	ENSGALG00010010979
POLK	POLK
RIC8B	RIC8B
ZBTB21	ZBTB21
MED28	MED28
MAT1A	MAT1A
CERT1	CERT1
NARS	NARS
MARCH7	MARCH7
ANKRD44	ANKRD44
TRIQK	TRIQK
MED18	MED18
C2CD2	C2CD2
PCDHA6	PCDHA6
ENSGALG00010010993	ENSGALG00010010993
NAA20	NAA20
HEBP1	HEBP1
RFX4	RFX4
LAP3	LAP3
SOAT1	SOAT1
ENSGALG00010010999	ENSGALG00010010999
CLRN2	CLRN2
ANGPT1	ANGPT1
RPRM	RPRM
FECH	FECH
UMODL1	UMODL1
ENSGALG00010011005	ENSGALG00010011005
TMEM64	TMEM64
ENSGALG00010011007	ENSGALG00010011007
ONECUT2	ONECUT2
SFTPA1	SFTPA1
ENSGALG00010011010	ENSGALG00010011010
ENSGALG00010011011	ENSGALG00010011011
ENSGALG00010011012	ENSGALG00010011012
ENSGALG00010011013	ENSGALG00010011013
ENSGALG00010011014	ENSGALG00010011014
LYRM4	LYRM4
ENSGALG00010011016	ENSGALG00010011016
ENSGALG00010011017	ENSGALG00010011017
QDPR	QDPR
NECAB1	NECAB1
SFTPA2	SFTPA2
PPP1R3G	PPP1R3G
C2H5ORF22	C2H5ORF22
ENSGALG00010011023	ENSGALG00010011023
ENSGALG00010011024	ENSGALG00010011024
POLR3B	POLR3B
ENSGALG00010011026	ENSGALG00010011026
FAM234B	FAM234B
HMBOX1	HMBOX1
HMGCR	HMGCR
ENSGALG00010011030	ENSGALG00010011030
ENSGALG00010011031	ENSGALG00010011031
ENSGALG00010011032	ENSGALG00010011032
DROSHA	DROSHA
FAM180A	FAM180A
ENSGALG00010011035	ENSGALG00010011035
ENSGALG00010011036	ENSGALG00010011036
C8orf88	C8orf88
GSG1	GSG1
ENSGALG00010011039	ENSGALG00010011039
CDH6	CDH6
ENSGALG00010011041	ENSGALG00010011041
SLC13A4	SLC13A4
ENSGALG00010011043	ENSGALG00010011043
MBL2	MBL2
ENSGALG00010011045	ENSGALG00010011045
ENSGALG00010011046	ENSGALG00010011046
ENSGALG00010011047	ENSGALG00010011047
ENSGALG00010011048	ENSGALG00010011048
ABL2	ABL2
SYT10	SYT10
ENSGALG00010011051	ENSGALG00010011051
ENSGALG00010011052	ENSGALG00010011052
ENSGALG00010011053	ENSGALG00010011053
ENSGALG00010011054	ENSGALG00010011054
TOR3A	TOR3A
ENSGALG00010011056	ENSGALG00010011056
ASCL1	ASCL1
ENSGALG00010011058	ENSGALG00010011058
ENSGALG00010011059	ENSGALG00010011059
ENSGALG00010011060	ENSGALG00010011060
KIF13B	KIF13B
TMEM55A	TMEM55A
ENSGALG00010011063	ENSGALG00010011063
MYLIP	MYLIP
ENSGALG00010011065	ENSGALG00010011065
ENSGALG00010011066	ENSGALG00010011066
TMTC2	TMTC2
ENSGALG00010011068	ENSGALG00010011068
ENSGALG00010011069	ENSGALG00010011069
ENSGALG00010011070	ENSGALG00010011070
ENSGALG00010011071	ENSGALG00010011071
ENSGALG00010011072	ENSGALG00010011072
ENSGALG00010011073	ENSGALG00010011073
ENSGALG00010011074	ENSGALG00010011074
ENSGALG00010011075	ENSGALG00010011075
PKP2	PKP2
RASGEF1A	RASGEF1A
ENSGALG00010011078	ENSGALG00010011078
ENSGALG00010011079	ENSGALG00010011079
EMP1	EMP1
ENSGALG00010011081	ENSGALG00010011081
ENSGALG00010011082	ENSGALG00010011082
ENSGALG00010011083	ENSGALG00010011083
ENSGALG00010011084	ENSGALG00010011084
ENSGALG00010011085	ENSGALG00010011085
OTUD6A	OTUD6A
ENSGALG00010011087	ENSGALG00010011087
ENSGALG00010011088	ENSGALG00010011088
ENSGALG00010011089	ENSGALG00010011089
GRIN2B	GRIN2B
YARS2	YARS2
ENSGALG00010011092	ENSGALG00010011092
ENSGALG00010011093	ENSGALG00010011093
CSGALNACT2	CSGALNACT2
TNN	TNN
LDB2	LDB2
ENSGALG00010011097	ENSGALG00010011097
ENSGALG00010011098	ENSGALG00010011098
CCBE1	CCBE1
ENSGALG00010011100	ENSGALG00010011100
ENSGALG00010011101	ENSGALG00010011101
ENSGALG00010011102	ENSGALG00010011102
ENSGALG00010011103	ENSGALG00010011103
ABCG1	ABCG1
ENSGALG00010011105	ENSGALG00010011105
USP40	USP40
ENSGALG00010011107	ENSGALG00010011107
ENSGALG00010011108	ENSGALG00010011108
ENSGALG00010011109	ENSGALG00010011109
ENSGALG00010011110	ENSGALG00010011110
MRPS14	MRPS14
ENSGALG00010011112	ENSGALG00010011112
ENSGALG00010011113	ENSGALG00010011113
ENSGALG00010011114	ENSGALG00010011114
TFF3	TFF3
TAPT1	TAPT1
SLC6A15	SLC6A15
GMPR2	GMPR2
ENSGALG00010011119	ENSGALG00010011119
ENSGALG00010011120	ENSGALG00010011120
NUP35	NUP35
ENSGALG00010011122	ENSGALG00010011122
ENSGALG00010011123	ENSGALG00010011123
CACYBP	CACYBP
TMPRSS3	TMPRSS3
ATXN1	ATXN1
ENSGALG00010011127	ENSGALG00010011127
GCNT4	GCNT4
MSRA	MSRA
DNM1L	DNM1L
RET	RET
ENSGALG00010011132	ENSGALG00010011132
CDC37L1	CDC37L1
ENSGALG00010011134	ENSGALG00010011134
ENSGALG00010011135	ENSGALG00010011135
ENSGALG00010011136	ENSGALG00010011136
ENSGALG00010011137	ENSGALG00010011137
ENSGALG00010011138	ENSGALG00010011138
UBASH3A	UBASH3A
ENSGALG00010011140	ENSGALG00010011140
MSX1	MSX1
DUSP19	DUSP19
AK3	AK3
ATF7IP	ATF7IP
ENSGALG00010011145	ENSGALG00010011145
BMS1	BMS1
BKJ - ENSGALG00010011147	BKJ - ENSGALG00010011147
ENSGALG00010011148	ENSGALG00010011148
ENSGALG00010011149	ENSGALG00010011149
FGD4	FGD4
ENSGALG00010011151	ENSGALG00010011151
SLC18A3	SLC18A3
ENSGALG00010011153	ENSGALG00010011153
SLC26A7	SLC26A7
ENSGALG00010011155	ENSGALG00010011155
ENSGALG00010011156	ENSGALG00010011156
ENSGALG00010011157	ENSGALG00010011157
ENSGALG00010011158	ENSGALG00010011158
ENSGALG00010011159	ENSGALG00010011159
ENSGALG00010011160	ENSGALG00010011160
ENSGALG00010011161	ENSGALG00010011161
ENSGALG00010011162	ENSGALG00010011162
ENSGALG00010011163	ENSGALG00010011163
ENSGALG00010011164	ENSGALG00010011164
ENSGALG00010011165	ENSGALG00010011165
SOX7	SOX7
ENSGALG00010011167	ENSGALG00010011167
TSPAN19	TSPAN19
ENSGALG00010011169	ENSGALG00010011169
RBM24	RBM24
ENSGALG00010011171	ENSGALG00010011171
ENSGALG00010011172	ENSGALG00010011172
ENSGALG00010011173	ENSGALG00010011173
ENSGALG00010011174	ENSGALG00010011174
GPR52	GPR52
ENSGALG00010011176	ENSGALG00010011176
ENSGALG00010011177	ENSGALG00010011177
RSPO2	RSPO2
ENSGALG00010011179	ENSGALG00010011179
ENSGALG00010011180	ENSGALG00010011180
ENSGALG00010011181	ENSGALG00010011181
ENSGALG00010011182	ENSGALG00010011182
ENSGALG00010011183	ENSGALG00010011183
FAM8A1	FAM8A1
RSPH1	RSPH1
ENSGALG00010011186	ENSGALG00010011186
STK32B	STK32B
ENSGALG00010011188	ENSGALG00010011188
ENSGALG00010011189	ENSGALG00010011189
ENSGALG00010011190	ENSGALG00010011190
ENSGALG00010011191	ENSGALG00010011191
RPL17	RPL17
FAM20B	FAM20B
ENSGALG00010011194	ENSGALG00010011194
ENSGALG00010011195	ENSGALG00010011195
ENSGALG00010011196	ENSGALG00010011196
ENSGALG00010011197	ENSGALG00010011197
PINX1	PINX1
ENSGALG00010011199	ENSGALG00010011199
PCDHB4	PCDHB4
ENSGALG00010011201	ENSGALG00010011201
ENSGALG00010011202	ENSGALG00010011202
ENSGALG00010011203	ENSGALG00010011203
ENSGALG00010011204	ENSGALG00010011204
CYTL1	CYTL1
ENSGALG00010011206	ENSGALG00010011206
ENSGALG00010011207	ENSGALG00010011207
ENSGALG00010011208	ENSGALG00010011208
ENSGALG00010011209	ENSGALG00010011209
NUP153	NUP153
SLC37A1	SLC37A1
NCKAP1	NCKAP1
XKR6	XKR6
ENSGALG00010011214	ENSGALG00010011214
ENSGALG00010011215	ENSGALG00010011215
ENSGALG00010011216	ENSGALG00010011216
ENSGALG00010011217	ENSGALG00010011217
ENSGALG00010011218	ENSGALG00010011218
ENSGALG00010011219	ENSGALG00010011219
ENSGALG00010011220	ENSGALG00010011220
ENSGALG00010011221	ENSGALG00010011221
RCL1	RCL1
ENSGALG00010011223	ENSGALG00010011223
ENSGALG00010011224	ENSGALG00010011224
ENSGALG00010011225	ENSGALG00010011225
ENSGALG00010011226	ENSGALG00010011226
ENSGALG00010011227	ENSGALG00010011227
ENSGALG00010011228	ENSGALG00010011228
ENSGALG00010011229	ENSGALG00010011229
OvoDA1	OvoDA1
PLBD1	PLBD1
ENSGALG00010011232	ENSGALG00010011232
ENSGALG00010011233	ENSGALG00010011233
ENSGALG00010011234	ENSGALG00010011234
ENSGALG00010011235	ENSGALG00010011235
ENSGALG00010011236	ENSGALG00010011236
ENSGALG00010011237	ENSGALG00010011237
ENSGALG00010011238	ENSGALG00010011238
RALGPS2	RALGPS2
ENSGALG00010011240	ENSGALG00010011240
OVODB1	OVODB1
ENSGALG00010011242	ENSGALG00010011242
ALX1	ALX1
PDE9A	PDE9A
ENSGALG00010011245	ENSGALG00010011245
DNAJB5	DNAJB5
ENSGALG00010011247	ENSGALG00010011247
OvoDA1-2	OvoDA1-2
ENSGALG00010011249	ENSGALG00010011249
ENSGALG00010011250	ENSGALG00010011250
FRZB	FRZB
ENSGALG00010011252	ENSGALG00010011252
KDM4C	KDM4C
ENSGALG00010011254	ENSGALG00010011254
ENSGALG00010011255	ENSGALG00010011255
ENSGALG00010011256	ENSGALG00010011256
OvoDA3	OvoDA3
ENSGALG00010011258	ENSGALG00010011258
ENSGALG00010011259	ENSGALG00010011259
ENSGALG00010011260	ENSGALG00010011260
ENSGALG00010011261	ENSGALG00010011261
ENSGALG00010011262	ENSGALG00010011262
ENSGALG00010011263	ENSGALG00010011263
ENSGALG00010011264	ENSGALG00010011264
ENSGALG00010011265	ENSGALG00010011265
ENSGALG00010011266	ENSGALG00010011266
EVC2	EVC2
SKOR2	SKOR2
ENSGALG00010011269	ENSGALG00010011269
ENSGALG00010011270	ENSGALG00010011270
ANGPTL1	ANGPTL1
ENSGALG00010011272	ENSGALG00010011272
RUNX1T1	RUNX1T1
ENSGALG00010011274	ENSGALG00010011274
WDR4	WDR4
ENSGALG00010011276	ENSGALG00010011276
ENSGALG00010011277	ENSGALG00010011277
ENSGALG00010011278	ENSGALG00010011278
ENSGALG00010011279	ENSGALG00010011279
FAM199X	FAM199X
ENSGALG00010011281	ENSGALG00010011281
CRY1	CRY1
LONRF3	LONRF3
ENSGALG00010011284	ENSGALG00010011284
ENSGALG00010011285	ENSGALG00010011285
ENSGALG00010011286	ENSGALG00010011286
CBWD1	CBWD1
ENSGALG00010011288	ENSGALG00010011288
ENSGALG00010011289	ENSGALG00010011289
ENSGALG00010011290	ENSGALG00010011290
ENSGALG00010011291	ENSGALG00010011291
ENSGALG00010011292	ENSGALG00010011292
NDUFV3	NDUFV3
ENSGALG00010011294	ENSGALG00010011294
FAM167A	FAM167A
ENSGALG00010011296	ENSGALG00010011296
OSR2	OSR2
ENSGALG00010011298	ENSGALG00010011298
ENSGALG00010011299	ENSGALG00010011299
EVC	EVC
ENSGALG00010011301	ENSGALG00010011301
ENSGALG00010011302	ENSGALG00010011302
ENSGALG00010011303	ENSGALG00010011303
COMMD5	COMMD5
ENSGALG00010011305	ENSGALG00010011305
ECI2	ECI2
ENSGALG00010011307	ENSGALG00010011307
SPIC	SPIC
ENSGALG00010011309	ENSGALG00010011309
ENSGALG00010011310	ENSGALG00010011310
DOCK8	DOCK8
VPS13B	VPS13B
RASSF9	RASSF9
ENSGALG00010011314	ENSGALG00010011314
ENSGALG00010011315	ENSGALG00010011315
PARPBP	PARPBP
BLK	BLK
PRPF4B	PRPF4B
ENSGALG00010011319	ENSGALG00010011319
ENSGALG00010011320	ENSGALG00010011320
MAP2	MAP2
GATA4	GATA4
GUCY2C	GUCY2C
ENSGALG00010011324	ENSGALG00010011324
NEIL2	NEIL2
COX6C	COX6C
ENSGALG00010011327	ENSGALG00010011327
ENSGALG00010011328	ENSGALG00010011328
PCDHGC3	PCDHGC3
ENSGALG00010011330	ENSGALG00010011330
PMCH	PMCH
ENSGALG00010011332	ENSGALG00010011332
KCTD12	KCTD12
ENSGALG00010011334	ENSGALG00010011334
VCP	VCP
ENSGALG00010011336	ENSGALG00010011336
ENSGALG00010011337	ENSGALG00010011337
U1 - ENSGALG00010011338	U1 - ENSGALG00010011338
ENSGALG00010011339	ENSGALG00010011339
PKNOX1	PKNOX1
gga-mir-6546	gga-mir-6546
RASAL2	RASAL2
PXDC1	PXDC1
gga-mir-1c	gga-mir-1c
CRMP1	CRMP1
ENSGALG00010011346	ENSGALG00010011346
RGS22	RGS22
SLC22A23	SLC22A23
ENSGALG00010011349	ENSGALG00010011349
ENSGALG00010011350	ENSGALG00010011350
KANK1	KANK1
NTS	NTS
ENSGALG00010011353	ENSGALG00010011353
ENSGALG00010011354	ENSGALG00010011354
ENSGALG00010011355	ENSGALG00010011355
ENSGALG00010011356	ENSGALG00010011356
UNC80	UNC80
POU4F1L	POU4F1L
RNF19A	RNF19A
ENSGALG00010011360	ENSGALG00010011360
NUP37	NUP37
ENSGALG00010011362	ENSGALG00010011362
FDFT1	FDFT1
OTP	OTP
PSMG4	PSMG4
ENSGALG00010011366	ENSGALG00010011366
IER3IP1	IER3IP1
ENSGALG00010011368	ENSGALG00010011368
ENSGALG00010011369	ENSGALG00010011369
MGAT4C - ENSGALG00010011370	MGAT4C - ENSGALG00010011370
ENSGALG00010011371	ENSGALG00010011371
VMA21	VMA21
ENSGALG00010011373	ENSGALG00010011373
ENSGALG00010011374	ENSGALG00010011374
C12orf50	C12orf50
ENSGALG00010011376	ENSGALG00010011376
SEC16B	SEC16B
TUBB2B	TUBB2B
CELF4	CELF4
ENSGALG00010011380	ENSGALG00010011380
C1H12orf29	C1H12orf29
ENSGALG00010011382	ENSGALG00010011382
ENSGALG00010011383	ENSGALG00010011383
PUM3	PUM3
ENSGALG00010011385	ENSGALG00010011385
CTSB	CTSB
ENSGALG00010011387	ENSGALG00010011387
GPR50	GPR50
RC3H1	RC3H1
ENSGALG00010011390	ENSGALG00010011390
ENSGALG00010011391	ENSGALG00010011391
AvBD13	AvBD13
5S_rRNA - ENSGALG00010011393	5S_rRNA - ENSGALG00010011393
SERPINC1	SERPINC1
ENSGALG00010011395	ENSGALG00010011395
SNORA74	SNORA74
gga-mir-7478 - ENSGALG00010011397	gga-mir-7478 - ENSGALG00010011397
ENSGALG00010011398	ENSGALG00010011398
JAKMIP1	JAKMIP1
BPHL	BPHL
ANKRD46	ANKRD46
gga-mir-7478 - ENSGALG00010011402	gga-mir-7478 - ENSGALG00010011402
SV2C	SV2C
gga-mir-7478 - ENSGALG00010011404	gga-mir-7478 - ENSGALG00010011404
gga-mir-7478 - ENSGALG00010011405	gga-mir-7478 - ENSGALG00010011405
UBE2R2	UBE2R2
CEP290	CEP290
gga-mir-7478 - ENSGALG00010011408	gga-mir-7478 - ENSGALG00010011408
gga-mir-7478 - ENSGALG00010011409	gga-mir-7478 - ENSGALG00010011409
gga-mir-12280	gga-mir-12280
ENSGALG00010011411	ENSGALG00010011411
KANSL1L	KANSL1L
ZBTB37	ZBTB37
PABPC1	PABPC1
ENSGALG00010011415	ENSGALG00010011415
ENSGALG00010011416	ENSGALG00010011416
WFS1	WFS1
RIPK1	RIPK1
RNF180	RNF180
HMGB3	HMGB3
ENSGALG00010011421	ENSGALG00010011421
KATNAL2	KATNAL2
GDF6	GDF6
ACADL	ACADL
WASHC3	WASHC3
NQO2	NQO2
TMTC3	TMTC3
UQCRB	UQCRB
UBAP2	UBAP2
ENSGALG00010011430	ENSGALG00010011430
DRAM1	DRAM1
ENSGALG00010011432	ENSGALG00010011432
RNASE6	RNASE6
NPL	NPL
AvBD11	AvBD11
UBAP2L2	UBAP2L2
DMRT1	DMRT1
ENSGALG00010011438	ENSGALG00010011438
ENSGALG00010011439	ENSGALG00010011439
FUNDC1	FUNDC1
CD99L2	CD99L2
ENSGALG00010011442	ENSGALG00010011442
ENSGALG00010011443	ENSGALG00010011443
TMEM252	TMEM252
MTERF3	MTERF3
ENSGALG00010011446	ENSGALG00010011446
LAMC1	LAMC1
AvBD10	AvBD10
DUSP22	DUSP22
PTDSS1	PTDSS1
CRHBP	CRHBP
KITLG	KITLG
GNPTAB	GNPTAB
S100Z	S100Z
AvBD8	AvBD8
KIAA1328	KIAA1328
ENSGALG00010011457	ENSGALG00010011457
TPGS2	TPGS2
ENSGALG00010011459	ENSGALG00010011459
LAMC2	LAMC2
IRF4	IRF4
ENSGALG00010011462	ENSGALG00010011462
IMP3	IMP3
FANCG	FANCG
PPP2R2C	PPP2R2C
MTMR1	MTMR1
ENSGALG00010011467	ENSGALG00010011467
EFHC2	EFHC2
CPS1	CPS1
TAS2R7	TAS2R7
NMNAT2	NMNAT2
UCN	UCN
ENSGALG00010011473	ENSGALG00010011473
ENSGALG00010011474	ENSGALG00010011474
NDP	NDP
ENSGALG00010011476	ENSGALG00010011476
SDC2	SDC2
HDAC3	HDAC3
ENSGALG00010011479	ENSGALG00010011479
BLTP3B	BLTP3B
ENSGALG00010011481	ENSGALG00010011481
DMRT2	DMRT2
ENSGALG00010011483	ENSGALG00010011483
CHPT1	CHPT1
MTM1	MTM1
ENSGALG00010011486	ENSGALG00010011486
MAN2B2	MAN2B2
ENSGALG00010011488	ENSGALG00010011488
ENSGALG00010011489	ENSGALG00010011489
ENSGALG00010011490	ENSGALG00010011490
RELL2	RELL2
ENSGALG00010011492	ENSGALG00010011492
ENSGALG00010011493	ENSGALG00010011493
ENSGALG00010011494	ENSGALG00010011494
ENSGALG00010011495	ENSGALG00010011495
ACTR6	ACTR6
CPQ	CPQ
ENSGALG00010011498	ENSGALG00010011498
SMG7	SMG7
ENSGALG00010011500	ENSGALG00010011500
ENSGALG00010011501	ENSGALG00010011501
ENSGALG00010011502	ENSGALG00010011502
NCF2	NCF2
ENSGALG00010011504	ENSGALG00010011504
MYL1	MYL1
ENSGALG00010011506	ENSGALG00010011506
ENSGALG00010011507	ENSGALG00010011507
ENSGALG00010011508	ENSGALG00010011508
EXOC2	EXOC2
ENSGALG00010011510	ENSGALG00010011510
ENSGALG00010011511	ENSGALG00010011511
ENSGALG00010011512	ENSGALG00010011512
ENSGALG00010011513	ENSGALG00010011513
ENSGALG00010011514	ENSGALG00010011514
SERINC5	SERINC5
ENSGALG00010011516	ENSGALG00010011516
ENSGALG00010011517	ENSGALG00010011517
ENSGALG00010011518	ENSGALG00010011518
ENSGALG00010011519	ENSGALG00010011519
ENSGALG00010011520	ENSGALG00010011520
ENSGALG00010011521	ENSGALG00010011521
ENSGALG00010011522	ENSGALG00010011522
PIGO	PIGO
ENSGALG00010011524	ENSGALG00010011524
ENSGALG00010011525	ENSGALG00010011525
ENSGALG00010011526	ENSGALG00010011526
ENSGALG00010011527	ENSGALG00010011527
ENSGALG00010011528	ENSGALG00010011528
SCYL2	SCYL2
ARPC5	ARPC5
MTDH	MTDH
ENSGALG00010011532	ENSGALG00010011532
MAOB	MAOB
ENSGALG00010011534	ENSGALG00010011534
ENSGALG00010011535	ENSGALG00010011535
FCHSD1	FCHSD1
ENSGALG00010011537	ENSGALG00010011537
ENSGALG00010011538	ENSGALG00010011538
LANCL1	LANCL1
APOBEC4	APOBEC4
ENSGALG00010011541	ENSGALG00010011541
ENSGALG00010011542	ENSGALG00010011542
ENSGALG00010011543	ENSGALG00010011543
STOML2	STOML2
USP12-like	USP12-like
MAOA	MAOA
ENSGALG00010011547	ENSGALG00010011547
ENSGALG00010011548	ENSGALG00010011548
KIAA0232	KIAA0232
ENSGALG00010011550	ENSGALG00010011550
GMDS	GMDS
ENSGALG00010011552	ENSGALG00010011552
SLC17A8	SLC17A8
ENSGALG00010011554	ENSGALG00010011554
ENSGALG00010011555	ENSGALG00010011555
LAPTM4B	LAPTM4B
ENSGALG00010011557	ENSGALG00010011557
MYBPC1	MYBPC1
MTX3	MTX3
ENSGALG00010011560	ENSGALG00010011560
ENSGALG00010011561	ENSGALG00010011561
ENSGALG00010011562	ENSGALG00010011562
ENSGALG00010011563	ENSGALG00010011563
ARAP3	ARAP3
ENSGALG00010011565	ENSGALG00010011565
NR1H4	NR1H4
ENSGALG00010011567	ENSGALG00010011567
ENSGALG00010011568	ENSGALG00010011568
ENSGALG00010011569	ENSGALG00010011569
RGL1	RGL1
ATOSB	ATOSB
PTCD2	PTCD2
CMAS	CMAS
GAS2L3	GAS2L3
ENSGALG00010011575	ENSGALG00010011575
ENSGALG00010011576	ENSGALG00010011576
ENSGALG00010011577	ENSGALG00010011577
MYLK4	MYLK4
ENSGALG00010011579	ENSGALG00010011579
ENSGALG00010011580	ENSGALG00010011580
ENSGALG00010011581	ENSGALG00010011581
ENSGALG00010011582	ENSGALG00010011582
ENSGALG00010011583	ENSGALG00010011583
ENSGALG00010011584	ENSGALG00010011584
ENSGALG00010011585	ENSGALG00010011585
MAP3K7CL	MAP3K7CL
ENSGALG00010011587	ENSGALG00010011587
COLGALT2	COLGALT2
RERG	RERG
ENSGALG00010011590	ENSGALG00010011590
ENSGALG00010011591	ENSGALG00010011591
ENSGALG00010011592	ENSGALG00010011592
WRNIP1	WRNIP1
ENSGALG00010011594	ENSGALG00010011594
ENSGALG00010011595	ENSGALG00010011595
ENSGALG00010011596	ENSGALG00010011596
TBC1D14	TBC1D14
ENSGALG00010011598	ENSGALG00010011598
ENSGALG00010011599	ENSGALG00010011599
ENSGALG00010011600	ENSGALG00010011600
ANO4	ANO4
ENSGALG00010011602	ENSGALG00010011602
ENSGALG00010011603	ENSGALG00010011603
ENSGALG00010011604	ENSGALG00010011604
APPL2	APPL2
ENSGALG00010011606	ENSGALG00010011606
TSEN15	TSEN15
ENSGALG00010011608	ENSGALG00010011608
AVDL	AVDL
ENSGALG00010011610	ENSGALG00010011610
ENSGALG00010011611	ENSGALG00010011611
ENSGALG00010011612	ENSGALG00010011612
ENSGALG00010011613	ENSGALG00010011613
ENSGALG00010011614	ENSGALG00010011614
ENSGALG00010011615	ENSGALG00010011615
SLC5A8	SLC5A8
MAMLD1	MAMLD1
ENSGALG00010011618	ENSGALG00010011618
PCDH1	PCDH1
ENSGALG00010011620	ENSGALG00010011620
WASHC4	WASHC4
BACH1	BACH1
ENSGALG00010011623	ENSGALG00010011623
ENSGALG00010011624	ENSGALG00010011624
ERBB4	ERBB4
SERPINB1	SERPINB1
ENSGALG00010011627	ENSGALG00010011627
MATN2	MATN2
ENSGALG00010011629	ENSGALG00010011629
DELE1	DELE1
ENSGALG00010011631	ENSGALG00010011631
ENSGALG00010011632	ENSGALG00010011632
TADA2B	TADA2B
AVD	AVD
PCDH12	PCDH12
GRIK1	GRIK1
CECR2	CECR2
GRPEL1	GRPEL1
ENSGALG00010011639	ENSGALG00010011639
ENSGALG00010011640	ENSGALG00010011640
ENSGALG00010011641	ENSGALG00010011641
ENSGALG00010011642	ENSGALG00010011642
C8H1ORF21	C8H1ORF21
ENSGALG00010011644	ENSGALG00010011644
ENSGALG00010011645	ENSGALG00010011645
ENSGALG00010011646	ENSGALG00010011646
FBXO38	FBXO38
ENSGALG00010011648	ENSGALG00010011648
MRPS27	MRPS27
RPL30	RPL30
SERPINB6	SERPINB6
ENSGALG00010011652	ENSGALG00010011652
NR2C1	NR2C1
CLDN8	CLDN8
SORCS2	SORCS2
ENSGALG00010011656	ENSGALG00010011656
ALDH1L2	ALDH1L2
TENM1	TENM1
CD14	CD14
ENSGALG00010011660	ENSGALG00010011660
ENSGALG00010011661	ENSGALG00010011661
RIDA	RIDA
UTP20	UTP20
SERPINB10B	SERPINB10B
ENSGALG00010011665	ENSGALG00010011665
ENSGALG00010011666	ENSGALG00010011666
ENSGALG00010011667	ENSGALG00010011667
SLCO1A2	SLCO1A2
ENSGALG00010011669	ENSGALG00010011669
TMCO6	TMCO6
SLC41A2	SLC41A2
ENSGALG00010011672	ENSGALG00010011672
POP1	POP1
ENSGALG00010011674	ENSGALG00010011674
ENSGALG00010011675	ENSGALG00010011675
ENSGALG00010011676	ENSGALG00010011676
EDEM3	EDEM3
ENSGALG00010011678	ENSGALG00010011678
OVAL	OVAL
IAPP	IAPP
MAP1B	MAP1B
USP15	USP15
NIPAL2	NIPAL2
ENSGALG00010011684	ENSGALG00010011684
NDUFA2	NDUFA2
OVALY	OVALY
ENSGALG00010011687	ENSGALG00010011687
PDE3A	PDE3A
ENSGALG00010011689	ENSGALG00010011689
ENSGALG00010011690	ENSGALG00010011690
ENSGALG00010011691	ENSGALG00010011691
ARL1	ARL1
ENSGALG00010011693	ENSGALG00010011693
ENSGALG00010011694	ENSGALG00010011694
ENSGALG00010011695	ENSGALG00010011695
ZFC3H1	ZFC3H1
ENSGALG00010011697	ENSGALG00010011697
ENSGALG00010011698	ENSGALG00010011698
TIAM1	TIAM1
ENSGALG00010011700	ENSGALG00010011700
ENSGALG00010011701	ENSGALG00010011701
NUP205	NUP205
YWHAZ	YWHAZ
ENSGALG00010011704	ENSGALG00010011704
ENSGALG00010011705	ENSGALG00010011705
ENSGALG00010011706	ENSGALG00010011706
ENSGALG00010011707	ENSGALG00010011707
IK	IK
ENSGALG00010011709	ENSGALG00010011709
ENSGALG00010011710	ENSGALG00010011710
ENSGALG00010011711	ENSGALG00010011711
DCAF12L2	DCAF12L2
AVPR1A	AVPR1A
OVALX	OVALX
SLCO1B3	SLCO1B3
ENSGALG00010011716	ENSGALG00010011716
ENSGALG00010011717	ENSGALG00010011717
ENSGALG00010011718	ENSGALG00010011718
ENSGALG00010011719	ENSGALG00010011719
IKZF2	IKZF2
ENSGALG00010011721	ENSGALG00010011721
ENSGALG00010011722	ENSGALG00010011722
SPRY3	SPRY3
ARHGEF28	ARHGEF28
ENSGALG00010011725	ENSGALG00010011725
WDR55	WDR55
ENSGALG00010011727	ENSGALG00010011727
ENSGALG00010011728	ENSGALG00010011728
FAM129A	FAM129A
ENSGALG00010011730	ENSGALG00010011730
ENSGALG00010011731	ENSGALG00010011731
ENSGALG00010011732	ENSGALG00010011732
ENSGALG00010011733	ENSGALG00010011733
GATD3AL2	GATD3AL2
ENSGALG00010011735	ENSGALG00010011735
ENSGALG00010011736	ENSGALG00010011736
ENSGALG00010011737	ENSGALG00010011737
FGD6	FGD6
ENSGALG00010011739	ENSGALG00010011739
ENSGALG00010011740	ENSGALG00010011740
ENSGALG00010011741	ENSGALG00010011741
ENSGALG00010011742	ENSGALG00010011742
ENSGALG00010011743	ENSGALG00010011743
ENSGALG00010011744	ENSGALG00010011744
AFAP1L1	AFAP1L1
SOD1	SOD1
UTP15	UTP15
ENSGALG00010011748	ENSGALG00010011748
AVR7	AVR7
ENSGALG00010011750	ENSGALG00010011750
ZNF706	ZNF706
RNF2	RNF2
ENSGALG00010011753	ENSGALG00010011753
IL17B	IL17B
ENSGALG00010011755	ENSGALG00010011755
ENSGALG00010011756	ENSGALG00010011756
ENSGALG00010011757	ENSGALG00010011757
SERPINB11	SERPINB11
CREB3	CREB3
ENSGALG00010011760	ENSGALG00010011760
ENSGALG00010011761	ENSGALG00010011761
ENSGALG00010011762	ENSGALG00010011762
ENSGALG00010011763	ENSGALG00010011763
PCYOX1L	PCYOX1L
ENSGALG00010011765	ENSGALG00010011765
ENSGALG00010011766	ENSGALG00010011766
ENSGALG00010011767	ENSGALG00010011767
ENSGALG00010011768	ENSGALG00010011768
ENSGALG00010011769	ENSGALG00010011769
CHST11	CHST11
ENSGALG00010011771	ENSGALG00010011771
GRHL2	GRHL2
ENSGALG00010011773	ENSGALG00010011773
ANKRA2	ANKRA2
VEZT	VEZT
IL17RA	IL17RA
ENSGALG00010011777	ENSGALG00010011777
ENSGALG00010011778	ENSGALG00010011778
ENSGALG00010011779	ENSGALG00010011779
SERPINB5	SERPINB5
ENSGALG00010011781	ENSGALG00010011781
ENSGALG00010011782	ENSGALG00010011782
ENSGALG00010011783	ENSGALG00010011783
GRPEL2	GRPEL2
ENSGALG00010011785	ENSGALG00010011785
ENSGALG00010011786	ENSGALG00010011786
ENSGALG00010011787	ENSGALG00010011787
ENSGALG00010011788	ENSGALG00010011788
TXNRD1	TXNRD1
AMY2A	AMY2A
ENSGALG00010011791	ENSGALG00010011791
HDHD5	HDHD5
TLN1	TLN1
ENSGALG00010011794	ENSGALG00010011794
ENSGALG00010011795	ENSGALG00010011795
METAP2	METAP2
SCAF4	SCAF4
ENSGALG00010011798	ENSGALG00010011798
ENSGALG00010011799	ENSGALG00010011799
ENSGALG00010011800	ENSGALG00010011800
ENSGALG00010011801	ENSGALG00010011801
VPS4B	VPS4B
ENSGALG00010011803	ENSGALG00010011803
ENSGALG00010011804	ENSGALG00010011804
ENSGALG00010011805	ENSGALG00010011805
ENSGALG00010011806	ENSGALG00010011806
ENSGALG00010011807	ENSGALG00010011807
SMARCA2	SMARCA2
ENSGALG00010011809	ENSGALG00010011809
FGFR4	FGFR4
ENSGALG00010011811	ENSGALG00010011811
ENSGALG00010011812	ENSGALG00010011812
ENSGALG00010011813	ENSGALG00010011813
ENSGALG00010011814	ENSGALG00010011814
ENSGALG00010011815	ENSGALG00010011815
SLCO1B1	SLCO1B1
KDSR	KDSR
ENSGALG00010011818	ENSGALG00010011818
USP44	USP44
ENSGALG00010011820	ENSGALG00010011820
ENSGALG00010011821	ENSGALG00010011821
ENSGALG00010011822	ENSGALG00010011822
ENSGALG00010011823	ENSGALG00010011823
ENSGALG00010011824	ENSGALG00010011824
TAFA2	TAFA2
U1 - ENSGALG00010011826	U1 - ENSGALG00010011826
ENSGALG00010011827	ENSGALG00010011827
U1 - ENSGALG00010011828	U1 - ENSGALG00010011828
ENSGALG00010011829	ENSGALG00010011829
ENSGALG00010011830	ENSGALG00010011830
U1 - ENSGALG00010011831	U1 - ENSGALG00010011831
ENSGALG00010011832	ENSGALG00010011832
ENSGALG00010011833	ENSGALG00010011833
U1 - ENSGALG00010011834	U1 - ENSGALG00010011834
U1 - ENSGALG00010011835	U1 - ENSGALG00010011835
ENSGALG00010011836	ENSGALG00010011836
VLDLR	VLDLR
U1 - ENSGALG00010011838	U1 - ENSGALG00010011838
CBS	CBS
ENSGALG00010011840	ENSGALG00010011840
KCNMB4	KCNMB4
U1 - ENSGALG00010011842	U1 - ENSGALG00010011842
BCL2	BCL2
ENSGALG00010011844	ENSGALG00010011844
U1 - ENSGALG00010011845	U1 - ENSGALG00010011845
UBAP1	UBAP1
U1 - ENSGALG00010011847	U1 - ENSGALG00010011847
U1 - ENSGALG00010011848	U1 - ENSGALG00010011848
ENSGALG00010011849	ENSGALG00010011849
SPAG16	SPAG16
gga-mir-6690	gga-mir-6690
gga-mir-206	gga-mir-206
NRG2	NRG2
ENSGALG00010011854	ENSGALG00010011854
gga-mir-6578	gga-mir-6578
NFYB	NFYB
ENSGALG00010011857	ENSGALG00010011857
MIR124-1	MIR124-1
NTN4	NTN4
CECR1	CECR1
ENSGALG00010011861	ENSGALG00010011861
MIR133B	MIR133B
ENSGALG00010011863	ENSGALG00010011863
ENSGALG00010011864	ENSGALG00010011864
ENSGALG00010011865	ENSGALG00010011865
KLF8	KLF8
ENSGALG00010011867	ENSGALG00010011867
SNRPF	SNRPF
ENSGALG00010011869	ENSGALG00010011869
AvBD6	AvBD6
CCT2	CCT2
ENSGALG00010011872	ENSGALG00010011872
RFX3	RFX3
KCNS2	KCNS2
PSD2	PSD2
AMDHD1	AMDHD1
ENSGALG00010011877	ENSGALG00010011877
ENSGALG00010011878	ENSGALG00010011878
CYP2AC2	CYP2AC2
U2AF1	U2AF1
RIOK2	RIOK2
ENSGALG00010011882	ENSGALG00010011882
HCFC2	HCFC2
ENSGALG00010011884	ENSGALG00010011884
NCALD	NCALD
NTNG1	NTNG1
PGM5	PGM5
CAND1	CAND1
CRYAA	CRYAA
ENSGALG00010011890	ENSGALG00010011890
HAL	HAL
ENSGALG00010011892	ENSGALG00010011892
LIX1	LIX1
VWC2L	VWC2L
PHF21B	PHF21B
SIK1	SIK1
ENSGALG00010011897	ENSGALG00010011897
RRAGA	RRAGA
PHLPP1	PHLPP1
ENSGALG00010011900	ENSGALG00010011900
ENSGALG00010011901	ENSGALG00010011901
TP53I3	TP53I3
LTA4H	LTA4H
KIF24	KIF24
ENSGALG00010011905	ENSGALG00010011905
ENSGALG00010011906	ENSGALG00010011906
BIK	BIK
ENSGALG00010011908	ENSGALG00010011908
C8orf48	C8orf48
ENSGALG00010011910	ENSGALG00010011910
NUDT2	NUDT2
TCP11X2	TCP11X2
CXXC5	CXXC5
ENSGALG00010011914	ENSGALG00010011914
RRM2B	RRM2B
MCAT	MCAT
HSF2BP	HSF2BP
ENSGALG00010011918	ENSGALG00010011918
ENSGALG00010011919	ENSGALG00010011919
ENSGALG00010011920	ENSGALG00010011920
MEGF10	MEGF10
PIK3R1	PIK3R1
BARD1	BARD1
ENSGALG00010011924	ENSGALG00010011924
RRP1B	RRP1B
DYRK2	DYRK2
ENSGALG00010011927	ENSGALG00010011927
ENSGALG00010011928	ENSGALG00010011928
ELK3	ELK3
TSPO	TSPO
ATP5A1W	ATP5A1W
VAV3	VAV3
IFNG	IFNG
ENSGALG00010011934	ENSGALG00010011934
ST8SIA4	ST8SIA4
CKAP4	CKAP4
SLC1A1	SLC1A1
ENSGALG00010011938	ENSGALG00010011938
ENSGALG00010011939	ENSGALG00010011939
IL26	IL26
ENSGALG00010011941	ENSGALG00010011941
ENSGALG00010011942	ENSGALG00010011942
TTLL12	TTLL12
ENSGALG00010011944	ENSGALG00010011944
ENSGALG00010011945	ENSGALG00010011945
ENSGALG00010011946	ENSGALG00010011946
THAP1	THAP1
ENSGALG00010011948	ENSGALG00010011948
ABCA12	ABCA12
PDXK	PDXK
ENSGALG00010011951	ENSGALG00010011951
UBE2D2	UBE2D2
CDK17	CDK17
ENSGALG00010011954	ENSGALG00010011954
ENSGALG00010011955	ENSGALG00010011955
ENSGALG00010011956	ENSGALG00010011956
KIAA1161	KIAA1161
ENSGALG00010011958	ENSGALG00010011958
ENSGALG00010011959	ENSGALG00010011959
CFAP54	CFAP54
AGPAT3	AGPAT3
CPSF6	CPSF6
ZCCHC2	ZCCHC2
ENSGALG00010011964	ENSGALG00010011964
ATIC	ATIC
SLC25A24	SLC25A24
MTMR9	MTMR9
ENSGALG00010011968	ENSGALG00010011968
TMEM173	TMEM173
ENSGALG00010011970	ENSGALG00010011970
RNF170	RNF170
IPO11	IPO11
TRAPPC10	TRAPPC10
ENSGALG00010011974	ENSGALG00010011974
ENSGALG00010011975	ENSGALG00010011975
TNFRSF11A	TNFRSF11A
GATD3A	GATD3A
ENSGALG00010011978	ENSGALG00010011978
NEDD1	NEDD1
AvBD9	AvBD9
SCUBE1	SCUBE1
STK3	STK3
LYZ	LYZ
FN1	FN1
ENSGALG00010011985	ENSGALG00010011985
ENSGALG00010011986	ENSGALG00010011986
H2B-I - ENSGALG00010011987	H2B-I - ENSGALG00010011987
HINTW	HINTW
HIST1H110	HIST1H110
ENSGALG00010011990	ENSGALG00010011990
CSNK1A1	CSNK1A1
YEATS4	YEATS4
RELCH	RELCH
TSPAN8	TSPAN8
ENSGALG00010011995	ENSGALG00010011995
LRRC70	LRRC70
DENND5B	DENND5B
MPPED1	MPPED1
ENSGALG00010011999	ENSGALG00010011999
ENSGALG00010012000	ENSGALG00010012000
EEIG2	EEIG2
ENSGALG00010012002	ENSGALG00010012002
ENSGALG00010012003	ENSGALG00010012003
LGR5	LGR5
ENSGALG00010012005	ENSGALG00010012005
ENSGALG00010012006	ENSGALG00010012006
MREG	MREG
ZNF366	ZNF366
ENSGALG00010012009	ENSGALG00010012009
HENMT1	HENMT1
HOOK3	HOOK3
ENSGALG00010012012	ENSGALG00010012012
FOXD1	FOXD1
ENSGALG00010012014	ENSGALG00010012014
ENSGALG00010012015	ENSGALG00010012015
WDR91	WDR91
N4BP3	N4BP3
ENSGALG00010012018	ENSGALG00010012018
ENSGALG00010012019	ENSGALG00010012019
ENSGALG00010012020	ENSGALG00010012020
PRPF38B	PRPF38B
ENSGALG00010012022	ENSGALG00010012022
TMEM174	TMEM174
UBR5	UBR5
ENSGALG00010012025	ENSGALG00010012025
SYT1	SYT1
ENSGALG00010012027	ENSGALG00010012027
TMEM140	TMEM140
ENSGALG00010012029	ENSGALG00010012029
IFNL3A	IFNL3A
GRK6	GRK6
ENSGALG00010012032	ENSGALG00010012032
ENSGALG00010012033	ENSGALG00010012033
ARHGEF9	ARHGEF9
ENSGALG00010012035	ENSGALG00010012035
gga-mir-218-1	gga-mir-218-1
gga-mir-12274	gga-mir-12274
gga-mir-1701	gga-mir-1701
ODF1	ODF1
B4GALT7	B4GALT7
ICOSLG	ICOSLG
FNDC7	FNDC7
NUP50	NUP50
ENSGALG00010012044	ENSGALG00010012044
ENSGALG00010012045	ENSGALG00010012045
LOXHD1	LOXHD1
LMAN2	LMAN2
PDE6H	PDE6H
IFNAR1	IFNAR1
IFNL3	IFNL3
RNF165	RNF165
KLF10	KLF10
ENSGALG00010012053	ENSGALG00010012053
FAM60A	FAM60A
ENSGALG00010012055	ENSGALG00010012055
ENSGALG00010012056	ENSGALG00010012056
ENSGALG00010012057	ENSGALG00010012057
ENSGALG00010012058	ENSGALG00010012058
ARHGDIB	ARHGDIB
ENSGALG00010012060	ENSGALG00010012060
AZIN1	AZIN1
HMGA2	HMGA2
PTPRD	PTPRD
RGS14	RGS14
ENSGALG00010012065	ENSGALG00010012065
STXBP3	STXBP3
CZH18ORF25	CZH18ORF25
CDX4	CDX4
ERP27	ERP27
DNAJC28	DNAJC28
ENSGALG00010012071	ENSGALG00010012071
CAPRIN2	CAPRIN2
ENSGALG00010012073	ENSGALG00010012073
KIAA0930	KIAA0930
PIGN	PIGN
ENSGALG00010012076	ENSGALG00010012076
IFNGR2	IFNGR2
TMBIM4	TMBIM4
ENSGALG00010012079	ENSGALG00010012079
SLC34A1	SLC34A1
CHIC1	CHIC1
HAUS1	HAUS1
MGP	MGP
TMEM50B	TMEM50B
IPO8	IPO8
CIBAR1	CIBAR1
TMEM171	TMEM171
ATP5F1AZ	ATP5F1AZ
ENSGALG00010012089	ENSGALG00010012089
HELB	HELB
ENSGALG00010012091	ENSGALG00010012091
OC3	OC3
ENSGALG00010012093	ENSGALG00010012093
ENSGALG00010012094	ENSGALG00010012094
RNF38	RNF38
ENSGALG00010012096	ENSGALG00010012096
GART	GART
ART4	ART4
UPK3A	UPK3A
UBE2F	UBE2F
GPSM2	GPSM2
ENSGALG00010012102	ENSGALG00010012102
ENSGALG00010012103	ENSGALG00010012103
SMC1B	SMC1B
DONSON	DONSON
TMTC1	TMTC1
CLCC1	CLCC1
PSTPIP2	PSTPIP2
ENSGALG00010012109	ENSGALG00010012109
ENSGALG00010012110	ENSGALG00010012110
DRD1	DRD1
MBD2 - ENSGALG00010012112	MBD2 - ENSGALG00010012112
WDR47	WDR47
TAL2	TAL2
ENSGALG00010012115	ENSGALG00010012115
RBM12B	RBM12B
SMCO3	SMCO3
ENSGALG00010012118	ENSGALG00010012118
EPG5	EPG5
ENSGALG00010012120	ENSGALG00010012120
SREK1	SREK1
GRIP1	GRIP1
RASL11AL	RASL11AL
ERAP1	ERAP1
RNF152	RNF152
ENSGALG00010012126	ENSGALG00010012126
WBP11	WBP11
ENSGALG00010012128	ENSGALG00010012128
CRYZL1	CRYZL1
TMEM67	TMEM67
ENSGALG00010012131	ENSGALG00010012131
MC4R	MC4R
RAB3IP	RAB3IP
ENSGALG00010012134	ENSGALG00010012134
CAMSAP2	CAMSAP2
ENSGALG00010012136	ENSGALG00010012136
ENSGALG00010012137	ENSGALG00010012137
DDX11	DDX11
FOXQ1	FOXQ1
GLOD5	GLOD5
ENSGALG00010012141	ENSGALG00010012141
ENSGALG00010012142	ENSGALG00010012142
ENSGALG00010012143	ENSGALG00010012143
HIST1H101	HIST1H101
ENSGALG00010012145	ENSGALG00010012145
ENSGALG00010012146	ENSGALG00010012146
ARFGAP3	ARFGAP3
SETBP1	SETBP1
SFXN1	SFXN1
ENSGALG00010012150	ENSGALG00010012150
MYRFL	MYRFL
ENSGALG00010012152	ENSGALG00010012152
ENSGALG00010012153	ENSGALG00010012153
CWC27	CWC27
ENSGALG00010012155	ENSGALG00010012155
ENSGALG00010012156	ENSGALG00010012156
H2B-I - ENSGALG00010012157	H2B-I - ENSGALG00010012157
ENSGALG00010012158	ENSGALG00010012158
WASHC1	WASHC1
SYT4	SYT4
ENSGALG00010012161	ENSGALG00010012161
ENSGALG00010012162	ENSGALG00010012162
PDP1	PDP1
ENSGALG00010012164	ENSGALG00010012164
ENSGALG00010012165	ENSGALG00010012165
ENSGALG00010012166	ENSGALG00010012166
ENSGALG00010012167	ENSGALG00010012167
ENSGALG00010012168	ENSGALG00010012168
HIST1H3H - ENSGALG00010012169	HIST1H3H - ENSGALG00010012169
ENSGALG00010012170	ENSGALG00010012170
CDH17	CDH17
CNOT2	CNOT2
ENSGALG00010012173	ENSGALG00010012173
ENSGALG00010012174	ENSGALG00010012174
PACSIN2	PACSIN2
ENSGALG00010012176	ENSGALG00010012176
ENSGALG00010012177	ENSGALG00010012177
ENSGALG00010012178	ENSGALG00010012178
ENSGALG00010012179	ENSGALG00010012179
DDX59	DDX59
ENSGALG00010012181	ENSGALG00010012181
CTSEAL	CTSEAL
ENSGALG00010012183	ENSGALG00010012183
ENSGALG00010012184	ENSGALG00010012184
ENSGALG00010012185	ENSGALG00010012185
KIF20A	KIF20A
ENSGALG00010012187	ENSGALG00010012187
ADAMTS6	ADAMTS6
ENSGALG00010012189	ENSGALG00010012189
CAST	CAST
BEST3	BEST3
ENSGALG00010012192	ENSGALG00010012192
TTLL1	TTLL1
LRRFIP1	LRRFIP1
ITSN1	ITSN1
CENPK	CENPK
ENSGALG00010012197	ENSGALG00010012197
TMEM5	TMEM5
ENSGALG00010012199	ENSGALG00010012199
GEM	GEM
ENSGALG00010012201	ENSGALG00010012201
ENSGALG00010012202	ENSGALG00010012202
ENSGALG00010012203	ENSGALG00010012203
RIT2	RIT2
SLC6A13	SLC6A13
RIBC2	RIBC2
GRIA3	GRIA3
ENSGALG00010012208	ENSGALG00010012208
KIF14	KIF14
PPWD1	PPWD1
ENSGALG00010012211	ENSGALG00010012211
RAD54B	RAD54B
ENSGALG00010012213	ENSGALG00010012213
ENSGALG00010012214	ENSGALG00010012214
RAB17	RAB17
BRD8	BRD8
ENSGALG00010012217	ENSGALG00010012217
ENSGALG00010012218	ENSGALG00010012218
KDM5A	KDM5A
ENSGALG00010012220	ENSGALG00010012220
ENSGALG00010012221	ENSGALG00010012221
ENSGALG00010012222	ENSGALG00010012222
ENSGALG00010012223	ENSGALG00010012223
ENSGALG00010012224	ENSGALG00010012224
ENSGALG00010012225	ENSGALG00010012225
SLCO4C1	SLCO4C1
ENSGALG00010012227	ENSGALG00010012227
NHP2	NHP2
FSBP	FSBP
PTPRQ	PTPRQ
ENSGALG00010012231	ENSGALG00010012231
PCSK1	PCSK1
ENSGALG00010012233	ENSGALG00010012233
C1GALT1C1	C1GALT1C1
ENSGALG00010012235	ENSGALG00010012235
PRLH	PRLH
ENSGALG00010012237	ENSGALG00010012237
ENSGALG00010012238	ENSGALG00010012238
ENSGALG00010012239	ENSGALG00010012239
TRIM14	TRIM14
ENSGALG00010012241	ENSGALG00010012241
CCDC77	CCDC77
ENSGALG00010012243	ENSGALG00010012243
ENSGALG00010012244	ENSGALG00010012244
ENSGALG00010012245	ENSGALG00010012245
ENSGALG00010012246	ENSGALG00010012246
TRIM23	TRIM23
H2AFJ	H2AFJ
ENSGALG00010012249	ENSGALG00010012249
NANS	NANS
ENSGALG00010012251	ENSGALG00010012251
ENSGALG00010012252	ENSGALG00010012252
MYF6	MYF6
ENSGALG00010012254	ENSGALG00010012254
ENSGALG00010012255	ENSGALG00010012255
ENSGALG00010012256	ENSGALG00010012256
ENSGALG00010012257	ENSGALG00010012257
ENSGALG00010012258	ENSGALG00010012258
IL1RAPL2	IL1RAPL2
MBD2 - ENSGALG00010012260	MBD2 - ENSGALG00010012260
ENSGALG00010012261	ENSGALG00010012261
ENSGALG00010012262	ENSGALG00010012262
SHLD3	SHLD3
MYF5	MYF5
ENSGALG00010012265	ENSGALG00010012265
HIST1H3H - ENSGALG00010012266	HIST1H3H - ENSGALG00010012266
ENSGALG00010012267	ENSGALG00010012267
ENSGALG00010012268	ENSGALG00010012268
ENSGALG00010012269	ENSGALG00010012269
ENSGALG00010012270	ENSGALG00010012270
ENSGALG00010012271	ENSGALG00010012271
ENSGALG00010012272	ENSGALG00010012272
ENSGALG00010012273	ENSGALG00010012273
B4GALNT3	B4GALNT3
KIAA1429	KIAA1429
ENSGALG00010012276	ENSGALG00010012276
HIST1H3H - ENSGALG00010012277	HIST1H3H - ENSGALG00010012277
ENSGALG00010012278	ENSGALG00010012278
ENSGALG00010012279	ENSGALG00010012279
ENSGALG00010012280	ENSGALG00010012280
ENSGALG00010012281	ENSGALG00010012281
ENSGALG00010012282	ENSGALG00010012282
ENSGALG00010012283	ENSGALG00010012283
ENSGALG00010012284	ENSGALG00010012284
FBLN1	FBLN1
ENSGALG00010012286	ENSGALG00010012286
ENSGALG00010012287	ENSGALG00010012287
MCTS1	MCTS1
ENSGALG00010012289	ENSGALG00010012289
ENSGALG00010012290	ENSGALG00010012290
NR5A2	NR5A2
ENSGALG00010012292	ENSGALG00010012292
SRGAP1	SRGAP1
ENSGALG00010012294	ENSGALG00010012294
CUL4B	CUL4B
ENSGALG00010012296	ENSGALG00010012296
ABLIM3	ABLIM3
ENSGALG00010012298	ENSGALG00010012298
ENSGALG00010012299	ENSGALG00010012299
NINJ2	NINJ2
ENSGALG00010012301	ENSGALG00010012301
ENSGALG00010012302	ENSGALG00010012302
CA9	CA9
ESRP1	ESRP1
ENSGALG00010012305	ENSGALG00010012305
ENSGALG00010012306	ENSGALG00010012306
ENSGALG00010012307	ENSGALG00010012307
TRABD2A	TRABD2A
TRAPPC13	TRAPPC13
ENSGALG00010012310	ENSGALG00010012310
EDNRB2	EDNRB2
SH3TC2	SH3TC2
ENSGALG00010012313	ENSGALG00010012313
ADRB2	ADRB2
ATP6V1E1	ATP6V1E1
ENSGALG00010012316	ENSGALG00010012316
ENSGALG00010012317	ENSGALG00010012317
POLR1D	POLR1D
ENSGALG00010012319	ENSGALG00010012319
DPY19L4	DPY19L4
ENSGALG00010012321	ENSGALG00010012321
ENSGALG00010012322	ENSGALG00010012322
SMAD7B	SMAD7B
ENSGALG00010012324	ENSGALG00010012324
MLPH	MLPH
SGTB	SGTB
UBTD2	UBTD2
ENSGALG00010012328	ENSGALG00010012328
ATXN10	ATXN10
RFX6	RFX6
ENSGALG00010012331	ENSGALG00010012331
ENSGALG00010012332	ENSGALG00010012332
ENSGALG00010012333	ENSGALG00010012333
ARHGEF39	ARHGEF39
ENSGALG00010012335	ENSGALG00010012335
ENSGALG00010012336	ENSGALG00010012336
ACSS3	ACSS3
HIST1H3H - ENSGALG00010012338	HIST1H3H - ENSGALG00010012338
WNK1	WNK1
ENHO	ENHO
GOPC	GOPC
ENSGALG00010012342	ENSGALG00010012342
BCL2L13	BCL2L13
ENSGALG00010012344	ENSGALG00010012344
H2B-I - ENSGALG00010012345	H2B-I - ENSGALG00010012345
NLN	NLN
ENSGALG00010012347	ENSGALG00010012347
ENSGALG00010012348	ENSGALG00010012348
IFNW1	IFNW1
HIST1H2A4L1 - ENSGALG00010012350	HIST1H2A4L1 - ENSGALG00010012350
ENSGALG00010012351	ENSGALG00010012351
PTPRC	PTPRC
PIGG	PIGG
DCBLD1	DCBLD1
ENSGALG00010012355	ENSGALG00010012355
ENSGALG00010012356	ENSGALG00010012356
ENSGALG00010012357	ENSGALG00010012357
STK10	STK10
ENSGALG00010012359	ENSGALG00010012359
ROS1	ROS1
WIF1	WIF1
COL6A3	COL6A3
ENSGALG00010012363	ENSGALG00010012363
ENSGALG00010012364	ENSGALG00010012364
ENSGALG00010012365	ENSGALG00010012365
INTS8	INTS8
RAD52	RAD52
ENSGALG00010012368	ENSGALG00010012368
ENSGALG00010012369	ENSGALG00010012369
ENSGALG00010012370	ENSGALG00010012370
ATP6V1G3	ATP6V1G3
LEMD3	LEMD3
WNT7B	WNT7B
ENSGALG00010012374	ENSGALG00010012374
ENSGALG00010012375	ENSGALG00010012375
VGLL2	VGLL2
ENSGALG00010012377	ENSGALG00010012377
RPS19BP1	RPS19BP1
ENSGALG00010012379	ENSGALG00010012379
ENSGALG00010012380	ENSGALG00010012380
IFNA3 - ENSGALG00010012381	IFNA3 - ENSGALG00010012381
SH3PXD2B	SH3PXD2B
ENSGALG00010012383	ENSGALG00010012383
NRK	NRK
ENSGALG00010012385	ENSGALG00010012385
ENSGALG00010012386	ENSGALG00010012386
ERBIN	ERBIN
IFNA3 - ENSGALG00010012388	IFNA3 - ENSGALG00010012388
ENSGALG00010012389	ENSGALG00010012389
MMP16	MMP16
NEURL1B	NEURL1B
ENSGALG00010012392	ENSGALG00010012392
ENSGALG00010012393	ENSGALG00010012393
ENSGALG00010012394	ENSGALG00010012394
ENSGALG00010012395	ENSGALG00010012395
ENSGALG00010012396	ENSGALG00010012396
IFNA3 - ENSGALG00010012397	IFNA3 - ENSGALG00010012397
ENSGALG00010012398	ENSGALG00010012398
ERC1	ERC1
ENSGALG00010012400	ENSGALG00010012400
RIPK2	RIPK2
ENSGALG00010012402	ENSGALG00010012402
IFNA3 - ENSGALG00010012403	IFNA3 - ENSGALG00010012403
VAMP7	VAMP7
MSRB3	MSRB3
PROB1	PROB1
ATF4	ATF4
ENSGALG00010012408	ENSGALG00010012408
CHRNA8	CHRNA8
CACNA1I	CACNA1I
IFNA3 - ENSGALG00010012411	IFNA3 - ENSGALG00010012411
PURA	PURA
NEK7	NEK7
CMYA5	CMYA5
BID	BID
ENSGALG00010012416	ENSGALG00010012416
ENSGALG00010012417	ENSGALG00010012417
ENSGALG00010012418	ENSGALG00010012418
HACE1	HACE1
ENSGALG00010012420	ENSGALG00010012420
ENSGALG00010012421	ENSGALG00010012421
ENSGALG00010012422	ENSGALG00010012422
ENSGALG00010012423	ENSGALG00010012423
ENSGALG00010012424	ENSGALG00010012424
CHRNB3	CHRNB3
MIEF1	MIEF1
C7	C7
CCNE2	CCNE2
CXCR7	CXCR7
F13B	F13B
LAMP2	LAMP2
ENSGALG00010012432	ENSGALG00010012432
ENSGALG00010012433	ENSGALG00010012433
ENSGALG00010012434	ENSGALG00010012434
ENSGALG00010012435	ENSGALG00010012435
ENSGALG00010012436	ENSGALG00010012436
ENSGALG00010012437	ENSGALG00010012437
ENSGALG00010012438	ENSGALG00010012438
TENT2	TENT2
ENSGALG00010012440	ENSGALG00010012440
FST	FST
CPLX1	CPLX1
ENSGALG00010012443	ENSGALG00010012443
ENSGALG00010012444	ENSGALG00010012444
SOBP	SOBP
ENSGALG00010012446	ENSGALG00010012446
COPS8	COPS8
ENSGALG00010012448	ENSGALG00010012448
SUB1	SUB1
PPFIA2	PPFIA2
ENSGALG00010012451	ENSGALG00010012451
ENSGALG00010012452	ENSGALG00010012452
ENSGALG00010012453	ENSGALG00010012453
IQCA1	IQCA1
ENSGALG00010012455	ENSGALG00010012455
ENSGALG00010012456	ENSGALG00010012456
ENSGALG00010012457	ENSGALG00010012457
MRPS30	MRPS30
ENSGALG00010012459	ENSGALG00010012459
ENSGALG00010012460	ENSGALG00010012460
ENSGALG00010012461	ENSGALG00010012461
ENSGALG00010012462	ENSGALG00010012462
ENSGALG00010012463	ENSGALG00010012463
ENSGALG00010012464	ENSGALG00010012464
ENSGALG00010012465	ENSGALG00010012465
PDSS2	PDSS2
ENSGALG00010012467	ENSGALG00010012467
ENSGALG00010012468	ENSGALG00010012468
CETN1	CETN1
CHD1	CHD1
ENSGALG00010012471	ENSGALG00010012471
IL22	IL22
ENSGALG00010012473	ENSGALG00010012473
ASB18	ASB18
ENSGALG00010012475	ENSGALG00010012475
ENSGALG00010012476	ENSGALG00010012476
ENSGALG00010012477	ENSGALG00010012477
ENSGALG00010012478	ENSGALG00010012478
ENSGALG00010012479	ENSGALG00010012479
ENSGALG00010012480	ENSGALG00010012480
ENSGALG00010012481	ENSGALG00010012481
ENSGALG00010012482	ENSGALG00010012482
SLC7A7	SLC7A7
ENSGALG00010012484	ENSGALG00010012484
C6	C6
RADX	RADX
ENSGALG00010012487	ENSGALG00010012487
ENSGALG00010012488	ENSGALG00010012488
GBX2	GBX2
ENSGALG00010012490	ENSGALG00010012490
ENSGALG00010012491	ENSGALG00010012491
ENSGALG00010012492	ENSGALG00010012492
ENSGALG00010012493	ENSGALG00010012493
ENSGALG00010012494	ENSGALG00010012494
ENSGALG00010012495	ENSGALG00010012495
ENSGALG00010012496	ENSGALG00010012496
PLCXD3	PLCXD3
KCNT2	KCNT2
ENSGALG00010012499	ENSGALG00010012499
ENSGALG00010012500	ENSGALG00010012500
ENSGALG00010012501	ENSGALG00010012501
ENSGALG00010012502	ENSGALG00010012502
ENSGALG00010012503	ENSGALG00010012503
ENSGALG00010012504	ENSGALG00010012504
ENSGALG00010012505	ENSGALG00010012505
TP53INP1	TP53INP1
ENSGALG00010012507	ENSGALG00010012507
MDM1	MDM1
MICAL3	MICAL3
ENSGALG00010012510	ENSGALG00010012510
OXCT1	OXCT1
ENSGALG00010012512	ENSGALG00010012512
ENSGALG00010012513	ENSGALG00010012513
ENSGALG00010012514	ENSGALG00010012514
ENSGALG00010012515	ENSGALG00010012515
ENSGALG00010012516	ENSGALG00010012516
MGAT3	MGAT3
ENSGALG00010012518	ENSGALG00010012518
ENSGALG00010012519	ENSGALG00010012519
ENSGALG00010012520	ENSGALG00010012520
HOMER1	HOMER1
ENSGALG00010012522	ENSGALG00010012522
ENSGALG00010012523	ENSGALG00010012523
ENSGALG00010012524	ENSGALG00010012524
ENSGALG00010012525	ENSGALG00010012525
ENSGALG00010012526	ENSGALG00010012526
ENSGALG00010012527	ENSGALG00010012527
ENSGALG00010012528	ENSGALG00010012528
BEND3	BEND3
ENSGALG00010012530	ENSGALG00010012530
ENSGALG00010012531	ENSGALG00010012531
FAM174A	FAM174A
ENSGALG00010012533	ENSGALG00010012533
ENSGALG00010012534	ENSGALG00010012534
JMY	JMY
FBXO4	FBXO4
ENSGALG00010012537	ENSGALG00010012537
RAP1B	RAP1B
ENSGALG00010012539	ENSGALG00010012539
ENSGALG00010012540	ENSGALG00010012540
ENSGALG00010012541	ENSGALG00010012541
ENSGALG00010012542	ENSGALG00010012542
ENSGALG00010012543	ENSGALG00010012543
ENSGALG00010012544	ENSGALG00010012544
ENSGALG00010012545	ENSGALG00010012545
ENSGALG00010012546	ENSGALG00010012546
ENSGALG00010012547	ENSGALG00010012547
ENSGALG00010012548	ENSGALG00010012548
ENSGALG00010012549	ENSGALG00010012549
TAB1	TAB1
PCGF3	PCGF3
ENSGALG00010012552	ENSGALG00010012552
ENSGALG00010012553	ENSGALG00010012553
ENSGALG00010012554	ENSGALG00010012554
ENSGALG00010012555	ENSGALG00010012555
ENSGALG00010012556	ENSGALG00010012556
ENSGALG00010012557	ENSGALG00010012557
ENSGALG00010012558	ENSGALG00010012558
ENSGALG00010012559	ENSGALG00010012559
ENSGALG00010012560	ENSGALG00010012560
OSGIN2	OSGIN2
ENSGALG00010012562	ENSGALG00010012562
ENSGALG00010012563	ENSGALG00010012563
ENSGALG00010012564	ENSGALG00010012564
SYNGR1	SYNGR1
ENSGALG00010012566	ENSGALG00010012566
ENSGALG00010012567	ENSGALG00010012567
ENSGALG00010012568	ENSGALG00010012568
C6orf203	C6orf203
ENSGALG00010012570	ENSGALG00010012570
AGAP1	AGAP1
ENSGALG00010012572	ENSGALG00010012572
ENSGALG00010012573	ENSGALG00010012573
PHAX	PHAX
ENSGALG00010012575	ENSGALG00010012575
ENSGALG00010012576	ENSGALG00010012576
ENSGALG00010012577	ENSGALG00010012577
NDUFS4	NDUFS4
ENSGALG00010012579	ENSGALG00010012579
ENSGALG00010012580	ENSGALG00010012580
ENSGALG00010012581	ENSGALG00010012581
CD24	CD24
NDUFAF6	NDUFAF6
ENSGALG00010012584	ENSGALG00010012584
ENSGALG00010012585	ENSGALG00010012585
CDC73	CDC73
MBLAC2	MBLAC2
PEX26	PEX26
ENSGALG00010012589	ENSGALG00010012589
ENSGALG00010012590	ENSGALG00010012590
ENSGALG00010012591	ENSGALG00010012591
ENSGALG00010012592	ENSGALG00010012592
TUBA8B	TUBA8B
ENSGALG00010012594	ENSGALG00010012594
ENSGALG00010012595	ENSGALG00010012595
ENSGALG00010012596	ENSGALG00010012596
ENSGALG00010012597	ENSGALG00010012597
ENSGALG00010012598	ENSGALG00010012598
DMGDH	DMGDH
NUP107	NUP107
TUBA8A	TUBA8A
ENSGALG00010012602	ENSGALG00010012602
ENSGALG00010012603	ENSGALG00010012603
ENSGALG00010012604	ENSGALG00010012604
ENSGALG00010012605	ENSGALG00010012605
ATP5PO	ATP5PO
LMNB1	LMNB1
ENSGALG00010012608	ENSGALG00010012608
ENSGALG00010012609	ENSGALG00010012609
RPL3	RPL3
ENSGALG00010012611	ENSGALG00010012611
ENSGALG00010012612	ENSGALG00010012612
ENSGALG00010012613	ENSGALG00010012613
LHFPL2	LHFPL2
ENSGALG00010012615	ENSGALG00010012615
ENSGALG00010012616	ENSGALG00010012616
ENSGALG00010012617	ENSGALG00010012617
B3GALT2	B3GALT2
ENSGALG00010012619	ENSGALG00010012619
ENSGALG00010012620	ENSGALG00010012620
ENSGALG00010012621	ENSGALG00010012621
ENSGALG00010012622	ENSGALG00010012622
ENSGALG00010012623	ENSGALG00010012623
PDGFB	PDGFB
ENSGALG00010012625	ENSGALG00010012625
ENSGALG00010012626	ENSGALG00010012626
ENSGALG00010012627	ENSGALG00010012627
ENSGALG00010012628	ENSGALG00010012628
NUS1	NUS1
ENSGALG00010012630	ENSGALG00010012630
GLRX2	GLRX2
ENSGALG00010012632	ENSGALG00010012632
USP18	USP18
ENSGALG00010012634	ENSGALG00010012634
ENSGALG00010012635	ENSGALG00010012635
ENSGALG00010012636	ENSGALG00010012636
ENSGALG00010012637	ENSGALG00010012637
ENSGALG00010012638	ENSGALG00010012638
ENSGALG00010012639	ENSGALG00010012639
PRRC1	PRRC1
ENSGALG00010012641	ENSGALG00010012641
ENSGALG00010012642	ENSGALG00010012642
ENSGALG00010012643	ENSGALG00010012643
ENSGALG00010012644	ENSGALG00010012644
ENSGALG00010012645	ENSGALG00010012645
ENSGALG00010012646	ENSGALG00010012646
U6 - ENSGALG00010012647	U6 - ENSGALG00010012647
MRPS6	MRPS6
ENSGALG00010012649	ENSGALG00010012649
DSE	DSE
gga-mir-1747	gga-mir-1747
ENSGALG00010012652	ENSGALG00010012652
CBX7	CBX7
TENT5B	TENT5B
ENSGALG00010012655	ENSGALG00010012655
gga-mir-6698	gga-mir-6698
ENSGALG00010012657	ENSGALG00010012657
ENSGALG00010012658	ENSGALG00010012658
gga-mir-1782	gga-mir-1782
ENSGALG00010012660	ENSGALG00010012660
ENSGALG00010012661	ENSGALG00010012661
SLC35E3	SLC35E3
ENSGALG00010012663	ENSGALG00010012663
ENSGALG00010012664	ENSGALG00010012664
ENSGALG00010012665	ENSGALG00010012665
ENSGALG00010012666	ENSGALG00010012666
SCAMP1	SCAMP1
ENSGALG00010012668	ENSGALG00010012668
ERCC8	ERCC8
ENSGALG00010012670	ENSGALG00010012670
NBN	NBN
RO60	RO60
ENSGALG00010012673	ENSGALG00010012673
ENSGALG00010012674	ENSGALG00010012674
ENSGALG00010012675	ENSGALG00010012675
ENSGALG00010012676	ENSGALG00010012676
ENSGALG00010012677	ENSGALG00010012677
ENSGALG00010012678	ENSGALG00010012678
ENSGALG00010012679	ENSGALG00010012679
TRPM8	TRPM8
ENSGALG00010012681	ENSGALG00010012681
SLC5A3	SLC5A3
MDM2	MDM2
ENSGALG00010012684	ENSGALG00010012684
NPTXR	NPTXR
ENSGALG00010012686	ENSGALG00010012686
ENSGALG00010012687	ENSGALG00010012687
NDUFAF2	NDUFAF2
ENSGALG00010012689	ENSGALG00010012689
NT5DC1	NT5DC1
ENSGALG00010012691	ENSGALG00010012691
ENSGALG00010012692	ENSGALG00010012692
UCHL5	UCHL5
ENSGALG00010012694	ENSGALG00010012694
ENSGALG00010012695	ENSGALG00010012695
DNAL4	DNAL4
ENSGALG00010012697	ENSGALG00010012697
ENSGALG00010012698	ENSGALG00010012698
RNF128	RNF128
ENSGALG00010012700	ENSGALG00010012700
ENSGALG00010012701	ENSGALG00010012701
PTPRO	PTPRO
ENSGALG00010012703	ENSGALG00010012703
SMIM15	SMIM15
CPM	CPM
TBC1D8B	TBC1D8B
ENSGALG00010012707	ENSGALG00010012707
SPP2	SPP2
PPP1R8	PPP1R8
ENSGALG00010012710	ENSGALG00010012710
ELL2	ELL2
EEF1E1	EEF1E1
ENSGALG00010012713	ENSGALG00010012713
RGS2	RGS2
ENSGALG00010012715	ENSGALG00010012715
ENSGALG00010012716	ENSGALG00010012716
ENSGALG00010012717	ENSGALG00010012717
ENSGALG00010012718	ENSGALG00010012718
COL10A1	COL10A1
ACO2	ACO2
ENSGALG00010012721	ENSGALG00010012721
ZSWIM6	ZSWIM6
ENSGALG00010012723	ENSGALG00010012723
ENSGALG00010012724	ENSGALG00010012724
ENSGALG00010012725	ENSGALG00010012725
IL7R	IL7R
ENSGALG00010012727	ENSGALG00010012727
ENSGALG00010012728	ENSGALG00010012728
ENSGALG00010012729	ENSGALG00010012729
CAP2	CAP2
ENSGALG00010012731	ENSGALG00010012731
MGST1	MGST1
ENSGALG00010012733	ENSGALG00010012733
TMEM19	TMEM19
ENSGALG00010012735	ENSGALG00010012735
ENSGALG00010012736	ENSGALG00010012736
ENSGALG00010012737	ENSGALG00010012737
RAB21	RAB21
ENSGALG00010012739	ENSGALG00010012739
ENSGALG00010012740	ENSGALG00010012740
ENSGALG00010012741	ENSGALG00010012741
ENSGALG00010012742	ENSGALG00010012742
ENSGALG00010012743	ENSGALG00010012743
ARL4C	ARL4C
MARCH3	MARCH3
ENSGALG00010012746	ENSGALG00010012746
TOB2	TOB2
ENSGALG00010012748	ENSGALG00010012748
RGS4	RGS4
CAPSL	CAPSL
AP3B1	AP3B1
ENSGALG00010012752	ENSGALG00010012752
GTPBP1	GTPBP1
ENSGALG00010012754	ENSGALG00010012754
CLVS2	CLVS2
RPA2	RPA2
ENSGALG00010012757	ENSGALG00010012757
NAB1	NAB1
ATP1B4	ATP1B4
PLEKHF2	PLEKHF2
SMPDL3A	SMPDL3A
ENSGALG00010012762	ENSGALG00010012762
SMPDL3B	SMPDL3B
ENSGALG00010012764	ENSGALG00010012764
PHF5A	PHF5A
ENSGALG00010012766	ENSGALG00010012766
JOSD1	JOSD1
EPS8	EPS8
NEMP2	NEMP2
ENSGALG00010012770	ENSGALG00010012770
ITGA2	ITGA2
TOMM22	TOMM22
XKR8	XKR8
ENSGALG00010012774	ENSGALG00010012774
KCNE2	KCNE2
ENSGALG00010012776	ENSGALG00010012776
ENSGALG00010012777	ENSGALG00010012777
TBC1D15	TBC1D15
ENSGALG00010012779	ENSGALG00010012779
FABP7	FABP7
SPIN1L	SPIN1L
ENSGALG00010012782	ENSGALG00010012782
RGS13	RGS13
ENSGALG00010012784	ENSGALG00010012784
ENSGALG00010012785	ENSGALG00010012785
TEF	TEF
ENSGALG00010012787	ENSGALG00010012787
RGS1	RGS1
ENSGALG00010012789	ENSGALG00010012789
PITX1	PITX1
CFAP418	CFAP418
CBY1	CBY1
ENSGALG00010012793	ENSGALG00010012793
ENSGALG00010012794	ENSGALG00010012794
TBCA	TBCA
MOCS2	MOCS2
ZC3H7B	ZC3H7B
MFSD6	MFSD6
ENSGALG00010012799	ENSGALG00010012799
ENSGALG00010012800	ENSGALG00010012800
DMC1	DMC1
POU4F3	POU4F3
NUP155	NUP155
ENSGALG00010012804	ENSGALG00010012804
ENSGALG00010012805	ENSGALG00010012805
RGS21	RGS21
ENSGALG00010012807	ENSGALG00010012807
EYA3	EYA3
RHOBTB3	RHOBTB3
SNORD58 - ENSGALG00010012810	SNORD58 - ENSGALG00010012810
SNORD58 - ENSGALG00010012811	SNORD58 - ENSGALG00010012811
DECR1	DECR1
SNORD58 - ENSGALG00010012813	SNORD58 - ENSGALG00010012813
ENSGALG00010012814	ENSGALG00010012814
SNORD58 - ENSGALG00010012815	SNORD58 - ENSGALG00010012815
U6 - ENSGALG00010012816	U6 - ENSGALG00010012816
ENSGALG00010012817	ENSGALG00010012817
RGS18	RGS18
RANGAP1	RANGAP1
ENSGALG00010012820	ENSGALG00010012820
ZBTB33	ZBTB33
gga-mir-12294	gga-mir-12294
ENSGALG00010012823	ENSGALG00010012823
HIBCH	HIBCH
gga-mir-1594	gga-mir-1594
gga-mir-122-1	gga-mir-122-1
ENSGALG00010012827	ENSGALG00010012827
gga-mir-6649	gga-mir-6649
RGS5	RGS5
ARRDC3	ARRDC3
ENSGALG00010012831	ENSGALG00010012831
CHADL	CHADL
JAK2	JAK2
TPH2	TPH2
ENSGALG00010012835	ENSGALG00010012835
ENSGALG00010012836	ENSGALG00010012836
PKIB	PKIB
C2orf88	C2orf88
TGFBI	TGFBI
ENSGALG00010012840	ENSGALG00010012840
L3MBTL2	L3MBTL2
DDX17	DDX17
ENSGALG00010012843	ENSGALG00010012843
ENSGALG00010012844	ENSGALG00010012844
HDHD2	HDHD2
ENSGALG00010012846	ENSGALG00010012846
RLN3	RLN3
SERINC1	SERINC1
TRHDE	TRHDE
CALB1	CALB1
ENSGALG00010012851	ENSGALG00010012851
MSTN	MSTN
ENSGALG00010012853	ENSGALG00010012853
LECT2	LECT2
ENSGALG00010012855	ENSGALG00010012855
AVR2	AVR2
NSDHL	NSDHL
ENSGALG00010012858	ENSGALG00010012858
FBXL21	FBXL21
ENSGALG00010012860	ENSGALG00010012860
WDR70	WDR70
ENSGALG00010012862	ENSGALG00010012862
KCNE1	KCNE1
ENSGALG00010012864	ENSGALG00010012864
EP300	EP300
ENSGALG00010012866	ENSGALG00010012866
A4GALT	A4GALT
CTHRC1	CTHRC1
HTATIP2	HTATIP2
KCNC2	KCNC2
CD274	CD274
ENSGALG00010012872	ENSGALG00010012872
PTAFR	PTAFR
ENSGALG00010012874	ENSGALG00010012874
HSF2	HSF2
KDELR3	KDELR3
SLC25A32	SLC25A32
GDNF	GDNF
RCAN1	RCAN1
CLK4	CLK4
ENSGALG00010012881	ENSGALG00010012881
ENSGALG00010012882	ENSGALG00010012882
DCAF13	DCAF13
ENSGALG00010012884	ENSGALG00010012884
PMS1	PMS1
ENSGALG00010012886	ENSGALG00010012886
KCNJ4	KCNJ4
ENSGALG00010012888	ENSGALG00010012888
RIC1	RIC1
MFAP3	MFAP3
CAPS2	CAPS2
ORMDL1	ORMDL1
ENSGALG00010012893	ENSGALG00010012893
CLIC6	CLIC6
ENSGALG00010012895	ENSGALG00010012895
STK38L	STK38L
ENSGALG00010012897	ENSGALG00010012897
FAM114A2	FAM114A2
ENSGALG00010012899	ENSGALG00010012899
RBX1	RBX1
ENSGALG00010012901	ENSGALG00010012901
ENSGALG00010012902	ENSGALG00010012902
RGMB	RGMB
ERMP1	ERMP1
NKAIN1	NKAIN1
ENSGALG00010012906	ENSGALG00010012906
GLIPR1L1	GLIPR1L1
STRAP	STRAP
ENSGALG00010012909	ENSGALG00010012909
XPNPEP3	XPNPEP3
CSNK1E	CSNK1E
NKAPL	NKAPL
EGFLAM	EGFLAM
ENSGALG00010012914	ENSGALG00010012914
ENSGALG00010012915	ENSGALG00010012915
ENSGALG00010012916	ENSGALG00010012916
RUNX1	RUNX1
GLRX	GLRX
ENSGALG00010012919	ENSGALG00010012919
ENSGALG00010012920	ENSGALG00010012920
EBF1	EBF1
SNRNP40	SNRNP40
MLANA	MLANA
GLIPR1	GLIPR1
SETD4	SETD4
OSGEPL1	OSGEPL1
ENSGALG00010012927	ENSGALG00010012927
ENSGALG00010012928	ENSGALG00010012928
AKAP14	AKAP14
IL6ST	IL6ST
ENSGALG00010012931	ENSGALG00010012931
ATF6	ATF6
ZCCHC17	ZCCHC17
NDUFA1	NDUFA1
Vault - ENSGALG00010012935	Vault - ENSGALG00010012935
SNORD63	SNORD63
gga-mir-3523	gga-mir-3523
UPF3B	UPF3B
GJA1	GJA1
FBN2	FBN2
gga-mir-143	gga-mir-143
gga-mir-145	gga-mir-145
ASNSD1	ASNSD1
NCK1	NCK1
CLINT1	CLINT1
gga-mir-1702	gga-mir-1702
gga-mir-103-1	gga-mir-103-1
ST13P5	ST13P5
ENSGALG00010012949	ENSGALG00010012949
gga-mir-218-2	gga-mir-218-2
gga-mir-7460	gga-mir-7460
BRD10	BRD10
gga-mir-146a	gga-mir-146a
RIMS2	RIMS2
RPL39L	RPL39L
FABP3	FABP3
DERA	DERA
OLFML2B	OLFML2B
TBC1D32	TBC1D32
IL9	IL9
ANKRD55	ANKRD55
SLC25A17	SLC25A17
UIMC1	UIMC1
CBR3	CBR3
UHRF2	UHRF2
GLIPR1L	GLIPR1L
ECRG4	ECRG4
LSM11	LSM11
SLC12A2	SLC12A2
UNC5A	UNC5A
ENSGALG00010012971	ENSGALG00010012971
ENSGALG00010012972	ENSGALG00010012972
GLDC	GLDC
MFSD7	MFSD7
KRR1	KRR1
SLC9A2	SLC9A2
NKRF	NKRF
HSD17B7	HSD17B7
HTR1A	HTR1A
C1H12ORF66	C1H12ORF66
ENSGALG00010012981	ENSGALG00010012981
DDR2	DDR2
ENSGALG00010012983	ENSGALG00010012983
ENSGALG00010012984	ENSGALG00010012984
ARNTL2	ARNTL2
TMEM184B	TMEM184B
ENSGALG00010012987	ENSGALG00010012987
RPL18A	RPL18A
ENSGALG00010012989	ENSGALG00010012989
ENSGALG00010012990	ENSGALG00010012990
MFSD9	MFSD9
HARS1	HARS1
DOP1B	DOP1B
ENSGALG00010012994	ENSGALG00010012994
SERINC2	SERINC2
ENSGALG00010012996	ENSGALG00010012996
UBE2A	UBE2A
MAFF	MAFF
ENSGALG00010012999	ENSGALG00010012999
ENSGALG00010013000	ENSGALG00010013000
ADGRV1	ADGRV1
ENSGALG00010013002	ENSGALG00010013002
ENSGALG00010013003	ENSGALG00010013003
UAP1	UAP1
SLC40A1	SLC40A1
GRIK2	GRIK2
ENSGALG00010013007	ENSGALG00010013007
C4HXorf56	C4HXorf56
ENSGALG00010013009	ENSGALG00010013009
ENSGALG00010013010	ENSGALG00010013010
ENSGALG00010013011	ENSGALG00010013011
TMEM182	TMEM182
DCSTAMP	DCSTAMP
ENSGALG00010013014	ENSGALG00010013014
PLA2G6	PLA2G6
QRSL1	QRSL1
SCMH1	SCMH1
ID1	ID1
DPYS	DPYS
ENSGALG00010013020	ENSGALG00010013020
SLC25A5	SLC25A5
ENSGALG00010013022	ENSGALG00010013022
SLC15A5	SLC15A5
ENSGALG00010013024	ENSGALG00010013024
ENSGALG00010013025	ENSGALG00010013025
ENSGALG00010013026	ENSGALG00010013026
UHMK1	UHMK1
ENSGALG00010013028	ENSGALG00010013028
MYLK2	MYLK2
ENSGALG00010013030	ENSGALG00010013030
ENSGALG00010013031	ENSGALG00010013031
BAIAP2L2	BAIAP2L2
MAP3K1	MAP3K1
ENSGALG00010013034	ENSGALG00010013034
ENSGALG00010013035	ENSGALG00010013035
ENSGALG00010013036	ENSGALG00010013036
MORC4	MORC4
ENSGALG00010013038	ENSGALG00010013038
ENSGALG00010013039	ENSGALG00010013039
SLC25A43	SLC25A43
LRP12	LRP12
SLC25A48	SLC25A48
ENSGALG00010013043	ENSGALG00010013043
ENSGALG00010013044	ENSGALG00010013044
FSD1L	FSD1L
SLC12A5	SLC12A5
CTPS1	CTPS1
WDR75	WDR75
ENSGALG00010013049	ENSGALG00010013049
ENSGALG00010013050	ENSGALG00010013050
XPOT	XPOT
SLC16A8	SLC16A8
MRTFA	MRTFA
ENSGALG00010013054	ENSGALG00010013054
ENSGALG00010013055	ENSGALG00010013055
ENSGALG00010013056	ENSGALG00010013056
ENSGALG00010013057	ENSGALG00010013057
ENSGALG00010013058	ENSGALG00010013058
ENSGALG00010013059	ENSGALG00010013059
ENSGALG00010013060	ENSGALG00010013060
ENSGALG00010013061	ENSGALG00010013061
ENSGALG00010013062	ENSGALG00010013062
PARP12	PARP12
ENSGALG00010013064	ENSGALG00010013064
FKTN	FKTN
ENSGALG00010013066	ENSGALG00010013066
ENSGALG00010013067	ENSGALG00010013067
ENSGALG00010013068	ENSGALG00010013068
ENSGALG00010013069	ENSGALG00010013069
ENSGALG00010013070	ENSGALG00010013070
ENSGALG00010013071	ENSGALG00010013071
ENSGALG00010013072	ENSGALG00010013072
ENSGALG00010013073	ENSGALG00010013073
ENSGALG00010013074	ENSGALG00010013074
ENSGALG00010013075	ENSGALG00010013075
RTN4IP1	RTN4IP1
ENSGALG00010013077	ENSGALG00010013077
COL5A2	COL5A2
ENSGALG00010013079	ENSGALG00010013079
ARHGEF7	ARHGEF7
NCOA5	NCOA5
CHAF1B	CHAF1B
ENSGALG00010013083	ENSGALG00010013083
SGSM3	SGSM3
LYSMD3	LYSMD3
CXCL14	CXCL14
GPN2	GPN2
ENSGALG00010013088	ENSGALG00010013088
TBK1	TBK1
ENSGALG00010013090	ENSGALG00010013090
ENSGALG00010013091	ENSGALG00010013091
NEUROG1	NEUROG1
GPATCH3	GPATCH3
ENSGALG00010013094	ENSGALG00010013094
ADSL	ADSL
CLDN14	CLDN14
ENSGALG00010013097	ENSGALG00010013097
ENSGALG00010013098	ENSGALG00010013098
SIM2	SIM2
ZFPM2	ZFPM2
ENSGALG00010013101	ENSGALG00010013101
ENSGALG00010013102	ENSGALG00010013102
AIRIM	AIRIM
HLCS	HLCS
ENSGALG00010013105	ENSGALG00010013105
SETD9	SETD9
ENSGALG00010013107	ENSGALG00010013107
ENSGALG00010013108	ENSGALG00010013108
RIPPLY3	RIPPLY3
ANKRD10	ANKRD10
RFESD	RFESD
CD40	CD40
ENSGALG00010013113	ENSGALG00010013113
PIGP	PIGP
ENSGALG00010013115	ENSGALG00010013115
TARS	TARS
ARSK	ARSK
ENSGALG00010013118	ENSGALG00010013118
RNF114	RNF114
ENSGALG00010013120	ENSGALG00010013120
PCBD2	PCBD2
ENSGALG00010013122	ENSGALG00010013122
PPFIBP1	PPFIBP1
ENSGALG00010013124	ENSGALG00010013124
POU3F3	POU3F3
ENSGALG00010013126	ENSGALG00010013126
ENSGALG00010013127	ENSGALG00010013127
ENSGALG00010013128	ENSGALG00010013128
RASSF3	RASSF3
ENSGALG00010013130	ENSGALG00010013130
SPATA2	SPATA2
TTC37	TTC37
TXNDC15	TXNDC15
ENSGALG00010013134	ENSGALG00010013134
TTC3	TTC3
ENSGALG00010013136	ENSGALG00010013136
TMEM121	TMEM121
ENSGALG00010013138	ENSGALG00010013138
TMEM185A	TMEM185A
ENSGALG00010013140	ENSGALG00010013140
ENSGALG00010013141	ENSGALG00010013141
FAM81B	FAM81B
ENSGALG00010013143	ENSGALG00010013143
TEDC1	TEDC1
ENSGALG00010013145	ENSGALG00010013145
TNRC6B	TNRC6B
ENSGALG00010013147	ENSGALG00010013147
ENSGALG00010013148	ENSGALG00010013148
MCTP1	MCTP1
GNS	GNS
ENSGALG00010013151	ENSGALG00010013151
TBXAS1	TBXAS1
ENSGALG00010013153	ENSGALG00010013153
ENSGALG00010013154	ENSGALG00010013154
ENSGALG00010013155	ENSGALG00010013155
ABCC9	ABCC9
ENSGALG00010013157	ENSGALG00010013157
CRIP1	CRIP1
ENSGALG00010013159	ENSGALG00010013159
CRYBG1	CRYBG1
ENSGALG00010013161	ENSGALG00010013161
IDS	IDS
ENSGALG00010013163	ENSGALG00010013163
FAM83F	FAM83F
NUDC	NUDC
ENSGALG00010013166	ENSGALG00010013166
ENSGALG00010013167	ENSGALG00010013167
DSCR3	DSCR3
ENSGALG00010013169	ENSGALG00010013169
COL3A1	COL3A1
SLC9A8	SLC9A8
TNFSF13B	TNFSF13B
KCNJ8	KCNJ8
ADAMTS12	ADAMTS12
HIPK2	HIPK2
ENSGALG00010013176	ENSGALG00010013176
OXR1	OXR1
ENSGALG00010013178	ENSGALG00010013178
TBC1D30	TBC1D30
C5orf24	C5orf24
DYRK1A	DYRK1A
NR0B2	NR0B2
CLTA	CLTA
LDHB	LDHB
ENSGALG00010013185	ENSGALG00010013185
DDX46	DDX46
KDF1	KDF1
ENSGALG00010013188	ENSGALG00010013188
ENSGALG00010013189	ENSGALG00010013189
SLC45A2	SLC45A2
ABRA	ABRA
B4GALT5	B4GALT5
ENSGALG00010013193	ENSGALG00010013193
GRAP2	GRAP2
ENSGALG00010013195	ENSGALG00010013195
MRPS9	MRPS9
ENSGALG00010013197	ENSGALG00010013197
CAMLG	CAMLG
RALYL	RALYL
ENSGALG00010013200	ENSGALG00010013200
GYS2	GYS2
ENSGALG00010013202	ENSGALG00010013202
AMACR	AMACR
ENSGALG00010013204	ENSGALG00010013204
KCNJ6	KCNJ6
AFF2	AFF2
C1QTNF3	C1QTNF3
ENSGALG00010013208	ENSGALG00010013208
ENSGALG00010013209	ENSGALG00010013209
SLC7A13	SLC7A13
ENSGALG00010013211	ENSGALG00010013211
CRIP2	CRIP2
SH2D1A	SH2D1A
RAI14	RAI14
SF3A3	SF3A3
ENSGALG00010013216	ENSGALG00010013216
TGFBRAP1	TGFBRAP1
ENSGALG00010013218	ENSGALG00010013218
ENSGALG00010013219	ENSGALG00010013219
CSTF1	CSTF1
C2orf49	C2orf49
ENSGALG00010013222	ENSGALG00010013222
ENSGALG00010013223	ENSGALG00010013223
ATP6V0A4	ATP6V0A4
GNE	GNE
DUSP6	DUSP6
CITED4	CITED4
RTFDC1	RTFDC1
ENSGALG00010013229	ENSGALG00010013229
ENSGALG00010013230	ENSGALG00010013230
ENSGALG00010013231	ENSGALG00010013231
FHL2	FHL2
LRRCC1	LRRCC1
ENSGALG00010013234	ENSGALG00010013234
GCNT7	GCNT7
MON2	MON2
SVOPL	SVOPL
RAD1	RAD1
ENSGALG00010013239	ENSGALG00010013239
ENSGALG00010013240	ENSGALG00010013240
SEC24A	SEC24A
SULT4A1	SULT4A1
ENSGALG00010013243	ENSGALG00010013243
TRIM24	TRIM24
ENSGALG00010013245	ENSGALG00010013245
LNPEP	LNPEP
ATG5	ATG5
ENSGALG00010013248	ENSGALG00010013248
AURKA	AURKA
E2F5	E2F5
MTA1	MTA1
PPM1H	PPM1H
SHB	SHB
SAR1B	SAR1B
ENSGALG00010013255	ENSGALG00010013255
BRIX1	BRIX1
STX12	STX12
C8orf59	C8orf59
PTPRB	PTPRB
FAM210B	FAM210B
JADE2	JADE2
CA13	CA13
ATP11A	ATP11A
DNAJC21	DNAJC21
PACS2	PACS2
KIAA1755	KIAA1755
PNPLA3	PNPLA3
PTPRR	PTPRR
INPP5B	INPP5B
ENSGALG00010013270	ENSGALG00010013270
GULP1	GULP1
ENSGALG00010013272	ENSGALG00010013272
STAG2	STAG2
MTF1	MTF1
MAPRE1	MAPRE1
POC1B	POC1B
YRDC	YRDC
SAMM50	SAMM50
ENSGALG00010013279	ENSGALG00010013279
FRS2	FRS2
BIRC8	BIRC8
SEC22B	SEC22B
PAWR	PAWR
MANEAL	MANEAL
ATP2B1	ATP2B1
RNF14	RNF14
ENSGALG00010013287	ENSGALG00010013287
CA3A	CA3A
TM9SF4	TM9SF4
AKR1D1	AKR1D1
gga-mir-6669	gga-mir-6669
PRDM1	PRDM1
TUBGCP3	TUBGCP3
gga-mir-101-1	gga-mir-101-1
CA3B	CA3B
AGXT2	AGXT2
ENSGALG00010013297	ENSGALG00010013297
EPYC	EPYC
PLAGL2	PLAGL2
GNPDA1	GNPDA1
PARVB	PARVB
ENSGALG00010013302	ENSGALG00010013302
TFPI	TFPI
KCNJ15	KCNJ15
THOC2	THOC2
ARSB	ARSB
POFUT1	POFUT1
NMU	NMU
ENSGALG00010013309	ENSGALG00010013309
MYO16	MYO16
RSPO1	RSPO1
PDCD1LG2	PDCD1LG2
GAK	GAK
KIT	KIT
UBXN11	UBXN11
KDM7A	KDM7A
PREP	PREP
KERA	KERA
ENSGALG00010013319	ENSGALG00010013319
CALCRL	CALCRL
PDCL2	PDCL2
IRS2	IRS2
NOTCH2	NOTCH2
PARVG	PARVG
CA2	CA2
FGF20	FGF20
SLF1	SLF1
SLC37A3	SLC37A3
LIFR	LIFR
ERG	ERG
KIF3B	KIF3B
LUM	LUM
PPP1R12A	PPP1R12A
SH3BGRL3	SH3BGRL3
POPDC3	POPDC3
MTNR1A	MTNR1A
RAB19	RAB19
MAT2A - ENSGALG00010013338	MAT2A - ENSGALG00010013338
ATP6V0D2	ATP6V0D2
LIN28B	LIN28B
ENSGALG00010013341	ENSGALG00010013341
REG4	REG4
KIAA1644	KIAA1644
OSMR	OSMR
DCN	DCN
HMGCS2	HMGCS2
ENSGALG00010013347	ENSGALG00010013347
MKRN4P	MKRN4P
ETS2	ETS2
ENSGALG00010013350	ENSGALG00010013350
EDAR	EDAR
ASXL1	ASXL1
NDFIP1	NDFIP1
WWP1	WWP1
FAM171B	FAM171B
AMER1	AMER1
RICTOR	RICTOR
RPS16	RPS16
BTG1	BTG1
PRR5	PRR5
ENSGALG00010013361	ENSGALG00010013361
ENSGALG00010013362	ENSGALG00010013362
HS3ST5	HS3ST5
OTOGL	OTOGL
CEP85	CEP85
ENSGALG00010013366	ENSGALG00010013366
C20H20ORF112	C20H20ORF112
ENSGALG00010013368	ENSGALG00010013368
MTMR8	MTMR8
CNKSR1	CNKSR1
FAT1	FAT1
SPRY4	SPRY4
ENSGALG00010013373	ENSGALG00010013373
RMDN1	RMDN1
PSMG1	PSMG1
ARHGAP8	ARHGAP8
PLEKHG7	PLEKHG7
SH3RF3	SH3RF3
ZNF593	ZNF593
PHGDH	PHGDH
DENND2A	DENND2A
ASB12	ASB12
SEPT14	SEPT14
ENSGALG00010013384	ENSGALG00010013384
PGRMC1	PGRMC1
ITGAV	ITGAV
NDST1	NDST1
SOWAHC	SOWAHC
NAP1L1	NAP1L1
SLC16A2	SLC16A2
HMGN1	HMGN1
HDAC2	HDAC2
ADCK2	ADCK2
DNMT3B	DNMT3B
ENSGALG00010013395	ENSGALG00010013395
FYB1	FYB1
MATN1	MATN1
CHAMP1	CHAMP1
FGF1	FGF1
BBS10	BBS10
ENSGALG00010013401	ENSGALG00010013401
MARCKS	MARCKS
CPNE3	CPNE3
ENSGALG00010013404	ENSGALG00010013404
RPS14	RPS14
ENSGALG00010013406	ENSGALG00010013406
ZC3H15	ZC3H15
RLIM	RLIM
DAB2	DAB2
KIAA0825	KIAA0825
ENSGALG00010013411	ENSGALG00010013411
COMMD7	COMMD7
WRB	WRB
LAPTM5	LAPTM5
ENSGALG00010013415	ENSGALG00010013415
NDUFB2	NDUFB2
AKR1B1	AKR1B1
HCN1	HCN1
ENSGALG00010013419	ENSGALG00010013419
ENSGALG00010013420	ENSGALG00010013420
MCIDAS	MCIDAS
ENSGALG00010013422	ENSGALG00010013422
ZNF804A	ZNF804A
ENSGALG00010013424	ENSGALG00010013424
ENSGALG00010013425	ENSGALG00010013425
ENSGALG00010013426	ENSGALG00010013426
KIAA2022	KIAA2022
BPGM	BPGM
PDE4DIP	PDE4DIP
ENSGALG00010013430	ENSGALG00010013430
TMEM175	TMEM175
ENSGALG00010013432	ENSGALG00010013432
ENSGALG00010013433	ENSGALG00010013433
CORIN	CORIN
SDC3	SDC3
NPAS2	NPAS2
ENSGALG00010013437	ENSGALG00010013437
RPL37	RPL37
ENSGALG00010013439	ENSGALG00010013439
EEA1	EEA1
ENSGALG00010013441	ENSGALG00010013441
ENSGALG00010013442	ENSGALG00010013442
ENSGALG00010013443	ENSGALG00010013443
OSBPL8	OSBPL8
ENSGALG00010013445	ENSGALG00010013445
ATP5I	ATP5I
ENSGALG00010013447	ENSGALG00010013447
ENSGALG00010013448	ENSGALG00010013448
LCA5L	LCA5L
CD74	CD74
PRKAB2	PRKAB2
LSS	LSS
PUM1	PUM1
ENSGALG00010013454	ENSGALG00010013454
PDE6B	PDE6B
ENSGALG00010013456	ENSGALG00010013456
SH3BGR	SH3BGR
LAMA4	LAMA4
ATP10D	ATP10D
ENSGALG00010013460	ENSGALG00010013460
S100B	S100B
ENSGALG00010013462	ENSGALG00010013462
ENSGALG00010013463	ENSGALG00010013463
ABCB7	ABCB7
CALD1	CALD1
BRAF	BRAF
ENSGALG00010013467	ENSGALG00010013467
DEPDC1B	DEPDC1B
ENSGALG00010013469	ENSGALG00010013469
RPL31	RPL31
ENSGALG00010013471	ENSGALG00010013471
ENSGALG00010013472	ENSGALG00010013472
ENSGALG00010013473	ENSGALG00010013473
ENSGALG00010013474	ENSGALG00010013474
ENSGALG00010013475	ENSGALG00010013475
ZDHHC17	ZDHHC17
RFC1	RFC1
ENSGALG00010013478	ENSGALG00010013478
ENSGALG00010013479	ENSGALG00010013479
TBC1D8	TBC1D8
ENSGALG00010013481	ENSGALG00010013481
ENSGALG00010013482	ENSGALG00010013482
ENSGALG00010013483	ENSGALG00010013483
TCOF1	TCOF1
ENSGALG00010013485	ENSGALG00010013485
PLPP6	PLPP6
MIER3	MIER3
UPRT	UPRT
ENSGALG00010013489	ENSGALG00010013489
ENSGALG00010013490	ENSGALG00010013490
CNOT11	CNOT11
B3GALT5	B3GALT5
ENSGALG00010013493	ENSGALG00010013493
ASB1	ASB1
ENSGALG00010013495	ENSGALG00010013495
ENSGALG00010013496	ENSGALG00010013496
FAM172A	FAM172A
KDR	KDR
ENSGALG00010013499	ENSGALG00010013499
ENSGALG00010013500	ENSGALG00010013500
AKR1B10	AKR1B10
PAFAH2	PAFAH2
ENSGALG00010013503	ENSGALG00010013503
IGSF5	IGSF5
ENSGALG00010013505	ENSGALG00010013505
RNF149	RNF149
ENSGALG00010013507	ENSGALG00010013507
TUBE1	TUBE1
ENSGALG00010013509	ENSGALG00010013509
MRPS33	MRPS33
FAM78B	FAM78B
ENSGALG00010013512	ENSGALG00010013512
ENSGALG00010013513	ENSGALG00010013513
LMBRD2	LMBRD2
RBP4	RBP4
CSRP2	CSRP2
STMN1	STMN1
ENSGALG00010013518	ENSGALG00010013518
ENSGALG00010013519	ENSGALG00010013519
CREG2	CREG2
ENSGALG00010013521	ENSGALG00010013521
ENSGALG00010013522	ENSGALG00010013522
TMEM178B	TMEM178B
ZDHHC15	ZDHHC15
RFX8	RFX8
SIRPA	SIRPA
ADARB1	ADARB1
PRDX6	PRDX6
ENSGALG00010013529	ENSGALG00010013529
ENSGALG00010013530	ENSGALG00010013530
ARSI	ARSI
WDR19	WDR19
SKP2	SKP2
ENSGALG00010013534	ENSGALG00010013534
ENSGALG00010013535	ENSGALG00010013535
ENSGALG00010013536	ENSGALG00010013536
LMO3	LMO3
E2F7	E2F7
NSFL1C	NSFL1C
ENSGALG00010013540	ENSGALG00010013540
GJA9	GJA9
ENSGALG00010013542	ENSGALG00010013542
ENSGALG00010013543	ENSGALG00010013543
ENSGALG00010013544	ENSGALG00010013544
ENSGALG00010013545	ENSGALG00010013545
IDUA	IDUA
ENSGALG00010013547	ENSGALG00010013547
ENSGALG00010013548	ENSGALG00010013548
PCP4	PCP4
KLHL5	KLHL5
UBE2N	UBE2N
FGF16	FGF16
TADA1	TADA1
ENSGALG00010013554	ENSGALG00010013554
ENSGALG00010013555	ENSGALG00010013555
RASL11B	RASL11B
ENSGALG00010013557	ENSGALG00010013557
SNAPC3	SNAPC3
ENSGALG00010013559	ENSGALG00010013559
ENSGALG00010013560	ENSGALG00010013560
AGK	AGK
RERGL	RERGL
FKBP1A	FKBP1A
ENSGALG00010013564	ENSGALG00010013564
ENSGALG00010013565	ENSGALG00010013565
ENSGALG00010013566	ENSGALG00010013566
ENSGALG00010013567	ENSGALG00010013567
ENSGALG00010013568	ENSGALG00010013568
ENSGALG00010013569	ENSGALG00010013569
ENSGALG00010013570	ENSGALG00010013570
ENSGALG00010013571	ENSGALG00010013571
DENND11	DENND11
ENSGALG00010013573	ENSGALG00010013573
NR2F1	NR2F1
ENSGALG00010013575	ENSGALG00010013575
CAMK2A	CAMK2A
ENSGALG00010013577	ENSGALG00010013577
ENSGALG00010013578	ENSGALG00010013578
HIST1H2A4L1 - ENSGALG00010013579	HIST1H2A4L1 - ENSGALG00010013579
RANBP3L	RANBP3L
ENSGALG00010013581	ENSGALG00010013581
MAP4K4	MAP4K4
FASLG	FASLG
ENSGALG00010013584	ENSGALG00010013584
ENSGALG00010013585	ENSGALG00010013585
ENSGALG00010013586	ENSGALG00010013586
SLC26A1	SLC26A1
ENSGALG00010013588	ENSGALG00010013588
DSCAM	DSCAM
ENSGALG00010013590	ENSGALG00010013590
ENSGALG00010013591	ENSGALG00010013591
HIST1H3H - ENSGALG00010013592	HIST1H3H - ENSGALG00010013592
ENSGALG00010013593	ENSGALG00010013593
ENSGALG00010013594	ENSGALG00010013594
WEE2	WEE2
SDCBP2	SDCBP2
ENSGALG00010013597	ENSGALG00010013597
PAQR7	PAQR7
ENSGALG00010013599	ENSGALG00010013599
ENSGALG00010013600	ENSGALG00010013600
ENSGALG00010013601	ENSGALG00010013601
ENSGALG00010013602	ENSGALG00010013602
ENSGALG00010013603	ENSGALG00010013603
FYN	FYN
ENSGALG00010013605	ENSGALG00010013605
ENSGALG00010013606	ENSGALG00010013606
ENSGALG00010013607	ENSGALG00010013607
ENSGALG00010013608	ENSGALG00010013608
PIGC	PIGC
ENSGALG00010013610	ENSGALG00010013610
ENSGALG00010013611	ENSGALG00010013611
TWIST2	TWIST2
ENSGALG00010013613	ENSGALG00010013613
ATRX	ATRX
ENSGALG00010013615	ENSGALG00010013615
ENSGALG00010013616	ENSGALG00010013616
PIK3C2G	PIK3C2G
ENSGALG00010013618	ENSGALG00010013618
IL1R2	IL1R2
ENSGALG00010013620	ENSGALG00010013620
PDGFRA	PDGFRA
ENSGALG00010013622	ENSGALG00010013622
ENSGALG00010013623	ENSGALG00010013623
SST1	SST1
SSBP1	SSBP1
ENSGALG00010013626	ENSGALG00010013626
MYCBP	MYCBP
ENSGALG00010013628	ENSGALG00010013628
ENSGALG00010013629	ENSGALG00010013629
ENSGALG00010013630	ENSGALG00010013630
ENSGALG00010013631	ENSGALG00010013631
SLC1A3	SLC1A3
ENSGALG00010013633	ENSGALG00010013633
ENSGALG00010013634	ENSGALG00010013634
BCL6	BCL6
PLCZ1	PLCZ1
ENSGALG00010013637	ENSGALG00010013637
COMMD8	COMMD8
ENSGALG00010013639	ENSGALG00010013639
SNPH	SNPH
ENSGALG00010013641	ENSGALG00010013641
ENSGALG00010013642	ENSGALG00010013642
ENSGALG00010013643	ENSGALG00010013643
ENSGALG00010013644	ENSGALG00010013644
RRAGC	RRAGC
CLDN1	CLDN1
ENSGALG00010013647	ENSGALG00010013647
NAV3	NAV3
ENSGALG00010013649	ENSGALG00010013649
BACE2	BACE2
TRAF3IP2	TRAF3IP2
ENSGALG00010013652	ENSGALG00010013652
ENSGALG00010013653	ENSGALG00010013653
SLC6A7	SLC6A7
ENSGALG00010013655	ENSGALG00010013655
ENSGALG00010013656	ENSGALG00010013656
MAGT1	MAGT1
ENSGALG00010013658	ENSGALG00010013658
ENSGALG00010013659	ENSGALG00010013659
CDX1	CDX1
GABRA4	GABRA4
RAD21L1	RAD21L1
OPA1	OPA1
REV3L	REV3L
ENSGALG00010013665	ENSGALG00010013665
COX7B	COX7B
SOWAHA	SOWAHA
ENSGALG00010013668	ENSGALG00010013668
NPR3	NPR3
ENSGALG00010013670	ENSGALG00010013670
ENSGALG00010013671	ENSGALG00010013671
ENSGALG00010013672	ENSGALG00010013672
ENSGALG00010013673	ENSGALG00010013673
ENSGALG00010013674	ENSGALG00010013674
CHRNA6	CHRNA6
GDF9	GDF9
GABRG1	GABRG1
ATP7A	ATP7A
MFSD4B	MFSD4B
ENSGALG00010013680	ENSGALG00010013680
ENSGALG00010013681	ENSGALG00010013681
ENSGALG00010013682	ENSGALG00010013682
ENSGALG00010013683	ENSGALG00010013683
ENSGALG00010013684	ENSGALG00010013684
ENSGALG00010013685	ENSGALG00010013685
UQCRQ	UQCRQ
ENSGALG00010013687	ENSGALG00010013687
ENSGALG00010013688	ENSGALG00010013688
ENSGALG00010013689	ENSGALG00010013689
CREB3L2	CREB3L2
ENSGALG00010013691	ENSGALG00010013691
ENSGALG00010013692	ENSGALG00010013692
ENSGALG00010013693	ENSGALG00010013693
ENSGALG00010013694	ENSGALG00010013694
ENSGALG00010013695	ENSGALG00010013695
CETN3	CETN3
HDAC4	HDAC4
TFAP2E	TFAP2E
ENSGALG00010013699	ENSGALG00010013699
ENSGALG00010013700	ENSGALG00010013700
ENSGALG00010013701	ENSGALG00010013701
ENSGALG00010013702	ENSGALG00010013702
ENSGALG00010013703	ENSGALG00010013703
LEAP2	LEAP2
ENSGALG00010013705	ENSGALG00010013705
ENSGALG00010013706	ENSGALG00010013706
ENSGALG00010013707	ENSGALG00010013707
ENSGALG00010013708	ENSGALG00010013708
PSMF1	PSMF1
ENSGALG00010013710	ENSGALG00010013710
ENSGALG00010013711	ENSGALG00010013711
ENSGALG00010013712	ENSGALG00010013712
ENSGALG00010013713	ENSGALG00010013713
ENSGALG00010013714	ENSGALG00010013714
IL1R1	IL1R1
ENSGALG00010013716	ENSGALG00010013716
ENSGALG00010013717	ENSGALG00010013717
ENSGALG00010013718	ENSGALG00010013718
NCDN	NCDN
SLC16A10	SLC16A10
ENSGALG00010013721	ENSGALG00010013721
ENSGALG00010013722	ENSGALG00010013722
ENSGALG00010013723	ENSGALG00010013723
ENSGALG00010013724	ENSGALG00010013724
ENSGALG00010013725	ENSGALG00010013725
ENSGALG00010013726	ENSGALG00010013726
ENSGALG00010013727	ENSGALG00010013727
ENSGALG00010013728	ENSGALG00010013728
ENSGALG00010013729	ENSGALG00010013729
ENSGALG00010013730	ENSGALG00010013730
ENSGALG00010013731	ENSGALG00010013731
FNTA	FNTA
ENSGALG00010013733	ENSGALG00010013733
ENSGALG00010013734	ENSGALG00010013734
ENSGALG00010013735	ENSGALG00010013735
ENSGALG00010013736	ENSGALG00010013736
AFF4	AFF4
ENSGALG00010013738	ENSGALG00010013738
ENSGALG00010013739	ENSGALG00010013739
GNPDA2	GNPDA2
ENSGALG00010013741	ENSGALG00010013741
RSPO4	RSPO4
ENSGALG00010013743	ENSGALG00010013743
ENSGALG00010013744	ENSGALG00010013744
ENSGALG00010013745	ENSGALG00010013745
ENSGALG00010013746	ENSGALG00010013746
ENSGALG00010013747	ENSGALG00010013747
ENSGALG00010013748	ENSGALG00010013748
NELL2	NELL2
ENSGALG00010013750	ENSGALG00010013750
FUT10	FUT10
ENSGALG00010013752	ENSGALG00010013752
PLEKHA5	PLEKHA5
ENSGALG00010013754	ENSGALG00010013754
ANGPT4	ANGPT4
ENSGALG00010013756	ENSGALG00010013756
DGKI	DGKI
FAM3B	FAM3B
ATP13A4	ATP13A4
RPF2	RPF2
ENSGALG00010013761	ENSGALG00010013761
ENSGALG00010013762	ENSGALG00010013762
ENSGALG00010013763	ENSGALG00010013763
ENSGALG00010013764	ENSGALG00010013764
PRLL	PRLL
DNM3	DNM3
PGK2	PGK2
FAM110A	FAM110A
ENSGALG00010013769	ENSGALG00010013769
ENSGALG00010013770	ENSGALG00010013770
PELO	PELO
KIAA0319L	KIAA0319L
ENSGALG00010013773	ENSGALG00010013773
ENSGALG00010013774	ENSGALG00010013774
DBX2	DBX2
ENSGALG00010013776	ENSGALG00010013776
CPLANE1	CPLANE1
ENSGALG00010013778	ENSGALG00010013778
SLC52A3	SLC52A3
ENSGALG00010013780	ENSGALG00010013780
ENSGALG00010013781	ENSGALG00010013781
ENSGALG00010013782	ENSGALG00010013782
NDUFA10	NDUFA10
ANO6	ANO6
ENSGALG00010013785	ENSGALG00010013785
ATP13A5	ATP13A5
ZCCHC10	ZCCHC10
ENSGALG00010013788	ENSGALG00010013788
ENSGALG00010013789	ENSGALG00010013789
ENSGALG00010013790	ENSGALG00010013790
AEBP2	AEBP2
FGF10	FGF10
METTL13	METTL13
GTF3C6	GTF3C6
ENSGALG00010013795	ENSGALG00010013795
ENSGALG00010013796	ENSGALG00010013796
IL1RL1	IL1RL1
ENSGALG00010013798	ENSGALG00010013798
SCRT2	SCRT2
ENSGALG00010013800	ENSGALG00010013800
ENSGALG00010013801	ENSGALG00010013801
PYROXD1	PYROXD1
ENSGALG00010013803	ENSGALG00010013803
ENSGALG00010013804	ENSGALG00010013804
HSPA4	HSPA4
ENSGALG00010013806	ENSGALG00010013806
ENSGALG00010013807	ENSGALG00010013807
HRASLS	HRASLS
MX1	MX1
ENSGALG00010013810	ENSGALG00010013810
ENSGALG00010013811	ENSGALG00010013811
ENSGALG00010013812	ENSGALG00010013812
ENSGALG00010013813	ENSGALG00010013813
AMD1	AMD1
SRXN1	SRXN1
ENSGALG00010013816	ENSGALG00010013816
ENSGALG00010013817	ENSGALG00010013817
ENSGALG00010013818	ENSGALG00010013818
ENSGALG00010013819	ENSGALG00010013819
MASP1	MASP1
ENSGALG00010013821	ENSGALG00010013821
ENSGALG00010013822	ENSGALG00010013822
GUF1	GUF1
AHR2	AHR2
ENSGALG00010013825	ENSGALG00010013825
ENSGALG00010013826	ENSGALG00010013826
ENSGALG00010013827	ENSGALG00010013827
PTN	PTN
ENSGALG00010013829	ENSGALG00010013829
ENSGALG00010013830	ENSGALG00010013830
TCERG1	TCERG1
SNORD58 - ENSGALG00010013832	SNORD58 - ENSGALG00010013832
TMPRSS2	TMPRSS2
SNORD58 - ENSGALG00010013834	SNORD58 - ENSGALG00010013834
ENSGALG00010013835	ENSGALG00010013835
IL18R1	IL18R1
IFI27L2	IFI27L2
ENSGALG00010013838	ENSGALG00010013838
SNORD58 - ENSGALG00010013839	SNORD58 - ENSGALG00010013839
ENSGALG00010013840	ENSGALG00010013840
ENSGALG00010013841	ENSGALG00010013841
CDK19	CDK19
SNORD58 - ENSGALG00010013843	SNORD58 - ENSGALG00010013843
SNORD58 - ENSGALG00010013844	SNORD58 - ENSGALG00010013844
ENSGALG00010013845	ENSGALG00010013845
YIPF7	YIPF7
SNORD58 - ENSGALG00010013847	SNORD58 - ENSGALG00010013847
ITPA	ITPA
SNORD58 - ENSGALG00010013849	SNORD58 - ENSGALG00010013849
ENSGALG00010013850	ENSGALG00010013850
ENSGALG00010013851	ENSGALG00010013851
ENSGALG00010013852	ENSGALG00010013852
ENSGALG00010013853	ENSGALG00010013853
U6 - ENSGALG00010013854	U6 - ENSGALG00010013854
gga-mir-122-2	gga-mir-122-2
ENSGALG00010013856	ENSGALG00010013856
IL18RAP	IL18RAP
ENSGALG00010013858	ENSGALG00010013858
MYOC	MYOC
ENSGALG00010013860	ENSGALG00010013860
TCF15	TCF15
C21orf140	C21orf140
ENSGALG00010013863	ENSGALG00010013863
ENSGALG00010013864	ENSGALG00010013864
ENSGALG00010013865	ENSGALG00010013865
KCTD8	KCTD8
RECQL	RECQL
ENSGALG00010013868	ENSGALG00010013868
ENSGALG00010013869	ENSGALG00010013869
ENSGALG00010013870	ENSGALG00010013870
ENSGALG00010013871	ENSGALG00010013871
GLS2	GLS2
ENSGALG00010013873	ENSGALG00010013873
ENSGALG00010013874	ENSGALG00010013874
ENSGALG00010013875	ENSGALG00010013875
ENSGALG00010013876	ENSGALG00010013876
ENSGALG00010013877	ENSGALG00010013877
ARID2	ARID2
ENSGALG00010013879	ENSGALG00010013879
ZMYM4	ZMYM4
ENSGALG00010013881	ENSGALG00010013881
ENSGALG00010013882	ENSGALG00010013882
ENSGALG00010013883	ENSGALG00010013883
GRXCR1	GRXCR1
ENSGALG00010013885	ENSGALG00010013885
SLC9A4	SLC9A4
ENSGALG00010013887	ENSGALG00010013887
ENSGALG00010013888	ENSGALG00010013888
ENSGALG00010013889	ENSGALG00010013889
SFPQ	SFPQ
ENSGALG00010013891	ENSGALG00010013891
ENSGALG00010013892	ENSGALG00010013892
CSNK2A1	CSNK2A1
ENSGALG00010013894	ENSGALG00010013894
ENSGALG00010013895	ENSGALG00010013895
ENSGALG00010013896	ENSGALG00010013896
AMOT	AMOT
EMB	EMB
WNT5B	WNT5B
ENSGALG00010013900	ENSGALG00010013900
NFXL1	NFXL1
ENSGALG00010013902	ENSGALG00010013902
ENSGALG00010013903	ENSGALG00010013903
ENSGALG00010013904	ENSGALG00010013904
ENSGALG00010013905	ENSGALG00010013905
ENSGALG00010013906	ENSGALG00010013906
ENSGALG00010013907	ENSGALG00010013907
TBC1D20	TBC1D20
ENSGALG00010013909	ENSGALG00010013909
ADIPOR2	ADIPOR2
TNIK	TNIK
ENSGALG00010013912	ENSGALG00010013912
ENSGALG00010013913	ENSGALG00010013913
NRG1	NRG1
ENSGALG00010013915	ENSGALG00010013915
ENSGALG00010013916	ENSGALG00010013916
TRPC5	TRPC5
ENSGALG00010013918	ENSGALG00010013918
ENSGALG00010013919	ENSGALG00010013919
ENSGALG00010013920	ENSGALG00010013920
PPP2R2B	PPP2R2B
ENSGALG00010013922	ENSGALG00010013922
FMR1NB	FMR1NB
ENSGALG00010013924	ENSGALG00010013924
ENSGALG00010013925	ENSGALG00010013925
ENSGALG00010013926	ENSGALG00010013926
ENSGALG00010013927	ENSGALG00010013927
CCNO	CCNO
ENSGALG00010013929	ENSGALG00010013929
SLC22A16	SLC22A16
ENSGALG00010013931	ENSGALG00010013931
ENSGALG00010013932	ENSGALG00010013932
ENSGALG00010013933	ENSGALG00010013933
STAT1	STAT1
NRSN2	NRSN2
DLGAP3	DLGAP3
ENSGALG00010013937	ENSGALG00010013937
ENSGALG00010013938	ENSGALG00010013938
ENSGALG00010013939	ENSGALG00010013939
UPF3A	UPF3A
ENSGALG00010013941	ENSGALG00010013941
CACNA2D4	CACNA2D4
ENSGALG00010013943	ENSGALG00010013943
METTL24	METTL24
SCAF11	SCAF11
ENSGALG00010013946	ENSGALG00010013946
ENSGALG00010013947	ENSGALG00010013947
ENSGALG00010013948	ENSGALG00010013948
PRRC2C	PRRC2C
ENSGALG00010013950	ENSGALG00010013950
ENSGALG00010013951	ENSGALG00010013951
ENSGALG00010013952	ENSGALG00010013952
DHX29	DHX29
LPL	LPL
ENSGALG00010013955	ENSGALG00010013955
ENSGALG00010013956	ENSGALG00010013956
ENSGALG00010013957	ENSGALG00010013957
TUSC3	TUSC3
STK32A	STK32A
ENSGALG00010013960	ENSGALG00010013960
ENSGALG00010013961	ENSGALG00010013961
ENSGALG00010013962	ENSGALG00010013962
SPX	SPX
SLC38A1	SLC38A1
SLC2A2	SLC2A2
ENSGALG00010013966	ENSGALG00010013966
MLLT3	MLLT3
ENSGALG00010013968	ENSGALG00010013968
ENSGALG00010013969	ENSGALG00010013969
ENSGALG00010013970	ENSGALG00010013970
ENSGALG00010013971	ENSGALG00010013971
ENSGALG00010013972	ENSGALG00010013972
ENSGALG00010013973	ENSGALG00010013973
ENSGALG00010013974	ENSGALG00010013974
ENSGALG00010013975	ENSGALG00010013975
CDC40	CDC40
SLC38A2	SLC38A2
ENSGALG00010013978	ENSGALG00010013978
ENSGALG00010013979	ENSGALG00010013979
FMO4	FMO4
RLF	RLF
ENSGALG00010013982	ENSGALG00010013982
ENSGALG00010013983	ENSGALG00010013983
ENSGALG00010013984	ENSGALG00010013984
ENSGALG00010013985	ENSGALG00010013985
ENSGALG00010013986	ENSGALG00010013986
ENSGALG00010013987	ENSGALG00010013987
ENSGALG00010013988	ENSGALG00010013988
ENSGALG00010013989	ENSGALG00010013989
ENSGALG00010013990	ENSGALG00010013990
ENSGALG00010013991	ENSGALG00010013991
ENSGALG00010013992	ENSGALG00010013992
ENSGALG00010013993	ENSGALG00010013993
CHRM2	CHRM2
REM1	REM1
ENSGALG00010013996	ENSGALG00010013996
ENSGALG00010013997	ENSGALG00010013997
ENSGALG00010013998	ENSGALG00010013998
ENSGALG00010013999	ENSGALG00010013999
STAT4	STAT4
CDC16	CDC16
ZDHHC18	ZDHHC18
ENSGALG00010014003	ENSGALG00010014003
ENSGALG00010014004	ENSGALG00010014004
ENSGALG00010014005	ENSGALG00010014005
ENSGALG00010014006	ENSGALG00010014006
ENSGALG00010014007	ENSGALG00010014007
ENSGALG00010014008	ENSGALG00010014008
ENSGALG00010014009	ENSGALG00010014009
EIF5A2	EIF5A2
SFN	SFN
ENSGALG00010014012	ENSGALG00010014012
ENSGALG00010014013	ENSGALG00010014013
PARP8	PARP8
ENSGALG00010014015	ENSGALG00010014015
ENSGALG00010014016	ENSGALG00010014016
ENSGALG00010014017	ENSGALG00010014017
DPYSL3	DPYSL3
IRAG2	IRAG2
PDXP	PDXP
ENSGALG00010014021	ENSGALG00010014021
ENSGALG00010014022	ENSGALG00010014022
ENSGALG00010014023	ENSGALG00010014023
ENSGALG00010014024	ENSGALG00010014024
ENSGALG00010014025	ENSGALG00010014025
SH3BP1	SH3BP1
ENSGALG00010014027	ENSGALG00010014027
ENSGALG00010014028	ENSGALG00010014028
ENSGALG00010014029	ENSGALG00010014029
WASF1	WASF1
RPL22L1	RPL22L1
PSD3	PSD3
SLC38A4	SLC38A4
ENSGALG00010014034	ENSGALG00010014034
PSIP1	PSIP1
ENSGALG00010014036	ENSGALG00010014036
ENSGALG00010014037	ENSGALG00010014037
ENSGALG00010014038	ENSGALG00010014038
ENSGALG00010014039	ENSGALG00010014039
ENSGALG00010014040	ENSGALG00010014040
SKIV2L2	SKIV2L2
SGCZ	SGCZ
ENSGALG00010014043	ENSGALG00010014043
ENSGALG00010014044	ENSGALG00010014044
GOLT1B	GOLT1B
ENSGALG00010014046	ENSGALG00010014046
HM13	HM13
ENSGALG00010014048	ENSGALG00010014048
ENSGALG00010014049	ENSGALG00010014049
ENSGALG00010014050	ENSGALG00010014050
ENSGALG00010014051	ENSGALG00010014051
ENSGALG00010014052	ENSGALG00010014052
ENSGALG00010014053	ENSGALG00010014053
ENSGALG00010014054	ENSGALG00010014054
ENSGALG00010014055	ENSGALG00010014055
FMO3	FMO3
ENSGALG00010014057	ENSGALG00010014057
ENSGALG00010014058	ENSGALG00010014058
ENSGALG00010014059	ENSGALG00010014059
ENSGALG00010014060	ENSGALG00010014060
ENSGALG00010014061	ENSGALG00010014061
GGA1	GGA1
ENSGALG00010014063	ENSGALG00010014063
ENSGALG00010014064	ENSGALG00010014064
CHUNK-1	CHUNK-1
BCL2L1	BCL2L1
ENSGALG00010014067	ENSGALG00010014067
ENSGALG00010014068	ENSGALG00010014068
ENSGALG00010014069	ENSGALG00010014069
ENSGALG00010014070	ENSGALG00010014070
ENSGALG00010014071	ENSGALG00010014071
ENSGALG00010014072	ENSGALG00010014072
ENSGALG00010014073	ENSGALG00010014073
ENSGALG00010014074	ENSGALG00010014074
ENSGALG00010014075	ENSGALG00010014075
PRRX1	PRRX1
SLITRK2	SLITRK2
ENSGALG00010014078	ENSGALG00010014078
ENSGALG00010014079	ENSGALG00010014079
MYO1B	MYO1B
ENSGALG00010014081	ENSGALG00010014081
HNRNPR	HNRNPR
NIPSNAP3A	NIPSNAP3A
ENSGALG00010014084	ENSGALG00010014084
ENSGALG00010014085	ENSGALG00010014085
ENSGALG00010014086	ENSGALG00010014086
ENSGALG00010014087	ENSGALG00010014087
ENSGALG00010014088	ENSGALG00010014088
FIG4	FIG4
ENSGALG00010014090	ENSGALG00010014090
CHIC2	CHIC2
TYRP1	TYRP1
PLD1	PLD1
ENSGALG00010014094	ENSGALG00010014094
ENSGALG00010014095	ENSGALG00010014095
JAKMIP2	JAKMIP2
ENSGALG00010014097	ENSGALG00010014097
ENSGALG00010014098	ENSGALG00010014098
TPX2	TPX2
ENSGALG00010014100	ENSGALG00010014100
ENSGALG00010014101	ENSGALG00010014101
TRIM2	TRIM2
ENSGALG00010014103	ENSGALG00010014103
ALDH1A1	ALDH1A1
AHR1B	AHR1B
ENSGALG00010014106	ENSGALG00010014106
ENSGALG00010014107	ENSGALG00010014107
ENSGALG00010014108	ENSGALG00010014108
AMIGO2	AMIGO2
ENSGALG00010014110	ENSGALG00010014110
GORAB	GORAB
ENSGALG00010014112	ENSGALG00010014112
ENSGALG00010014113	ENSGALG00010014113
ANXA1	ANXA1
GSX2	GSX2
ENSGALG00010014116	ENSGALG00010014116
ENSGALG00010014117	ENSGALG00010014117
ENSGALG00010014118	ENSGALG00010014118
ENSGALG00010014119	ENSGALG00010014119
SOX5	SOX5
ENSGALG00010014121	ENSGALG00010014121
ABCA1	ABCA1
ENSGALG00010014123	ENSGALG00010014123
AK9	AK9
PLPP1	PLPP1
ENSGALG00010014126	ENSGALG00010014126
U1 - ENSGALG00010014127	U1 - ENSGALG00010014127
COL4A1	COL4A1
ENSGALG00010014129	ENSGALG00010014129
ENSGALG00010014130	ENSGALG00010014130
CDC23	CDC23
ENSGALG00010014132	ENSGALG00010014132
SNORA72	SNORA72
RPAP3	RPAP3
ZBTB24	ZBTB24
ENSGALG00010014136	ENSGALG00010014136
gga-mir-1813-1	gga-mir-1813-1
ENSGALG00010014138	ENSGALG00010014138
ENSGALG00010014139	ENSGALG00010014139
gga-mir-6630	gga-mir-6630
ENSGALG00010014141	ENSGALG00010014141
PPIL6	PPIL6
NFATC2	NFATC2
ENSGALG00010014144	ENSGALG00010014144
METTL11B	METTL11B
ENSGALG00010014146	ENSGALG00010014146
HTR1D	HTR1D
KCNG1	KCNG1
LGALS2	LGALS2
ENSGALG00010014150	ENSGALG00010014150
ATP23	ATP23
ENSGALG00010014152	ENSGALG00010014152
FOCAD	FOCAD
DNAI7	DNAI7
ENSGALG00010014155	ENSGALG00010014155
CD164	CD164
ENSGALG00010014157	ENSGALG00010014157
ENSGALG00010014158	ENSGALG00010014158
CDC42EP1	CDC42EP1
ENSGALG00010014160	ENSGALG00010014160
GFRA3	GFRA3
COL18A1	COL18A1
ENSGALG00010014163	ENSGALG00010014163
ENSGALG00010014164	ENSGALG00010014164
LUZP1	LUZP1
FGF12	FGF12
SLC38A9	SLC38A9
ENSGALG00010014168	ENSGALG00010014168
ENSGALG00010014169	ENSGALG00010014169
ABHD17B - ENSGALG00010014170	ABHD17B - ENSGALG00010014170
DLC1	DLC1
ENSGALG00010014172	ENSGALG00010014172
MND1	MND1
ENSGALG00010014174	ENSGALG00010014174
ENSGALG00010014175	ENSGALG00010014175
ABHD17B - ENSGALG00010014176	ABHD17B - ENSGALG00010014176
ENSGALG00010014177	ENSGALG00010014177
LRTM2	LRTM2
CTBPL	CTBPL
SLC19A1	SLC19A1
ENSGALG00010014181	ENSGALG00010014181
ENSGALG00010014182	ENSGALG00010014182
ENSGALG00010014183	ENSGALG00010014183
SLC44A1	SLC44A1
ENSGALG00010014185	ENSGALG00010014185
MOCS3	MOCS3
ENSGALG00010014187	ENSGALG00010014187
ENSGALG00010014188	ENSGALG00010014188
DDX4	DDX4
HACD4	HACD4
ENSGALG00010014191	ENSGALG00010014191
KDM1A	KDM1A
CARD10	CARD10
LRIG3	LRIG3
ENSGALG00010014195	ENSGALG00010014195
ENSGALG00010014196	ENSGALG00010014196
SH3GL2	SH3GL2
KDM3B	KDM3B
LNX1	LNX1
DCP1B	DCP1B
ENSGALG00010014201	ENSGALG00010014201
ENSGALG00010014202	ENSGALG00010014202
TMEM38B	TMEM38B
KIFAP3	KIFAP3
DPM1	DPM1
ENSGALG00010014206	ENSGALG00010014206
ENSGALG00010014207	ENSGALG00010014207
ENSGALG00010014208	ENSGALG00010014208
CCDC50	CCDC50
ENSGALG00010014210	ENSGALG00010014210
ENSGALG00010014211	ENSGALG00010014211
ENSGALG00010014212	ENSGALG00010014212
ETFRF1	ETFRF1
REEP2	REEP2
ENSGALG00010014215	ENSGALG00010014215
ENSGALG00010014216	ENSGALG00010014216
RASA3	RASA3
IL31RA	IL31RA
SNORA53	SNORA53
C9orf85	C9orf85
SCYL3	SCYL3
TBX22	TBX22
U12	U12
NMUR2	NMUR2
ZMPSTE24	ZMPSTE24
SLC16A7	SLC16A7
gga-mir-1683	gga-mir-1683
ENSGALG00010014228	ENSGALG00010014228
gga-mir-135a-2	gga-mir-135a-2
gga-mir-6581	gga-mir-6581
ENSGALG00010014231	ENSGALG00010014231
gga-mir-1691	gga-mir-1691
gga-mir-12209	gga-mir-12209
GLRA1	GLRA1
LRRC10	LRRC10
WDR44	WDR44
gga-mir-33-1	gga-mir-33-1
PHLDA1	PHLDA1
ENSGALG00010014239	ENSGALG00010014239
PIGV	PIGV
ENSGALG00010014241	ENSGALG00010014241
ENSGALG00010014242	ENSGALG00010014242
HIGD2A	HIGD2A
SESN1	SESN1
ENSGALG00010014245	ENSGALG00010014245
KRAS	KRAS
ENSGALG00010014247	ENSGALG00010014247
ENSGALG00010014248	ENSGALG00010014248
ENSGALG00010014249	ENSGALG00010014249
ENSGALG00010014250	ENSGALG00010014250
ENSGALG00010014251	ENSGALG00010014251
ENSGALG00010014252	ENSGALG00010014252
ENSGALG00010014253	ENSGALG00010014253
ENSGALG00010014254	ENSGALG00010014254
ENSGALG00010014255	ENSGALG00010014255
ENSGALG00010014256	ENSGALG00010014256
NOP16	NOP16
ENSGALG00010014258	ENSGALG00010014258
ENSGALG00010014259	ENSGALG00010014259
ADNP	ADNP
ENSGALG00010014261	ENSGALG00010014261
ENSGALG00010014262	ENSGALG00010014262
ZNF131	ZNF131
ENSGALG00010014264	ENSGALG00010014264
ZNF462	ZNF462
ENSGALG00010014266	ENSGALG00010014266
SCFD2	SCFD2
ENSGALG00010014268	ENSGALG00010014268
ENSGALG00010014269	ENSGALG00010014269
ENSGALG00010014270	ENSGALG00010014270
ENSGALG00010014271	ENSGALG00010014271
PARD6B	PARD6B
ENSGALG00010014273	ENSGALG00010014273
FIRRM	FIRRM
ENSGALG00010014275	ENSGALG00010014275
ENSGALG00010014276	ENSGALG00010014276
ENSGALG00010014277	ENSGALG00010014277
G3BP1	G3BP1
ENSGALG00010014279	ENSGALG00010014279
ENSGALG00010014280	ENSGALG00010014280
ENSGALG00010014281	ENSGALG00010014281
ENSGALG00010014282	ENSGALG00010014282
ENSGALG00010014283	ENSGALG00010014283
TMEM131L	TMEM131L
ENSGALG00010014285	ENSGALG00010014285
ENSGALG00010014286	ENSGALG00010014286
ENSGALG00010014287	ENSGALG00010014287
ARMC2	ARMC2
ENSGALG00010014289	ENSGALG00010014289
ENSGALG00010014290	ENSGALG00010014290
OSTN	OSTN
NIM1K	NIM1K
ENSGALG00010014293	ENSGALG00010014293
TMPO	TMPO
CACNA1C	CACNA1C
ENSGALG00010014296	ENSGALG00010014296
ENSGALG00010014297	ENSGALG00010014297
METTL18	METTL18
ENSGALG00010014299	ENSGALG00010014299
ELFN2	ELFN2
ARID1A	ARID1A
FOXO3	FOXO3
GABRA2	GABRA2
ENSGALG00010014304	ENSGALG00010014304
ARL10	ARL10
ENSGALG00010014306	ENSGALG00010014306
ENSGALG00010014307	ENSGALG00010014307
ENSGALG00010014308	ENSGALG00010014308
ENSGALG00010014309	ENSGALG00010014309
COL6A1	COL6A1
ENSGALG00010014311	ENSGALG00010014311
KIAA1191	KIAA1191
ENSGALG00010014313	ENSGALG00010014313
ENSGALG00010014314	ENSGALG00010014314
ENSGALG00010014315	ENSGALG00010014315
ENSGALG00010014316	ENSGALG00010014316
RAD23B	RAD23B
ENSGALG00010014318	ENSGALG00010014318
ENSGALG00010014319	ENSGALG00010014319
UTS2B	UTS2B
GBE	GBE
ENSGALG00010014322	ENSGALG00010014322
KLF4	KLF4
COL4A2	COL4A2
ENSGALG00010014325	ENSGALG00010014325
GMNC	GMNC
ENSGALG00010014327	ENSGALG00010014327
RASSF8	RASSF8
IER5	IER5
ENSGALG00010014330	ENSGALG00010014330
ENSGALG00010014331	ENSGALG00010014331
ENSGALG00010014332	ENSGALG00010014332
ENSGALG00010014333	ENSGALG00010014333
HMGCS1	HMGCS1
ENSGALG00010014335	ENSGALG00010014335
ENSGALG00010014336	ENSGALG00010014336
ENSGALG00010014337	ENSGALG00010014337
BHLHE41	BHLHE41
ENSGALG00010014339	ENSGALG00010014339
EFNB1	EFNB1
ENSGALG00010014341	ENSGALG00010014341
ENSGALG00010014342	ENSGALG00010014342
ENSGALG00010014343	ENSGALG00010014343
LSG1	LSG1
ENSGALG00010014345	ENSGALG00010014345
AFG1L	AFG1L
KIAA0040	KIAA0040
CTXN3	CTXN3
ENSGALG00010014349	ENSGALG00010014349
PTGER4	PTGER4
ENSGALG00010014351	ENSGALG00010014351
ENSGALG00010014352	ENSGALG00010014352
ENSGALG00010014353	ENSGALG00010014353
ENSGALG00010014354	ENSGALG00010014354
RAB20	RAB20
ENSGALG00010014356	ENSGALG00010014356
ENSGALG00010014357	ENSGALG00010014357
ENSGALG00010014358	ENSGALG00010014358
TMEM271	TMEM271
ENSGALG00010014360	ENSGALG00010014360
SSPN	SSPN
NAXD	NAXD
ENSGALG00010014363	ENSGALG00010014363
ENSGALG00010014364	ENSGALG00010014364
ENSGALG00010014365	ENSGALG00010014365
ENSGALG00010014366	ENSGALG00010014366
OPHN1	OPHN1
ENSGALG00010014368	ENSGALG00010014368
ENSGALG00010014369	ENSGALG00010014369
ENSGALG00010014370	ENSGALG00010014370
TTC33	TTC33
CCDC171	CCDC171
ENSGALG00010014373	ENSGALG00010014373
ENSGALG00010014374	ENSGALG00010014374
HIST1H2B5	HIST1H2B5
ENSGALG00010014376	ENSGALG00010014376
ENSGALG00010014377	ENSGALG00010014377
ENSGALG00010014378	ENSGALG00010014378
CARS2	CARS2
SNX3	SNX3
ENSGALG00010014381	ENSGALG00010014381
ENSGALG00010014382	ENSGALG00010014382
ENSGALG00010014383	ENSGALG00010014383
ENSGALG00010014384	ENSGALG00010014384
ENSGALG00010014385	ENSGALG00010014385
ENSGALG00010014386	ENSGALG00010014386
ENSGALG00010014387	ENSGALG00010014387
MFNG	MFNG
COL6A2	COL6A2
SPARC	SPARC
ENSGALG00010014391	ENSGALG00010014391
ENSGALG00010014392	ENSGALG00010014392
ATP8A1	ATP8A1
ENSGALG00010014394	ENSGALG00010014394
ENSGALG00010014395	ENSGALG00010014395
ING1	ING1
PRKAA1	PRKAA1
ENSGALG00010014398	ENSGALG00010014398
GAS6	GAS6
RIPOR3	RIPOR3
ENSGALG00010014401	ENSGALG00010014401
ENSGALG00010014402	ENSGALG00010014402
H2B-VII	H2B-VII
ENSGALG00010014404	ENSGALG00010014404
ENSGALG00010014405	ENSGALG00010014405
ENSGALG00010014406	ENSGALG00010014406
YIPF6	YIPF6
ENSGALG00010014408	ENSGALG00010014408
ENSGALG00010014409	ENSGALG00010014409
ENSGALG00010014410	ENSGALG00010014410
ATP13A3	ATP13A3
ENSGALG00010014412	ENSGALG00010014412
ENSGALG00010014413	ENSGALG00010014413
TMEM255B	TMEM255B
ENSGALG00010014415	ENSGALG00010014415
HIST1H2B7	HIST1H2B7
ENSGALG00010014417	ENSGALG00010014417
RAC2	RAC2
ENSGALG00010014419	ENSGALG00010014419
ENSGALG00010014420	ENSGALG00010014420
ENSGALG00010014421	ENSGALG00010014421
ENSGALG00010014422	ENSGALG00010014422
ENSGALG00010014423	ENSGALG00010014423
ENSGALG00010014424	ENSGALG00010014424
ENSGALG00010014425	ENSGALG00010014425
ENSGALG00010014426	ENSGALG00010014426
TMEM267	TMEM267
ENSGALG00010014428	ENSGALG00010014428
ENSGALG00010014429	ENSGALG00010014429
ENSGALG00010014430	ENSGALG00010014430
ENSGALG00010014431	ENSGALG00010014431
ENSGALG00010014432	ENSGALG00010014432
ENSGALG00010014433	ENSGALG00010014433
ENSGALG00010014434	ENSGALG00010014434
ENSGALG00010014435	ENSGALG00010014435
ENSGALG00010014436	ENSGALG00010014436
ENSGALG00010014437	ENSGALG00010014437
ENSGALG00010014438	ENSGALG00010014438
ENSGALG00010014439	ENSGALG00010014439
ENSGALG00010014440	ENSGALG00010014440
ENSGALG00010014441	ENSGALG00010014441
SHISA3	SHISA3
ENSGALG00010014443	ENSGALG00010014443
ENSGALG00010014444	ENSGALG00010014444
ENSGALG00010014445	ENSGALG00010014445
ENSGALG00010014446	ENSGALG00010014446
ENSGALG00010014447	ENSGALG00010014447
ENSGALG00010014448	ENSGALG00010014448
ENSGALG00010014449	ENSGALG00010014449
ENSGALG00010014450	ENSGALG00010014450
ENSGALG00010014451	ENSGALG00010014451
ENSGALG00010014452	ENSGALG00010014452
NR2E1	NR2E1
ATP4B	ATP4B
C4orf19	C4orf19
ENSGALG00010014456	ENSGALG00010014456
ENSGALG00010014457	ENSGALG00010014457
ENSGALG00010014458	ENSGALG00010014458
ENSGALG00010014459	ENSGALG00010014459
ENSGALG00010014460	ENSGALG00010014460
ENSGALG00010014461	ENSGALG00010014461
ENSGALG00010014462	ENSGALG00010014462
ENSGALG00010014463	ENSGALG00010014463
ENSGALG00010014464	ENSGALG00010014464
SIMC1	SIMC1
ENSGALG00010014466	ENSGALG00010014466
ENSGALG00010014467	ENSGALG00010014467
ENSGALG00010014468	ENSGALG00010014468
TMCO3	TMCO3
RPS6KA1	RPS6KA1
ENSGALG00010014471	ENSGALG00010014471
ENSGALG00010014472	ENSGALG00010014472
ENSGALG00010014473	ENSGALG00010014473
PTPN1	PTPN1
ENSGALG00010014475	ENSGALG00010014475
C5orf34	C5orf34
ITPR2	ITPR2
ENSGALG00010014478	ENSGALG00010014478
ENSGALG00010014479	ENSGALG00010014479
ENSGALG00010014480	ENSGALG00010014480
ENSGALG00010014481	ENSGALG00010014481
THOC3	THOC3
ENSGALG00010014483	ENSGALG00010014483
ENSGALG00010014484	ENSGALG00010014484
ENSGALG00010014485	ENSGALG00010014485
ENSGALG00010014486	ENSGALG00010014486
OSTM1	OSTM1
ENSGALG00010014488	ENSGALG00010014488
ENSGALG00010014489	ENSGALG00010014489
ENSGALG00010014490	ENSGALG00010014490
ENSGALG00010014491	ENSGALG00010014491
CPLX2	CPLX2
ENSGALG00010014493	ENSGALG00010014493
KLHL9	KLHL9
ENSGALG00010014495	ENSGALG00010014495
ENSGALG00010014496	ENSGALG00010014496
ENSGALG00010014497	ENSGALG00010014497
ENSGALG00010014498	ENSGALG00010014498
ENSGALG00010014499	ENSGALG00010014499
ENSGALG00010014500	ENSGALG00010014500
ENSGALG00010014501	ENSGALG00010014501
ENSGALG00010014502	ENSGALG00010014502
ENSGALG00010014503	ENSGALG00010014503
SEC63	SEC63
CYTH4	CYTH4
ENSGALG00010014506	ENSGALG00010014506
ENSGALG00010014507	ENSGALG00010014507
ENSGALG00010014508	ENSGALG00010014508
ENSGALG00010014509	ENSGALG00010014509
ENSGALG00010014510	ENSGALG00010014510
ENSGALG00010014511	ENSGALG00010014511
HMGN4	HMGN4
ENSGALG00010014513	ENSGALG00010014513
ENSGALG00010014514	ENSGALG00010014514
ETNK1	ETNK1
ENSGALG00010014516	ENSGALG00010014516
DCUN1D2	DCUN1D2
ENSGALG00010014518	ENSGALG00010014518
BRS3	BRS3
ENSGALG00010014520	ENSGALG00010014520
ENSGALG00010014521	ENSGALG00010014521
FAT2	FAT2
ENSGALG00010014523	ENSGALG00010014523
ENSGALG00010014524	ENSGALG00010014524
ENSGALG00010014525	ENSGALG00010014525
ENSGALG00010014526	ENSGALG00010014526
ENSGALG00010014527	ENSGALG00010014527
ENSGALG00010014528	ENSGALG00010014528
ENSGALG00010014529	ENSGALG00010014529
ENSGALG00010014530	ENSGALG00010014530
ENSGALG00010014531	ENSGALG00010014531
ENSGALG00010014532	ENSGALG00010014532
ENSGALG00010014533	ENSGALG00010014533
ENSGALG00010014534	ENSGALG00010014534
ENSGALG00010014535	ENSGALG00010014535
ENSGALG00010014536	ENSGALG00010014536
GKAP1	GKAP1
ENSGALG00010014538	ENSGALG00010014538
PAIP1	PAIP1
FTCD	FTCD
ENSGALG00010014541	ENSGALG00010014541
ENSGALG00010014542	ENSGALG00010014542
ENSGALG00010014543	ENSGALG00010014543
ENSGALG00010014544	ENSGALG00010014544
ENSGALG00010014545	ENSGALG00010014545
ENSGALG00010014546	ENSGALG00010014546
DHDDS	DHDDS
ENSGALG00010014548	ENSGALG00010014548
ENSGALG00010014549	ENSGALG00010014549
SCML4	SCML4
ENSGALG00010014551	ENSGALG00010014551
ENSGALG00010014552	ENSGALG00010014552
ENSGALG00010014553	ENSGALG00010014553
ENSGALG00010014554	ENSGALG00010014554
VGLL1	VGLL1
ENSGALG00010014556	ENSGALG00010014556
ENSGALG00010014557	ENSGALG00010014557
ENSGALG00010014558	ENSGALG00010014558
ENSGALG00010014559	ENSGALG00010014559
ENSGALG00010014560	ENSGALG00010014560
ENSGALG00010014561	ENSGALG00010014561
ENSGALG00010014562	ENSGALG00010014562
ENSGALG00010014563	ENSGALG00010014563
ENSGALG00010014564	ENSGALG00010014564
ENSGALG00010014565	ENSGALG00010014565
ENSGALG00010014566	ENSGALG00010014566
UTP11	UTP11
ENSGALG00010014568	ENSGALG00010014568
ENSGALG00010014569	ENSGALG00010014569
KIF27	KIF27
ENSGALG00010014571	ENSGALG00010014571
IL1RAP	IL1RAP
CEBPB	CEBPB
ENSGALG00010014574	ENSGALG00010014574
ENSGALG00010014575	ENSGALG00010014575
HRH2	HRH2
ENSGALG00010014577	ENSGALG00010014577
ENSGALG00010014578	ENSGALG00010014578
NNT	NNT
ENSGALG00010014580	ENSGALG00010014580
ENSGALG00010014581	ENSGALG00010014581
ENSGALG00010014582	ENSGALG00010014582
ENSGALG00010014583	ENSGALG00010014583
ENSGALG00010014584	ENSGALG00010014584
ENSGALG00010014585	ENSGALG00010014585
ENSGALG00010014586	ENSGALG00010014586
ENSGALG00010014587	ENSGALG00010014587
ENSGALG00010014588	ENSGALG00010014588
ENSGALG00010014589	ENSGALG00010014589
ENSGALG00010014590	ENSGALG00010014590
ENSGALG00010014591	ENSGALG00010014591
CZH9orf64	CZH9orf64
ENSGALG00010014593	ENSGALG00010014593
ENSGALG00010014594	ENSGALG00010014594
ENSGALG00010014595	ENSGALG00010014595
TMEM207	TMEM207
ENSGALG00010014597	ENSGALG00010014597
ENSGALG00010014598	ENSGALG00010014598
SSTR3	SSTR3
ENSGALG00010014600	ENSGALG00010014600
ENSGALG00010014601	ENSGALG00010014601
FRK	FRK
TSC22D4	TSC22D4
ENSGALG00010014604	ENSGALG00010014604
ENSGALG00010014605	ENSGALG00010014605
ENSGALG00010014606	ENSGALG00010014606
ENSGALG00010014607	ENSGALG00010014607
ENSGALG00010014608	ENSGALG00010014608
ENSGALG00010014609	ENSGALG00010014609
ENSGALG00010014610	ENSGALG00010014610
TMEM189	TMEM189
ENSGALG00010014612	ENSGALG00010014612
ENSGALG00010014613	ENSGALG00010014613
GHR	GHR
ENSGALG00010014615	ENSGALG00010014615
ENSGALG00010014616	ENSGALG00010014616
GRTP1	GRTP1
ENSGALG00010014618	ENSGALG00010014618
ENSGALG00010014619	ENSGALG00010014619
ENSGALG00010014620	ENSGALG00010014620
ENSGALG00010014621	ENSGALG00010014621
ENSGALG00010014622	ENSGALG00010014622
ENSGALG00010014623	ENSGALG00010014623
GPRC6A	GPRC6A
ENSGALG00010014625	ENSGALG00010014625
C2CD5	C2CD5
ENSGALG00010014627	ENSGALG00010014627
ENSGALG00010014628	ENSGALG00010014628
ENSGALG00010014629	ENSGALG00010014629
ENSGALG00010014630	ENSGALG00010014630
ENSGALG00010014631	ENSGALG00010014631
NWD2	NWD2
ENSGALG00010014633	ENSGALG00010014633
CCDC152	CCDC152
ENSGALG00010014635	ENSGALG00010014635
ENSGALG00010014636	ENSGALG00010014636
ENSGALG00010014637	ENSGALG00010014637
ENSGALG00010014638	ENSGALG00010014638
ENSGALG00010014639	ENSGALG00010014639
ENSGALG00010014640	ENSGALG00010014640
DOCK11	DOCK11
ENSGALG00010014642	ENSGALG00010014642
CLDN16	CLDN16
ENSGALG00010014644	ENSGALG00010014644
SLC36A1	SLC36A1
ENSGALG00010014646	ENSGALG00010014646
ENSGALG00010014647	ENSGALG00010014647
C1QTNF6	C1QTNF6
ENSGALG00010014649	ENSGALG00010014649
ENSGALG00010014650	ENSGALG00010014650
ENSGALG00010014651	ENSGALG00010014651
ENSGALG00010014652	ENSGALG00010014652
FAM162B	FAM162B
LAMP1	LAMP1
FHL3	FHL3
ENSGALG00010014656	ENSGALG00010014656
ENSGALG00010014657	ENSGALG00010014657
SELENOP1	SELENOP1
ENSGALG00010014659	ENSGALG00010014659
ENSGALG00010014660	ENSGALG00010014660
ENSGALG00010014661	ENSGALG00010014661
ENSGALG00010014662	ENSGALG00010014662
ENSGALG00010014663	ENSGALG00010014663
ENSGALG00010014664	ENSGALG00010014664
ENSGALG00010014665	ENSGALG00010014665
ENSGALG00010014666	ENSGALG00010014666
ENSGALG00010014667	ENSGALG00010014667
GP5	GP5
ENSGALG00010014669	ENSGALG00010014669
ENSGALG00010014670	ENSGALG00010014670
ENSGALG00010014671	ENSGALG00010014671
ISL1	ISL1
ENSGALG00010014673	ENSGALG00010014673
ENSGALG00010014674	ENSGALG00010014674
ENSGALG00010014675	ENSGALG00010014675
UBE2V1	UBE2V1
HNRNPK	HNRNPK
ENSGALG00010014678	ENSGALG00010014678
ENSGALG00010014679	ENSGALG00010014679
ENSGALG00010014680	ENSGALG00010014680
DTHD1	DTHD1
IL13RA1	IL13RA1
ENSGALG00010014683	ENSGALG00010014683
ENSGALG00010014684	ENSGALG00010014684
ENSGALG00010014685	ENSGALG00010014685
ENSGALG00010014686	ENSGALG00010014686
CUL4A	CUL4A
ENSGALG00010014688	ENSGALG00010014688
ENSGALG00010014689	ENSGALG00010014689
CSF3R	CSF3R
FAM122B	FAM122B
ENSGALG00010014692	ENSGALG00010014692
ENSGALG00010014693	ENSGALG00010014693
ENSGALG00010014694	ENSGALG00010014694
ENSGALG00010014695	ENSGALG00010014695
SPINK5	SPINK5
ENSGALG00010014697	ENSGALG00010014697
ENSGALG00010014698	ENSGALG00010014698
U6 - ENSGALG00010014699	U6 - ENSGALG00010014699
ENSGALG00010014700	ENSGALG00010014700
U6 - ENSGALG00010014701	U6 - ENSGALG00010014701
ENSGALG00010014702	ENSGALG00010014702
PCID2	PCID2
ENSGALG00010014704	ENSGALG00010014704
ARAP2	ARAP2
gga-mir-7452	gga-mir-7452
KPNA5	KPNA5
ENSGALG00010014708	ENSGALG00010014708
ENSGALG00010014709	ENSGALG00010014709
NPEPL1	NPEPL1
gga-mir-222a	gga-mir-222a
ENSGALG00010014712	ENSGALG00010014712
ST8SIA1	ST8SIA1
gga-mir-155	gga-mir-155
ENSGALG00010014715	ENSGALG00010014715
TMEM35A	TMEM35A
ELOVL7	ELOVL7
gga-mir-221	gga-mir-221
ENSGALG00010014719	ENSGALG00010014719
gga-mir-1738	gga-mir-1738
ENSGALG00010014721	ENSGALG00010014721
KCTD17	KCTD17
ENSGALG00010014723	ENSGALG00010014723
SPINK7	SPINK7
ENSGALG00010014725	ENSGALG00010014725
PWP2	PWP2
ENSGALG00010014727	ENSGALG00010014727
INTS13	INTS13
MRPS15	MRPS15
ENSGALG00010014730	ENSGALG00010014730
ENSGALG00010014731	ENSGALG00010014731
ENSGALG00010014732	ENSGALG00010014732
ENSGALG00010014733	ENSGALG00010014733
ZUP1	ZUP1
STX16	STX16
KIF2A	KIF2A
RMI1	RMI1
BRWD1	BRWD1
TRMT2B	TRMT2B
KIAA1456	KIAA1456
ENSGALG00010014741	ENSGALG00010014741
PROZ	PROZ
ENSGALG00010014743	ENSGALG00010014743
IL2RB	IL2RB
LSM10	LSM10
ENSGALG00010014746	ENSGALG00010014746
ENSGALG00010014747	ENSGALG00010014747
FGFR1OP2	FGFR1OP2
ENSGALG00010014749	ENSGALG00010014749
LONRF1	LONRF1
ENSGALG00010014751	ENSGALG00010014751
ENSGALG00010014752	ENSGALG00010014752
ENSGALG00010014753	ENSGALG00010014753
DIMT1	DIMT1
ENSGALG00010014755	ENSGALG00010014755
ENSGALG00010014756	ENSGALG00010014756
ENSGALG00010014757	ENSGALG00010014757
FXN	FXN
ENSGALG00010014759	ENSGALG00010014759
ENSGALG00010014760	ENSGALG00010014760
ENSGALG00010014761	ENSGALG00010014761
STK40	STK40
ENSGALG00010014763	ENSGALG00010014763
ENSGALG00010014764	ENSGALG00010014764
ENSGALG00010014765	ENSGALG00010014765
F10	F10
LRRC15	LRRC15
ENSGALG00010014768	ENSGALG00010014768
CCDC69	CCDC69
ENSGALG00010014770	ENSGALG00010014770
ENSGALG00010014771	ENSGALG00010014771
ENSGALG00010014772	ENSGALG00010014772
ENSGALG00010014773	ENSGALG00010014773
ENSGALG00010014774	ENSGALG00010014774
ENSGALG00010014775	ENSGALG00010014775
ENSGALG00010014776	ENSGALG00010014776
APCDD1L	APCDD1L
TMPRSS6	TMPRSS6
ENSGALG00010014779	ENSGALG00010014779
EVA1B	EVA1B
ENSGALG00010014781	ENSGALG00010014781
ENSGALG00010014782	ENSGALG00010014782
ENSGALG00010014783	ENSGALG00010014783
ENSGALG00010014784	ENSGALG00010014784
ENSGALG00010014785	ENSGALG00010014785
ENSGALG00010014786	ENSGALG00010014786
ENSGALG00010014787	ENSGALG00010014787
ENSGALG00010014788	ENSGALG00010014788
F7	F7
ENSGALG00010014790	ENSGALG00010014790
ENSGALG00010014791	ENSGALG00010014791
ENSGALG00010014792	ENSGALG00010014792
TLR2A	TLR2A
ENSGALG00010014794	ENSGALG00010014794
THRAP3	THRAP3
PRLR	PRLR
ZDHHC9	ZDHHC9
ENSGALG00010014798	ENSGALG00010014798
BlSK1	BlSK1
ENSGALG00010014800	ENSGALG00010014800
MPST	MPST
ENSGALG00010014802	ENSGALG00010014802
ENSGALG00010014803	ENSGALG00010014803
ENSGALG00010014804	ENSGALG00010014804
SPEF2	SPEF2
MAP7D1	MAP7D1
HES1	HES1
ENSGALG00010014808	ENSGALG00010014808
ENSGALG00010014809	ENSGALG00010014809
ENTREP1	ENTREP1
ENSGALG00010014811	ENSGALG00010014811
RWDD1	RWDD1
SASH3	SASH3
ENSGALG00010014814	ENSGALG00010014814
ENSGALG00010014815	ENSGALG00010014815
TST	TST
RNaseP_nuc	RNaseP_nuc
ENSGALG00010014818	ENSGALG00010014818
SNORD24 - ENSGALG00010014819	SNORD24 - ENSGALG00010014819
SNORD79	SNORD79
C3AR1L	C3AR1L
ENSGALG00010014822	ENSGALG00010014822
ENSGALG00010014823	ENSGALG00010014823
ANXA6	ANXA6
ENSGALG00010014825	ENSGALG00010014825
ENSGALG00010014826	ENSGALG00010014826
ENSGALG00010014827	ENSGALG00010014827
SCARNA3	SCARNA3
ENSGALG00010014829	ENSGALG00010014829
TRAPPC3L	TRAPPC3L
VAPB	VAPB
SNORD81	SNORD81
ENSGALG00010014833	ENSGALG00010014833
ENSGALG00010014834	ENSGALG00010014834
ENSGALG00010014835	ENSGALG00010014835
ENSGALG00010014836	ENSGALG00010014836
APBA1	APBA1
ENSGALG00010014838	ENSGALG00010014838
TM7SF3	TM7SF3
NCF4	NCF4
gga-mir-1721	gga-mir-1721
ENSGALG00010014842	ENSGALG00010014842
ENSGALG00010014843	ENSGALG00010014843
gga-mir-199-2	gga-mir-199-2
ENSGALG00010014845	ENSGALG00010014845
gga-mir-214	gga-mir-214
PAICS	PAICS
gga-mir-1633	gga-mir-1633
gga-mir-181b-1	gga-mir-181b-1
ENSGALG00010014850	ENSGALG00010014850
FAM26D	FAM26D
ENSGALG00010014852	ENSGALG00010014852
ENSGALG00010014853	ENSGALG00010014853
gga-mir-1655	gga-mir-1655
gga-mir-181a-1	gga-mir-181a-1
MMGT1	MMGT1
gga-mir-6665	gga-mir-6665
ENSGALG00010014858	ENSGALG00010014858
TRAPPC3	TRAPPC3
ENSGALG00010014860	ENSGALG00010014860
MED21	MED21
ENSGALG00010014862	ENSGALG00010014862
ENSGALG00010014863	ENSGALG00010014863
ENSGALG00010014864	ENSGALG00010014864
TLR2	TLR2
FAM26E	FAM26E
TP63	TP63
ENSGALG00010014868	ENSGALG00010014868
ENSGALG00010014869	ENSGALG00010014869
ENSGALG00010014870	ENSGALG00010014870
ENSGALG00010014871	ENSGALG00010014871
U1 - ENSGALG00010014872	U1 - ENSGALG00010014872
FAM26F	FAM26F
ENSGALG00010014874	ENSGALG00010014874
MIRLET7I	MIRLET7I
ENSGALG00010014876	ENSGALG00010014876
GOLPH3	GOLPH3
TMCO1	TMCO1
ENSGALG00010014879	ENSGALG00010014879
SFRP2	SFRP2
ENSGALG00010014881	ENSGALG00010014881
XPNPEP2	XPNPEP2
PPAT	PPAT
TMEM121B	TMEM121B
ENSGALG00010014885	ENSGALG00010014885
RABGAP1L	RABGAP1L
MTMR12	MTMR12
ENSGALG00010014888	ENSGALG00010014888
PVALB	PVALB
ENSGALG00010014890	ENSGALG00010014890
ENSGALG00010014891	ENSGALG00010014891
ENSGALG00010014892	ENSGALG00010014892
SLC9A6	SLC9A6
RAB22A	RAB22A
ENSGALG00010014895	ENSGALG00010014895
ENSGALG00010014896	ENSGALG00010014896
COL8A2	COL8A2
ENSGALG00010014898	ENSGALG00010014898
U1 - ENSGALG00010014899	U1 - ENSGALG00010014899
UBLCP1	UBLCP1
ENSGALG00010014901	ENSGALG00010014901
AASDH	AASDH
MCF2L	MCF2L
CAPZA3	CAPZA3
TEKT2	TEKT2
IFT27	IFT27
ENSGALG00010014907	ENSGALG00010014907
ENSGALG00010014908	ENSGALG00010014908
FBXL14	FBXL14
CACNG2	CACNG2
ENSGALG00010014911	ENSGALG00010014911
PDCD1	PDCD1
ENSGALG00010014913	ENSGALG00010014913
PTAR1	PTAR1
ENSGALG00010014915	ENSGALG00010014915
DYNLT2B	DYNLT2B
EIF3D	EIF3D
PLRG1	PLRG1
ENSGALG00010014919	ENSGALG00010014919
ENSGALG00010014920	ENSGALG00010014920
ENSGALG00010014921	ENSGALG00010014921
MAN1A1	MAN1A1
CIMIP1	CIMIP1
ENSGALG00010014924	ENSGALG00010014924
ENSGALG00010014925	ENSGALG00010014925
ENSGALG00010014926	ENSGALG00010014926
ENSGALG00010014927	ENSGALG00010014927
SUCO	SUCO
FHL1	FHL1
ENSGALG00010014930	ENSGALG00010014930
RNF145	RNF145
ENSGALG00010014932	ENSGALG00010014932
ENSGALG00010014933	ENSGALG00010014933
MAMDC2	MAMDC2
PCYT1A	PCYT1A
FOXRED2	FOXRED2
ENSGALG00010014937	ENSGALG00010014937
ENSGALG00010014938	ENSGALG00010014938
ENSGALG00010014939	ENSGALG00010014939
VAMP4	VAMP4
ENSGALG00010014941	ENSGALG00010014941
PMEPA1	PMEPA1
APLN	APLN
FGB	FGB
TXN2	TXN2
PCK1	PCK1
ENSGALG00010014947	ENSGALG00010014947
RBM38	RBM38
AGO3	AGO3
ENSGALG00010014950	ENSGALG00010014950
ENSGALG00010014951	ENSGALG00010014951
C7H21orf58	C7H21orf58
ENSGALG00010014953	ENSGALG00010014953
ENSGALG00010014954	ENSGALG00010014954
ENSGALG00010014955	ENSGALG00010014955
FGG	FGG
ENSGALG00010014957	ENSGALG00010014957
ENSGALG00010014958	ENSGALG00010014958
ENSGALG00010014959	ENSGALG00010014959
ENSGALG00010014960	ENSGALG00010014960
ENSGALG00010014961	ENSGALG00010014961
ENSGALG00010014962	ENSGALG00010014962
KMO	KMO
ENSGALG00010014964	ENSGALG00010014964
ABHD13	ABHD13
ENSGALG00010014966	ENSGALG00010014966
HNRNPH1	HNRNPH1
ENSGALG00010014968	ENSGALG00010014968
ENSGALG00010014969	ENSGALG00010014969
SLC51A	SLC51A
SMC5	SMC5
FGA	FGA
ENSGALG00010014973	ENSGALG00010014973
LIG4	LIG4
ENSGALG00010014975	ENSGALG00010014975
ITGB2	ITGB2
ENSGALG00010014977	ENSGALG00010014977
ENSGALG00010014978	ENSGALG00010014978
ENSGALG00010014979	ENSGALG00010014979
ENSGALG00010014980	ENSGALG00010014980
ENSGALG00010014981	ENSGALG00010014981
ENSGALG00010014982	ENSGALG00010014982
ENSGALG00010014983	ENSGALG00010014983
LPP	LPP
ENSGALG00010014985	ENSGALG00010014985
ENSGALG00010014986	ENSGALG00010014986
KLF9	KLF9
ENSGALG00010014988	ENSGALG00010014988
ENSGALG00010014989	ENSGALG00010014989
AGO1	AGO1
ENSGALG00010014991	ENSGALG00010014991
ARL15	ARL15
ENSGALG00010014993	ENSGALG00010014993
ENSGALG00010014994	ENSGALG00010014994
LRAT	LRAT
ENSGALG00010014996	ENSGALG00010014996
RAE1	RAE1
NALF1	NALF1
ENSGALG00010014999	ENSGALG00010014999
ENSGALG00010015000	ENSGALG00010015000
ENSGALG00010015001	ENSGALG00010015001
ADAM19	ADAM19
ENSGALG00010015003	ENSGALG00010015003
ENSGALG00010015004	ENSGALG00010015004
ENSGALG00010015005	ENSGALG00010015005
HSPB3	HSPB3
ENSGALG00010015007	ENSGALG00010015007
ENSGALG00010015008	ENSGALG00010015008
AGO4	AGO4
ENSGALG00010015010	ENSGALG00010015010
ENSGALG00010015011	ENSGALG00010015011
ENSGALG00010015012	ENSGALG00010015012
SNX18	SNX18
ENSGALG00010015014	ENSGALG00010015014
ENSGALG00010015015	ENSGALG00010015015
ARGLU1	ARGLU1
FAM184A	FAM184A
MAP7D3	MAP7D3
ENSGALG00010015019	ENSGALG00010015019
NIPAL4	NIPAL4
RBM46	RBM46
ENSGALG00010015022	ENSGALG00010015022
ENSGALG00010015023	ENSGALG00010015023
CRACD	CRACD
TRAF3IP1	TRAF3IP1
SPO11	SPO11
CLSPN	CLSPN
MCM9	MCM9
TFRC	TFRC
ENSGALG00010015030	ENSGALG00010015030
MYH9	MYH9
C1orf216	C1orf216
BMP7	BMP7
ENSGALG00010015034	ENSGALG00010015034
SLC35F1	SLC35F1
ENSGALG00010015036	ENSGALG00010015036
CYFIP2	CYFIP2
PCSK5	PCSK5
FAM114A1	FAM114A1
ZC4H2	ZC4H2
TFAP2C	TFAP2C
EFNB2	EFNB2
COQ10B	COQ10B
ZC3H12B	ZC3H12B
ENSGALG00010015045	ENSGALG00010015045
PSMB2	PSMB2
NPY2R	NPY2R
ENSGALG00010015048	ENSGALG00010015048
DCK2	DCK2
HIVEP3	HIVEP3
ENSGALG00010015051	ENSGALG00010015051
ENSGALG00010015052	ENSGALG00010015052
ENSGALG00010015053	ENSGALG00010015053
ENSGALG00010015054	ENSGALG00010015054
ZNF335	ZNF335
ENSGALG00010015056	ENSGALG00010015056
LAS1L	LAS1L
ENSGALG00010015058	ENSGALG00010015058
ENSGALG00010015059	ENSGALG00010015059
ENSGALG00010015060	ENSGALG00010015060
MMP9	MMP9
ENSGALG00010015062	ENSGALG00010015062
EEF1AKMT4	EEF1AKMT4
RFK	RFK
F11	F11
RUFY1	RUFY1
ENSGALG00010015067	ENSGALG00010015067
ESM1	ESM1
HSPD1	HSPD1
EDN2	EDN2
SNAI1	SNAI1
MAP9	MAP9
SOX3	SOX3
FNDC9	FNDC9
ENSGALG00010015075	ENSGALG00010015075
ITK	ITK
ENSGALG00010015077	ENSGALG00010015077
GABRQ	GABRQ
ENSGALG00010015079	ENSGALG00010015079
ASF1A	ASF1A
ENSGALG00010015081	ENSGALG00010015081
ENSGALG00010015082	ENSGALG00010015082
CEP135	CEP135
FOXO6	FOXO6
PSMD2	PSMD2
FOXN3	FOXN3
GABRA3	GABRA3
ENSGALG00010015088	ENSGALG00010015088
ENSGALG00010015089	ENSGALG00010015089
GZMA	GZMA
MSN	MSN
HSPE1	HSPE1
ENSGALG00010015093	ENSGALG00010015093
CDK5RAP1	CDK5RAP1
RBFOX2	RBFOX2
GABRE	GABRE
MFSD2A	MFSD2A
HAVCR1	HAVCR1
ENSGALG00010015099	ENSGALG00010015099
MOB4	MOB4
CAP1	CAP1
ENSGALG00010015102	ENSGALG00010015102
ITPK1 - ENSGALG00010015103	ITPK1 - ENSGALG00010015103
CNGA2	CNGA2
ENSGALG00010015105	ENSGALG00010015105
ENSGALG00010015106	ENSGALG00010015106
MB	MB
ENSGALG00010015108	ENSGALG00010015108
PPT1	PPT1
ENSGALG00010015110	ENSGALG00010015110
ADAMTS2	ADAMTS2
CBLN3	CBLN3
ENSGALG00010015113	ENSGALG00010015113
CDC20B	CDC20B
CLDN2	CLDN2
ENSGALG00010015116	ENSGALG00010015116
RASD2	RASD2
GPX8	GPX8
TLR1A	TLR1A
ENSGALG00010015120	ENSGALG00010015120
UNC79	UNC79
ENSGALG00010015122	ENSGALG00010015122
CEP85L	CEP85L
UXS1	UXS1
ENSGALG00010015125	ENSGALG00010015125
MCM5	MCM5
RPL11	RPL11
OCRL	OCRL
PRRG3	PRRG3
ENSGALG00010015130	ENSGALG00010015130
DOK5	DOK5
GCNT1	GCNT1
RFTN2	RFTN2
PLN	PLN
RIPPLY1	RIPPLY1
TCEB3	TCEB3
AMN	AMN
ENSGALG00010015138	ENSGALG00010015138
ENSGALG00010015139	ENSGALG00010015139
ASCC3	ASCC3
PFDN4	PFDN4
HNRNPAB	HNRNPAB
EXOC1	EXOC1
FOXB2	FOXB2
CLIC2	CLIC2
TNK2	TNK2
ENSGALG00010015147	ENSGALG00010015147
ENSGALG00010015148	ENSGALG00010015148
ENSGALG00010015149	ENSGALG00010015149
gga-mir-7451	gga-mir-7451
ENSGALG00010015151	ENSGALG00010015151
BOLL	BOLL
ERCC6L	ERCC6L
CYP24A1	CYP24A1
HMOX1	HMOX1
CNOT6	CNOT6
CDC42BPB	CDC42BPB
PIN4	PIN4
ENSGALG00010015159	ENSGALG00010015159
SIM1	SIM1
GFPT2	GFPT2
SLCO1C1	SLCO1C1
PLK2	PLK2
ENSGALG00010015164	ENSGALG00010015164
KLF3	KLF3
YTHDF2	YTHDF2
RAB3C	RAB3C
GPR6	GPR6
ENSGALG00010015169	ENSGALG00010015169
EXOC1L	EXOC1L
NHSL2	NHSL2
PPP4R3A	PPP4R3A
ENS-1	ENS-1
ST6GAL2	ST6GAL2
MAPK9	MAPK9
ENSGALG00010015176	ENSGALG00010015176
TC2N	TC2N
ENSGALG00010015178	ENSGALG00010015178
ENSGALG00010015179	ENSGALG00010015179
PITHD1	PITHD1
VPS13A	VPS13A
PHYKPL	PHYKPL
SLC5A7	SLC5A7
ENSGALG00010015184	ENSGALG00010015184
ENSGALG00010015185	ENSGALG00010015185
ENSGALG00010015186	ENSGALG00010015186
ENSGALG00010015187	ENSGALG00010015187
SULT1C3	SULT1C3
ENSGALG00010015189	ENSGALG00010015189
FBLN5	FBLN5
TOM1	TOM1
ENSGALG00010015192	ENSGALG00010015192
LYPLA2	LYPLA2
TMLHE	TMLHE
ENSGALG00010015195	ENSGALG00010015195
PDE4D	PDE4D
ENSGALG00010015197	ENSGALG00010015197
NME5	NME5
ENSGALG00010015199	ENSGALG00010015199
TBC1D1	TBC1D1
GCC2	GCC2
ENSGALG00010015202	ENSGALG00010015202
HMGXB4	HMGXB4
ENSGALG00010015204	ENSGALG00010015204
BPIFB3	BPIFB3
ENSGALG00010015206	ENSGALG00010015206
AKR1E2	AKR1E2
GNA14	GNA14
ENSGALG00010015209	ENSGALG00010015209
ENSGALG00010015210	ENSGALG00010015210
ENSGALG00010015211	ENSGALG00010015211
GNAQ	GNAQ
RUBCN	RUBCN
ENSGALG00010015214	ENSGALG00010015214
ENSGALG00010015215	ENSGALG00010015215
ENSGALG00010015216	ENSGALG00010015216
ENSGALG00010015217	ENSGALG00010015217
PLCL1	PLCL1
ENSGALG00010015219	ENSGALG00010015219
ENSGALG00010015220	ENSGALG00010015220
ENSGALG00010015221	ENSGALG00010015221
ENSGALG00010015222	ENSGALG00010015222
ENSGALG00010015223	ENSGALG00010015223
ENSGALG00010015224	ENSGALG00010015224
ENSGALG00010015225	ENSGALG00010015225
ENSGALG00010015226	ENSGALG00010015226
FYTTD1	FYTTD1
ENSGALG00010015228	ENSGALG00010015228
ENSGALG00010015229	ENSGALG00010015229
ENSGALG00010015230	ENSGALG00010015230
ENSGALG00010015231	ENSGALG00010015231
ENSGALG00010015232	ENSGALG00010015232
ENSGALG00010015233	ENSGALG00010015233
TRIP11	TRIP11
ENSGALG00010015235	ENSGALG00010015235
ENSGALG00010015236	ENSGALG00010015236
ENSGALG00010015237	ENSGALG00010015237
ENSGALG00010015238	ENSGALG00010015238
ENSGALG00010015239	ENSGALG00010015239
ENSGALG00010015240	ENSGALG00010015240
ENSGALG00010015241	ENSGALG00010015241
ENSGALG00010015242	ENSGALG00010015242
ENSGALG00010015243	ENSGALG00010015243
ENSGALG00010015244	ENSGALG00010015244
ENSGALG00010015245	ENSGALG00010015245
ENSGALG00010015246	ENSGALG00010015246
ENSGALG00010015247	ENSGALG00010015247
ENSGALG00010015248	ENSGALG00010015248
ENSGALG00010015249	ENSGALG00010015249
RORB	RORB
ENSGALG00010015251	ENSGALG00010015251
ENSGALG00010015252	ENSGALG00010015252
ENSGALG00010015253	ENSGALG00010015253
ENSGALG00010015254	ENSGALG00010015254
ENSGALG00010015255	ENSGALG00010015255
ENSGALG00010015256	ENSGALG00010015256
ISX	ISX
ENSGALG00010015258	ENSGALG00010015258
ENSGALG00010015259	ENSGALG00010015259
RASGEF1C	RASGEF1C
IQCG	IQCG
ENSGALG00010015262	ENSGALG00010015262
ENSGALG00010015263	ENSGALG00010015263
ENSGALG00010015264	ENSGALG00010015264
ENSGALG00010015265	ENSGALG00010015265
ENSGALG00010015266	ENSGALG00010015266
ENSGALG00010015267	ENSGALG00010015267
ENSGALG00010015268	ENSGALG00010015268
ENSGALG00010015269	ENSGALG00010015269
ENSGALG00010015270	ENSGALG00010015270
ENSGALG00010015271	ENSGALG00010015271
ENSGALG00010015272	ENSGALG00010015272
ENSGALG00010015273	ENSGALG00010015273
ENSGALG00010015274	ENSGALG00010015274
ENSGALG00010015275	ENSGALG00010015275
ENSGALG00010015276	ENSGALG00010015276
ENSGALG00010015277	ENSGALG00010015277
WNT8A	WNT8A
ENSGALG00010015279	ENSGALG00010015279
ENSGALG00010015280	ENSGALG00010015280
ENSGALG00010015281	ENSGALG00010015281
ENSGALG00010015282	ENSGALG00010015282
TMSB4Y	TMSB4Y
ENSGALG00010015284	ENSGALG00010015284
ALG13	ALG13
ENSGALG00010015286	ENSGALG00010015286
ENSGALG00010015287	ENSGALG00010015287
ENSGALG00010015288	ENSGALG00010015288
ENSGALG00010015289	ENSGALG00010015289
ENSGALG00010015290	ENSGALG00010015290
ZFP64	ZFP64
ENSGALG00010015292	ENSGALG00010015292
ENSGALG00010015293	ENSGALG00010015293
ENSGALG00010015294	ENSGALG00010015294
ENSGALG00010015295	ENSGALG00010015295
RPL35A	RPL35A
ENSGALG00010015297	ENSGALG00010015297
EVA1CL	EVA1CL
GALE	GALE
ATXN3	ATXN3
ENSGALG00010015301	ENSGALG00010015301
ENSGALG00010015302	ENSGALG00010015302
ENSGALG00010015303	ENSGALG00010015303
ENSGALG00010015304	ENSGALG00010015304
ENSGALG00010015305	ENSGALG00010015305
BCAT1	BCAT1
ENSGALG00010015307	ENSGALG00010015307
ENSGALG00010015308	ENSGALG00010015308
ENSGALG00010015309	ENSGALG00010015309
PGM2	PGM2
ENSGALG00010015311	ENSGALG00010015311
ENSGALG00010015312	ENSGALG00010015312
ENSGALG00010015313	ENSGALG00010015313
GMEB1	GMEB1
ENSGALG00010015315	ENSGALG00010015315
ENSGALG00010015316	ENSGALG00010015316
ENSGALG00010015317	ENSGALG00010015317
SALL4	SALL4
ENSGALG00010015319	ENSGALG00010015319
TRPM6	TRPM6
ENSGALG00010015321	ENSGALG00010015321
ENSGALG00010015322	ENSGALG00010015322
ENSGALG00010015323	ENSGALG00010015323
ENSGALG00010015324	ENSGALG00010015324
ENSGALG00010015325	ENSGALG00010015325
ENSGALG00010015326	ENSGALG00010015326
LARGE1	LARGE1
ENSGALG00010015328	ENSGALG00010015328
ENSGALG00010015329	ENSGALG00010015329
ENSGALG00010015330	ENSGALG00010015330
ENSGALG00010015331	ENSGALG00010015331
ENSGALG00010015332	ENSGALG00010015332
MED7	MED7
ENSGALG00010015334	ENSGALG00010015334
ENSGALG00010015335	ENSGALG00010015335
ENSGALG00010015336	ENSGALG00010015336
ENSGALG00010015337	ENSGALG00010015337
ENSGALG00010015338	ENSGALG00010015338
ENSGALG00010015339	ENSGALG00010015339
ENSGALG00010015340	ENSGALG00010015340
ENSGALG00010015341	ENSGALG00010015341
ENSGALG00010015342	ENSGALG00010015342
ENSGALG00010015343	ENSGALG00010015343
ENSGALG00010015344	ENSGALG00010015344
ENSGALG00010015345	ENSGALG00010015345
ENSGALG00010015346	ENSGALG00010015346
ENSGALG00010015347	ENSGALG00010015347
CPSF2	CPSF2
ENSGALG00010015349	ENSGALG00010015349
ENSGALG00010015350	ENSGALG00010015350
ENSGALG00010015351	ENSGALG00010015351
ENSGALG00010015352	ENSGALG00010015352
RELL1	RELL1
ENSGALG00010015354	ENSGALG00010015354
ENSGALG00010015355	ENSGALG00010015355
ENSGALG00010015356	ENSGALG00010015356
ENSGALG00010015357	ENSGALG00010015357
ENSGALG00010015358	ENSGALG00010015358
ENSGALG00010015359	ENSGALG00010015359
ENSGALG00010015360	ENSGALG00010015360
ENSGALG00010015361	ENSGALG00010015361
ATP9A	ATP9A
ENSGALG00010015363	ENSGALG00010015363
CLOCK	CLOCK
ENSGALG00010015365	ENSGALG00010015365
ENSGALG00010015366	ENSGALG00010015366
ENSGALG00010015367	ENSGALG00010015367
ENSGALG00010015368	ENSGALG00010015368
ENSGALG00010015369	ENSGALG00010015369
ENSGALG00010015370	ENSGALG00010015370
ENSGALG00010015371	ENSGALG00010015371
ENSGALG00010015372	ENSGALG00010015372
ENSGALG00010015373	ENSGALG00010015373
LIMS1	LIMS1
ENSGALG00010015375	ENSGALG00010015375
ENSGALG00010015376	ENSGALG00010015376
ENSGALG00010015377	ENSGALG00010015377
ENSGALG00010015378	ENSGALG00010015378
ENSGALG00010015379	ENSGALG00010015379
ENSGALG00010015380	ENSGALG00010015380
ENSGALG00010015381	ENSGALG00010015381
ENSGALG00010015382	ENSGALG00010015382
ENSGALG00010015383	ENSGALG00010015383
TAF12	TAF12
ENSGALG00010015385	ENSGALG00010015385
SLC24A4	SLC24A4
ENSGALG00010015387	ENSGALG00010015387
PSMD1	PSMD1
ENSGALG00010015389	ENSGALG00010015389
CCNB3	CCNB3
SYN3	SYN3
TMEM165	TMEM165
DCX	DCX
ENSGALG00010015394	ENSGALG00010015394
ENSGALG00010015395	ENSGALG00010015395
ENSGALG00010015396	ENSGALG00010015396
SRD5A3	SRD5A3
ENSGALG00010015398	ENSGALG00010015398
ENSGALG00010015399	ENSGALG00010015399
ENSGALG00010015400	ENSGALG00010015400
ENSGALG00010015401	ENSGALG00010015401
ENSGALG00010015402	ENSGALG00010015402
ENSGALG00010015403	ENSGALG00010015403
BEND4	BEND4
ENSGALG00010015405	ENSGALG00010015405
ENSGALG00010015406	ENSGALG00010015406
TIMP3	TIMP3
ENSGALG00010015408	ENSGALG00010015408
FAM13B	FAM13B
HTR2B	HTR2B
ENSGALG00010015411	ENSGALG00010015411
ENSGALG00010015412	ENSGALG00010015412
CARNMT1	CARNMT1
ENSGALG00010015414	ENSGALG00010015414
ENSGALG00010015415	ENSGALG00010015415
CAPN6	CAPN6
ENSGALG00010015417	ENSGALG00010015417
ENSGALG00010015418	ENSGALG00010015418
ENSGALG00010015419	ENSGALG00010015419
ENSGALG00010015420	ENSGALG00010015420
ENSGALG00010015421	ENSGALG00010015421
DGKK	DGKK
ENSGALG00010015423	ENSGALG00010015423
ENSGALG00010015424	ENSGALG00010015424
ENSGALG00010015425	ENSGALG00010015425
ENSGALG00010015426	ENSGALG00010015426
ENSGALG00010015427	ENSGALG00010015427
ENSGALG00010015428	ENSGALG00010015428
ENSGALG00010015429	ENSGALG00010015429
HMGCL	HMGCL
RIN3	RIN3
ENSGALG00010015432	ENSGALG00010015432
ENSGALG00010015433	ENSGALG00010015433
ENSGALG00010015434	ENSGALG00010015434
ENSGALG00010015435	ENSGALG00010015435
SLC30A9	SLC30A9
ENSGALG00010015437	ENSGALG00010015437
ENSGALG00010015438	ENSGALG00010015438
ENSGALG00010015439	ENSGALG00010015439
ENSGALG00010015440	ENSGALG00010015440
ENSGALG00010015441	ENSGALG00010015441
ENSGALG00010015442	ENSGALG00010015442
PAK3	PAK3
ENSGALG00010015444	ENSGALG00010015444
ENSGALG00010015445	ENSGALG00010015445
ENSGALG00010015446	ENSGALG00010015446
ENSGALG00010015447	ENSGALG00010015447
ENSGALG00010015448	ENSGALG00010015448
HDX	HDX
ENSGALG00010015450	ENSGALG00010015450
ENSGALG00010015451	ENSGALG00010015451
ENSGALG00010015452	ENSGALG00010015452
ENSGALG00010015453	ENSGALG00010015453
ENSGALG00010015454	ENSGALG00010015454
ENSGALG00010015455	ENSGALG00010015455
ENSGALG00010015456	ENSGALG00010015456
ENSGALG00010015457	ENSGALG00010015457
ENSGALG00010015458	ENSGALG00010015458
ENSGALG00010015459	ENSGALG00010015459
ENSGALG00010015460	ENSGALG00010015460
ENSGALG00010015461	ENSGALG00010015461
ENSGALG00010015462	ENSGALG00010015462
ENSGALG00010015463	ENSGALG00010015463
ENSGALG00010015464	ENSGALG00010015464
ENSGALG00010015465	ENSGALG00010015465
NMRK1	NMRK1
ENSGALG00010015467	ENSGALG00010015467
ENSGALG00010015468	ENSGALG00010015468
TMEM33	TMEM33
ENSGALG00010015470	ENSGALG00010015470
ENSGALG00010015471	ENSGALG00010015471
LGMN	LGMN
ENSGALG00010015473	ENSGALG00010015473
PHOX2B	PHOX2B
ENSGALG00010015475	ENSGALG00010015475
ENSGALG00010015476	ENSGALG00010015476
ARMC9	ARMC9
FBXO7	FBXO7
ENSGALG00010015479	ENSGALG00010015479
ENSGALG00010015480	ENSGALG00010015480
GOLGA5	GOLGA5
ENSGALG00010015482	ENSGALG00010015482
SGCD	SGCD
ENSGALG00010015484	ENSGALG00010015484
BCAS1	BCAS1
MTFR1L	MTFR1L
RPS6KA6	RPS6KA6
ENSGALG00010015488	ENSGALG00010015488
ENSGALG00010015489	ENSGALG00010015489
ENSGALG00010015490	ENSGALG00010015490
ENSGALG00010015491	ENSGALG00010015491
ENSGALG00010015492	ENSGALG00010015492
OSTF1	OSTF1
CHRDL1	CHRDL1
ENSGALG00010015495	ENSGALG00010015495
ENSGALG00010015496	ENSGALG00010015496
ENSGALG00010015497	ENSGALG00010015497
MID2	MID2
ENSGALG00010015499	ENSGALG00010015499
ENSGALG00010015500	ENSGALG00010015500
ENSGALG00010015501	ENSGALG00010015501
BPIFB6	BPIFB6
ENSGALG00010015503	ENSGALG00010015503
ENSGALG00010015504	ENSGALG00010015504
CHGA	CHGA
ENSGALG00010015506	ENSGALG00010015506
AMMECR1	AMMECR1
FUCA1	FUCA1
ENSGALG00010015509	ENSGALG00010015509
ENSGALG00010015510	ENSGALG00010015510
BPIFB4	BPIFB4
ENSGALG00010015512	ENSGALG00010015512
ENSGALG00010015513	ENSGALG00010015513
ENSGALG00010015514	ENSGALG00010015514
BPIFCB	BPIFCB
SELENON	SELENON
ENSGALG00010015517	ENSGALG00010015517
ENSGALG00010015518	ENSGALG00010015518
ENSGALG00010015519	ENSGALG00010015519
UBE3A	UBE3A
DKC1	DKC1
ENSGALG00010015522	ENSGALG00010015522
MRPL22	MRPL22
CNR2	CNR2
ENSGALG00010015525	ENSGALG00010015525
ENSGALG00010015526	ENSGALG00010015526
ENSGALG00010015527	ENSGALG00010015527
ENSGALG00010015528	ENSGALG00010015528
ENSGALG00010015529	ENSGALG00010015529
ENSGALG00010015530	ENSGALG00010015530
ENSGALG00010015531	ENSGALG00010015531
NXT2	NXT2
PSAT1	PSAT1
ENSGALG00010015534	ENSGALG00010015534
ENSGALG00010015535	ENSGALG00010015535
ENSGALG00010015536	ENSGALG00010015536
ENSGALG00010015537	ENSGALG00010015537
ENSGALG00010015538	ENSGALG00010015538
ENSGALG00010015539	ENSGALG00010015539
ACSL4	ACSL4
RASEF	RASEF
CNGA3	CNGA3
ENSGALG00010015543	ENSGALG00010015543
RTCB	RTCB
ENSGALG00010015545	ENSGALG00010015545
ENSGALG00010015546	ENSGALG00010015546
ENSGALG00010015547	ENSGALG00010015547
ENSGALG00010015548	ENSGALG00010015548
ENSGALG00010015549	ENSGALG00010015549
ENSGALG00010015550	ENSGALG00010015550
VWA3B	VWA3B
ENSGALG00010015552	ENSGALG00010015552
ASCL4	ASCL4
ENSGALG00010015554	ENSGALG00010015554
PNRC2	PNRC2
ENSGALG00010015556	ENSGALG00010015556
IRS4	IRS4
MPP1	MPP1
ENSGALG00010015559	ENSGALG00010015559
ENSGALG00010015560	ENSGALG00010015560
ENSGALG00010015561	ENSGALG00010015561
IRF9	IRF9
B3GNT7	B3GNT7
PKD2L2	PKD2L2
ITPK1 - ENSGALG00010015565	ITPK1 - ENSGALG00010015565
ENSGALG00010015566	ENSGALG00010015566
ENSGALG00010015567	ENSGALG00010015567
ENSGALG00010015568	ENSGALG00010015568
ENSGALG00010015569	ENSGALG00010015569
LIMCH1	LIMCH1
DUSP15	DUSP15
ENSGALG00010015572	ENSGALG00010015572
MAN1C1	MAN1C1
C14orf132	C14orf132
ENSGALG00010015575	ENSGALG00010015575
ENSGALG00010015576	ENSGALG00010015576
ENSGALG00010015577	ENSGALG00010015577
ENSGALG00010015578	ENSGALG00010015578
ENSGALG00010015579	ENSGALG00010015579
GEMIN5	GEMIN5
ENSGALG00010015581	ENSGALG00010015581
ENSGALG00010015582	ENSGALG00010015582
PRDM4	PRDM4
TTLL9	TTLL9
BDKRB1	BDKRB1
ENSGALG00010015586	ENSGALG00010015586
ENSGALG00010015587	ENSGALG00010015587
BDKRB2	BDKRB2
FRMD3	FRMD3
SNORA66	SNORA66
U1 - ENSGALG00010015591	U1 - ENSGALG00010015591
ENSGALG00010015592	ENSGALG00010015592
ENSGALG00010015593	ENSGALG00010015593
SNORD72	SNORD72
U2 - ENSGALG00010015595	U2 - ENSGALG00010015595
UCHL1	UCHL1
gga-mir-449b	gga-mir-449b
ENSGALG00010015598	ENSGALG00010015598
ENSGALG00010015599	ENSGALG00010015599
ENSGALG00010015600	ENSGALG00010015600
gga-mir-1584	gga-mir-1584
gga-mir-1631	gga-mir-1631
ENSGALG00010015603	ENSGALG00010015603
gga-mir-449d	gga-mir-449d
LDLRAP1	LDLRAP1
TMEM131	TMEM131
gga-mir-6613	gga-mir-6613
ENSGALG00010015608	ENSGALG00010015608
ENSGALG00010015609	ENSGALG00010015609
ENSGALG00010015610	ENSGALG00010015610
gga-mir-449c	gga-mir-449c
ENSGALG00010015612	ENSGALG00010015612
PWP1	PWP1
ATG2A	ATG2A
ENSGALG00010015615	ENSGALG00010015615
NADK2	NADK2
SRSF10	SRSF10
NCL	NCL
ENSGALG00010015619	ENSGALG00010015619
PDRG1	PDRG1
IDNK	IDNK
ENSGALG00010015622	ENSGALG00010015622
ENSGALG00010015623	ENSGALG00010015623
ITGA1	ITGA1
ENSGALG00010015625	ENSGALG00010015625
XKR7	XKR7
ENSGALG00010015627	ENSGALG00010015627
UBQLN1	UBQLN1
ENSGALG00010015629	ENSGALG00010015629
ENSGALG00010015630	ENSGALG00010015630
GSKIP	GSKIP
COL4A5	COL4A5
CCM2L	CCM2L
ENSGALG00010015634	ENSGALG00010015634
ABTB3	ABTB3
APBB2	APBB2
ENSGALG00010015637	ENSGALG00010015637
ENSGALG00010015638	ENSGALG00010015638
ENSGALG00010015639	ENSGALG00010015639
ENSGALG00010015640	ENSGALG00010015640
ENSGALG00010015641	ENSGALG00010015641
ENSGALG00010015642	ENSGALG00010015642
ENSGALG00010015643	ENSGALG00010015643
ENSGALG00010015644	ENSGALG00010015644
TMEM57	TMEM57
ENSGALG00010015646	ENSGALG00010015646
PDZD2	PDZD2
ENSGALG00010015648	ENSGALG00010015648
ENSGALG00010015649	ENSGALG00010015649
ENSGALG00010015650	ENSGALG00010015650
ENSGALG00010015651	ENSGALG00010015651
ENSGALG00010015652	ENSGALG00010015652
HCK	HCK
ENSGALG00010015654	ENSGALG00010015654
ENSGALG00010015655	ENSGALG00010015655
ENSGALG00010015656	ENSGALG00010015656
NMUR1	NMUR1
ENSGALG00010015658	ENSGALG00010015658
ENSGALG00010015659	ENSGALG00010015659
KLHL3	KLHL3
ENSGALG00010015661	ENSGALG00010015661
ENSGALG00010015662	ENSGALG00010015662
AK7	AK7
NSUN7	NSUN7
ENSGALG00010015665	ENSGALG00010015665
ENSGALG00010015666	ENSGALG00010015666
ENSGALG00010015667	ENSGALG00010015667
ZNF217	ZNF217
INPP4A	INPP4A
PTMA	PTMA
ENSGALG00010015671	ENSGALG00010015671
ENSGALG00010015672	ENSGALG00010015672
ENSGALG00010015673	ENSGALG00010015673
RFKL	RFKL
ENSGALG00010015675	ENSGALG00010015675
TGM2	TGM2
GRHL3	GRHL3
ENSGALG00010015678	ENSGALG00010015678
ENSGALG00010015679	ENSGALG00010015679
FRG1BP	FRG1BP
ENSGALG00010015681	ENSGALG00010015681
ENSGALG00010015682	ENSGALG00010015682
ENSGALG00010015683	ENSGALG00010015683
PDE6D	PDE6D
ENSGALG00010015685	ENSGALG00010015685
CNOT8	CNOT8
gga-mir-1845	gga-mir-1845
gga-mir-1559	gga-mir-1559
ENSGALG00010015689	ENSGALG00010015689
gga-mir-1812	gga-mir-1812
EXOC3L4	EXOC3L4
ENSGALG00010015692	ENSGALG00010015692
COA5	COA5
ENSGALG00010015694	ENSGALG00010015694
ASAH1	ASAH1
ENSGALG00010015696	ENSGALG00010015696
FAXDC2	FAXDC2
TNFAIP2	TNFAIP2
ENSGALG00010015699	ENSGALG00010015699
ENSGALG00010015700	ENSGALG00010015700
UNC50	UNC50
ENSGALG00010015702	ENSGALG00010015702
GK5	GK5
ENSGALG00010015704	ENSGALG00010015704
NPY6R	NPY6R
ENSGALG00010015706	ENSGALG00010015706
ENSGALG00010015707	ENSGALG00010015707
ENSGALG00010015708	ENSGALG00010015708
RBMXL3	RBMXL3
ENSGALG00010015710	ENSGALG00010015710
LBFABP	LBFABP
ENSGALG00010015712	ENSGALG00010015712
ENSGALG00010015713	ENSGALG00010015713
ENSGALG00010015714	ENSGALG00010015714
ENSGALG00010015715	ENSGALG00010015715
MGAT4A	MGAT4A
ENSGALG00010015717	ENSGALG00010015717
ENSGALG00010015718	ENSGALG00010015718
XRN1	XRN1
ENSGALG00010015720	ENSGALG00010015720
ENSGALG00010015721	ENSGALG00010015721
ENSGALG00010015722	ENSGALG00010015722
ENSGALG00010015723	ENSGALG00010015723
ENSGALG00010015724	ENSGALG00010015724
ENSGALG00010015725	ENSGALG00010015725
ENSGALG00010015726	ENSGALG00010015726
ENSGALG00010015727	ENSGALG00010015727
ENSGALG00010015728	ENSGALG00010015728
RHCE	RHCE
ENSGALG00010015730	ENSGALG00010015730
PHF6	PHF6
ENSGALG00010015732	ENSGALG00010015732
COL4A6	COL4A6
TSHZ2	TSHZ2
ENSGALG00010015735	ENSGALG00010015735
ENSGALG00010015736	ENSGALG00010015736
ENSGALG00010015737	ENSGALG00010015737
CRACDL	CRACDL
ENSGALG00010015739	ENSGALG00010015739
ENSGALG00010015740	ENSGALG00010015740
ENSGALG00010015741	ENSGALG00010015741
HPRT1	HPRT1
ENSGALG00010015743	ENSGALG00010015743
ENSGALG00010015744	ENSGALG00010015744
ENSGALG00010015745	ENSGALG00010015745
PAPOLB	PAPOLB
ENSGALG00010015747	ENSGALG00010015747
ENSGALG00010015748	ENSGALG00010015748
ATR	ATR
ENSGALG00010015750	ENSGALG00010015750
MYOM3	MYOM3
ENSGALG00010015752	ENSGALG00010015752
RPRD1B	RPRD1B
ENSGALG00010015754	ENSGALG00010015754
ENSGALG00010015755	ENSGALG00010015755
PCM1	PCM1
ENSGALG00010015757	ENSGALG00010015757
PCDH19	PCDH19
EIF5	EIF5
ENSGALG00010015760	ENSGALG00010015760
ENSGALG00010015761	ENSGALG00010015761
ENSGALG00010015762	ENSGALG00010015762
ENSGALG00010015763	ENSGALG00010015763
TTI1	TTI1
ENSGALG00010015765	ENSGALG00010015765
TLE1	TLE1
ENSGALG00010015767	ENSGALG00010015767
ENSGALG00010015768	ENSGALG00010015768
TMEM50A	TMEM50A
ENSGALG00010015770	ENSGALG00010015770
ENSGALG00010015771	ENSGALG00010015771
TSGA10	TSGA10
gga-mir-199b	gga-mir-199b
PLS1	PLS1
ENSGALG00010015775	ENSGALG00010015775
SPOCK1	SPOCK1
ENSGALG00010015777	ENSGALG00010015777
PABIR3	PABIR3
ENSGALG00010015779	ENSGALG00010015779
ENSGALG00010015780	ENSGALG00010015780
ENSGALG00010015781	ENSGALG00010015781
ATG4A	ATG4A
ENSGALG00010015783	ENSGALG00010015783
ENSGALG00010015784	ENSGALG00010015784
FGL1A	FGL1A
ENSGALG00010015786	ENSGALG00010015786
ENSGALG00010015787	ENSGALG00010015787
TRPC1	TRPC1
ENSGALG00010015789	ENSGALG00010015789
ENSGALG00010015790	ENSGALG00010015790
ENSGALG00010015791	ENSGALG00010015791
MARK3	MARK3
RSRP1	RSRP1
ENSGALG00010015794	ENSGALG00010015794
PSMD10	PSMD10
LARP1	LARP1
PIP5K1B	PIP5K1B
IL22RA1	IL22RA1
ENSGALG00010015799	ENSGALG00010015799
BVES	BVES
VSTM2L	VSTM2L
TRPC7	TRPC7
SYF2	SYF2
CKB	CKB
ENSGALG00010015805	ENSGALG00010015805
ENSGALG00010015806	ENSGALG00010015806
IFNLR1 - ENSGALG00010015807	IFNLR1 - ENSGALG00010015807
ENSGALG00010015808	ENSGALG00010015808
PCOLCE2	PCOLCE2
LIPT1	LIPT1
CTNNBL1	CTNNBL1
ENSGALG00010015812	ENSGALG00010015812
ENSGALG00010015813	ENSGALG00010015813
PAQR9	PAQR9
VSIG1	VSIG1
MITD1	MITD1
ENSGALG00010015817	ENSGALG00010015817
ENSGALG00010015818	ENSGALG00010015818
ENSGALG00010015819	ENSGALG00010015819
ENSGALG00010015820	ENSGALG00010015820
ENSGALG00010015821	ENSGALG00010015821
WFDC2	WFDC2
SLC28A3	SLC28A3
ENSGALG00010015824	ENSGALG00010015824
RUNX3	RUNX3
ENSGALG00010015826	ENSGALG00010015826
ENSGALG00010015827	ENSGALG00010015827
ENSGALG00010015828	ENSGALG00010015828
SMAD5	SMAD5
ENSGALG00010015830	ENSGALG00010015830
LYG2	LYG2
RAB39B	RAB39B
ENSGALG00010015833	ENSGALG00010015833
STARD8	STARD8
HAND1	HAND1
ENSGALG00010015836	ENSGALG00010015836
GDA	GDA
IFNLR1 - ENSGALG00010015838	IFNLR1 - ENSGALG00010015838
U2SURP	U2SURP
MTUS1	MTUS1
ENSGALG00010015841	ENSGALG00010015841
ENSGALG00010015842	ENSGALG00010015842
RXFP2	RXFP2
ENSGALG00010015844	ENSGALG00010015844
SAP30L	SAP30L
ENSGALG00010015846	ENSGALG00010015846
ENSGALG00010015847	ENSGALG00010015847
UBE2B	UBE2B
ENSGALG00010015849	ENSGALG00010015849
ENSGALG00010015850	ENSGALG00010015850
ENSGALG00010015851	ENSGALG00010015851
ZFAND5	ZFAND5
ENSGALG00010015853	ENSGALG00010015853
ENSGALG00010015854	ENSGALG00010015854
NIPAL3	NIPAL3
TXNDC9	TXNDC9
ENSGALG00010015857	ENSGALG00010015857
CHST2	CHST2
ENSGALG00010015859	ENSGALG00010015859
ENSGALG00010015860	ENSGALG00010015860
PPP2CA	PPP2CA
PDGFRL	PDGFRL
ENSGALG00010015863	ENSGALG00010015863
ENSGALG00010015864	ENSGALG00010015864
VRK1	VRK1
ARHGEF6	ARHGEF6
ENSGALG00010015867	ENSGALG00010015867
ENSGALG00010015868	ENSGALG00010015868
SLC7A2	SLC7A2
EIF5B	EIF5B
ENSGALG00010015871	ENSGALG00010015871
TMC1	TMC1
ENSGALG00010015873	ENSGALG00010015873
CLIC4	CLIC4
DNTTIP1	DNTTIP1
SKP1	SKP1
REV1	REV1
SNORD83A	SNORD83A
TRMT61A	TRMT61A
gga-mir-1593	gga-mir-1593
GAB3	GAB3
gga-mir-12211	gga-mir-12211
gga-mir-1742	gga-mir-1742
gga-mir-7450 - ENSGALG00010015884	gga-mir-7450 - ENSGALG00010015884
gga-mir-7450 - ENSGALG00010015885	gga-mir-7450 - ENSGALG00010015885
AFF3	AFF3
SLC9A9	SLC9A9
gga-mir-6700	gga-mir-6700
SH3BP5	SH3BP5
gga-mir-490	gga-mir-490
gga-mir-12210	gga-mir-12210
UBE2U	UBE2U
TCF7	TCF7
CEP78	CEP78
RBMXL1	RBMXL1
LONRF2	LONRF2
ENSGALG00010015897	ENSGALG00010015897
ENSGALG00010015898	ENSGALG00010015898
SMARCA1	SMARCA1
ENSGALG00010015900	ENSGALG00010015900
GPR12L	GPR12L
ENSGALG00010015902	ENSGALG00010015902
ENSGALG00010015903	ENSGALG00010015903
MTMR7	MTMR7
ANPEP	ANPEP
BAG5	BAG5
TSSK6L1	TSSK6L1
CHRD	CHRD
TNNC2	TNNC2
C5orf15	C5orf15
TM9SF2L	TM9SF2L
ENSGALG00010015912	ENSGALG00010015912
CHST10	CHST10
SRRM1	SRRM1
ENSGALG00010015915	ENSGALG00010015915
COA8	COA8
TMEM63A	TMEM63A
BICD1	BICD1
ENSGALG00010015919	ENSGALG00010015919
KCNE5	KCNE5
SNX21	SNX21
ENSGALG00010015922	ENSGALG00010015922
RCAN3	RCAN3
ENSGALG00010015924	ENSGALG00010015924
ENSGALG00010015925	ENSGALG00010015925
ENSGALG00010015926	ENSGALG00010015926
GLA	GLA
CAPN7	CAPN7
SLC6A12	SLC6A12
ENSGALG00010015930	ENSGALG00010015930
RBM47	RBM47
ACOT8	ACOT8
NMS	NMS
TMC2	TMC2
EPHX1	EPHX1
RPL36AL	RPL36AL
ENSGALG00010015937	ENSGALG00010015937
ENSGALG00010015938	ENSGALG00010015938
SUN2	SUN2
ENSGALG00010015940	ENSGALG00010015940
ENSGALG00010015941	ENSGALG00010015941
AP3S2	AP3S2
NME9	NME9
ENSGALG00010015944	ENSGALG00010015944
ENSGALG00010015945	ENSGALG00010015945
TLE4	TLE4
ENSGALG00010015947	ENSGALG00010015947
ENSGALG00010015948	ENSGALG00010015948
ENSGALG00010015949	ENSGALG00010015949
ENSGALG00010015950	ENSGALG00010015950
ENSGALG00010015951	ENSGALG00010015951
ENSGALG00010015952	ENSGALG00010015952
ENSGALG00010015953	ENSGALG00010015953
CTSA	CTSA
ENSGALG00010015955	ENSGALG00010015955
MESP1	MESP1
ENSGALG00010015957	ENSGALG00010015957
ENSGALG00010015958	ENSGALG00010015958
TRNAU1AP	TRNAU1AP
CHRNA9	CHRNA9
ENSGALG00010015961	ENSGALG00010015961
ENSGALG00010015962	ENSGALG00010015962
C9H3orf58	C9H3orf58
KLC1	KLC1
ENSGALG00010015965	ENSGALG00010015965
ENSGALG00010015966	ENSGALG00010015966
ZSWIM1	ZSWIM1
ENSGALG00010015968	ENSGALG00010015968
ENSGALG00010015969	ENSGALG00010015969
THPO	THPO
ENSGALG00010015971	ENSGALG00010015971
FSTL4	FSTL4
ENSGALG00010015973	ENSGALG00010015973
VPS37A	VPS37A
BTK	BTK
ENSGALG00010015976	ENSGALG00010015976
ENSGALG00010015977	ENSGALG00010015977
ENSGALG00010015978	ENSGALG00010015978
ENSGALG00010015979	ENSGALG00010015979
EXOSC7	EXOSC7
ENSGALG00010015981	ENSGALG00010015981
ENSGALG00010015982	ENSGALG00010015982
CNOT7	CNOT7
PDCL3	PDCL3
TIMM8A	TIMM8A
NEURL2	NEURL2
POLR2H	POLR2H
ENSGALG00010015988	ENSGALG00010015988
ENAH	ENAH
ENSGALG00010015990	ENSGALG00010015990
ENSGALG00010015991	ENSGALG00010015991
ATP10A	ATP10A
ENSGALG00010015993	ENSGALG00010015993
ENSGALG00010015994	ENSGALG00010015994
ENSGALG00010015995	ENSGALG00010015995
ENSGALG00010015996	ENSGALG00010015996
SOX1	SOX1
ENSGALG00010015998	ENSGALG00010015998
ENSGALG00010015999	ENSGALG00010015999
ENSGALG00010016000	ENSGALG00010016000
ENSGALG00010016001	ENSGALG00010016001
ENSGALG00010016002	ENSGALG00010016002
ENSGALG00010016003	ENSGALG00010016003
XRCC3	XRCC3
ENSGALG00010016005	ENSGALG00010016005
PLTP	PLTP
ENSGALG00010016007	ENSGALG00010016007
TAF7	TAF7
ENSGALG00010016009	ENSGALG00010016009
ENSGALG00010016010	ENSGALG00010016010
ADD1	ADD1
ENSGALG00010016012	ENSGALG00010016012
ENSGALG00010016013	ENSGALG00010016013
ENSGALG00010016014	ENSGALG00010016014
ZDHHC3	ZDHHC3
ZDHHC2	ZDHHC2
RAPGEF6	RAPGEF6
ENSGALG00010016018	ENSGALG00010016018
ENSGALG00010016019	ENSGALG00010016019
ENSGALG00010016020	ENSGALG00010016020
ENSGALG00010016021	ENSGALG00010016021
EPHB3	EPHB3
ENSGALG00010016023	ENSGALG00010016023
ENSGALG00010016024	ENSGALG00010016024
PCIF1	PCIF1
ENSGALG00010016026	ENSGALG00010016026
COPS2	COPS2
ENSGALG00010016028	ENSGALG00010016028
ENSGALG00010016029	ENSGALG00010016029
TGM4	TGM4
ENSGALG00010016031	ENSGALG00010016031
ENSGALG00010016032	ENSGALG00010016032
ENSGALG00010016033	ENSGALG00010016033
ENSGALG00010016034	ENSGALG00010016034
ENSGALG00010016035	ENSGALG00010016035
NKX1-1	NKX1-1
ENSGALG00010016037	ENSGALG00010016037
ENSGALG00010016038	ENSGALG00010016038
ENSGALG00010016039	ENSGALG00010016039
RPSAP58	RPSAP58
ENSGALG00010016041	ENSGALG00010016041
ENSGALG00010016042	ENSGALG00010016042
ADAMTSL1	ADAMTSL1
ENSGALG00010016044	ENSGALG00010016044
ENSGALG00010016045	ENSGALG00010016045
ENSGALG00010016046	ENSGALG00010016046
SRP9	SRP9
ENSGALG00010016048	ENSGALG00010016048
ZFYVE21	ZFYVE21
ENSGALG00010016050	ENSGALG00010016050
ENSGALG00010016051	ENSGALG00010016051
ENSGALG00010016052	ENSGALG00010016052
DRP2	DRP2
ENSGALG00010016054	ENSGALG00010016054
ENSGALG00010016055	ENSGALG00010016055
ENSGALG00010016056	ENSGALG00010016056
SOHO1	SOHO1
ENSGALG00010016058	ENSGALG00010016058
EPDR1	EPDR1
MARK1 - ENSGALG00010016060	MARK1 - ENSGALG00010016060
ENSGALG00010016061	ENSGALG00010016061
ENSGALG00010016062	ENSGALG00010016062
ENSGALG00010016063	ENSGALG00010016063
ENSGALG00010016064	ENSGALG00010016064
ENSGALG00010016065	ENSGALG00010016065
C14orf2	C14orf2
AHSG	AHSG
ENSGALG00010016068	ENSGALG00010016068
GALK2	GALK2
ENSGALG00010016070	ENSGALG00010016070
ENSGALG00010016071	ENSGALG00010016071
ENSGALG00010016072	ENSGALG00010016072
SAXO1	SAXO1
ENSGALG00010016074	ENSGALG00010016074
ENSGALG00010016075	ENSGALG00010016075
RAB3GAP2	RAB3GAP2
ENSGALG00010016077	ENSGALG00010016077
ENSGALG00010016078	ENSGALG00010016078
ENSGALG00010016079	ENSGALG00010016079
ENSGALG00010016080	ENSGALG00010016080
ENSGALG00010016081	ENSGALG00010016081
ENSGALG00010016082	ENSGALG00010016082
CDH22	CDH22
ENSGALG00010016084	ENSGALG00010016084
ENSGALG00010016085	ENSGALG00010016085
TDRD9	TDRD9
IARS2	IARS2
ENSGALG00010016088	ENSGALG00010016088
ENSGALG00010016089	ENSGALG00010016089
ENSGALG00010016090	ENSGALG00010016090
HMX1	HMX1
ENSGALG00010016092	ENSGALG00010016092
ENSGALG00010016093	ENSGALG00010016093
FGF7	FGF7
ENSGALG00010016095	ENSGALG00010016095
ENSGALG00010016096	ENSGALG00010016096
FNIP1	FNIP1
ENSGALG00010016098	ENSGALG00010016098
ENSGALG00010016099	ENSGALG00010016099
SFRP4	SFRP4
FAM227B	FAM227B
ENSGALG00010016102	ENSGALG00010016102
BPNT1	BPNT1
ENSGALG00010016104	ENSGALG00010016104
ENSGALG00010016105	ENSGALG00010016105
ENSGALG00010016106	ENSGALG00010016106
UVSSA	UVSSA
ENSGALG00010016108	ENSGALG00010016108
MLH1	MLH1
ENSGALG00010016110	ENSGALG00010016110
EPB41	EPB41
ENSGALG00010016112	ENSGALG00010016112
DTWD1	DTWD1
HAUS6	HAUS6
RD3L	RD3L
ENSGALG00010016116	ENSGALG00010016116
ENSGALG00010016117	ENSGALG00010016117
EPRS	EPRS
FETUB	FETUB
ENSGALG00010016120	ENSGALG00010016120
SLC35C2	SLC35C2
AFG2B	AFG2B
ENSGALG00010016123	ENSGALG00010016123
ENSGALG00010016124	ENSGALG00010016124
ENSGALG00010016125	ENSGALG00010016125
ENSGALG00010016126	ENSGALG00010016126
ENSGALG00010016127	ENSGALG00010016127
ENSGALG00010016128	ENSGALG00010016128
CENPI	CENPI
ENSGALG00010016130	ENSGALG00010016130
SMYD1	SMYD1
ENSGALG00010016132	ENSGALG00010016132
ENSGALG00010016133	ENSGALG00010016133
ENSGALG00010016134	ENSGALG00010016134
ENSGALG00010016135	ENSGALG00010016135
ENSGALG00010016136	ENSGALG00010016136
STARD3NL	STARD3NL
ENSGALG00010016138	ENSGALG00010016138
LURAP1L	LURAP1L
ENSGALG00010016140	ENSGALG00010016140
RRP15	RRP15
ENSGALG00010016142	ENSGALG00010016142
ENSGALG00010016143	ENSGALG00010016143
ENSGALG00010016144	ENSGALG00010016144
CSF2	CSF2
ENSGALG00010016146	ENSGALG00010016146
FABP1	FABP1
ENSGALG00010016148	ENSGALG00010016148
ENSGALG00010016149	ENSGALG00010016149
POLG	POLG
ENSGALG00010016151	ENSGALG00010016151
ENSGALG00010016152	ENSGALG00010016152
ENSGALG00010016153	ENSGALG00010016153
ENSGALG00010016154	ENSGALG00010016154
ENSGALG00010016155	ENSGALG00010016155
ENSGALG00010016156	ENSGALG00010016156
IL3	IL3
ENSGALG00010016158	ENSGALG00010016158
ASPG	ASPG
ENSGALG00010016160	ENSGALG00010016160
ENSGALG00010016161	ENSGALG00010016161
ENSGALG00010016162	ENSGALG00010016162
ENSGALG00010016163	ENSGALG00010016163
ENSGALG00010016164	ENSGALG00010016164
KK34	KK34
ENSGALG00010016166	ENSGALG00010016166
ENSGALG00010016167	ENSGALG00010016167
PLIN2	PLIN2
RHOH	RHOH
ENSGALG00010016170	ENSGALG00010016170
ENSGALG00010016171	ENSGALG00010016171
ENSGALG00010016172	ENSGALG00010016172
ENSGALG00010016173	ENSGALG00010016173
ENSGALG00010016174	ENSGALG00010016174
ENSGALG00010016175	ENSGALG00010016175
ENSGALG00010016176	ENSGALG00010016176
ENSGALG00010016177	ENSGALG00010016177
ENSGALG00010016178	ENSGALG00010016178
ENSGALG00010016179	ENSGALG00010016179
ENSGALG00010016180	ENSGALG00010016180
FANCI	FANCI
ELMO2	ELMO2
ENSGALG00010016183	ENSGALG00010016183
ENSGALG00010016184	ENSGALG00010016184
ENSGALG00010016185	ENSGALG00010016185
ENSGALG00010016186	ENSGALG00010016186
ENSGALG00010016187	ENSGALG00010016187
ENSGALG00010016188	ENSGALG00010016188
ENSGALG00010016189	ENSGALG00010016189
THNSL2	THNSL2
ENSGALG00010016191	ENSGALG00010016191
ENSGALG00010016192	ENSGALG00010016192
TCAIM	TCAIM
ENSGALG00010016194	ENSGALG00010016194
ENSGALG00010016195	ENSGALG00010016195
ENSGALG00010016196	ENSGALG00010016196
SNRPN	SNRPN
ENSGALG00010016198	ENSGALG00010016198
RLBP1	RLBP1
MICU3	MICU3
ENSGALG00010016201	ENSGALG00010016201
ENSGALG00010016202	ENSGALG00010016202
ENSGALG00010016203	ENSGALG00010016203
ENSGALG00010016204	ENSGALG00010016204
CD40LG	CD40LG
KNG1	KNG1
ENSGALG00010016207	ENSGALG00010016207
ENSGALG00010016208	ENSGALG00010016208
ADAMTS7	ADAMTS7
ENSGALG00010016210	ENSGALG00010016210
TACC3	TACC3
ENSGALG00010016212	ENSGALG00010016212
ENSGALG00010016213	ENSGALG00010016213
ENSGALG00010016214	ENSGALG00010016214
SPATA17	SPATA17
ENSGALG00010016216	ENSGALG00010016216
ENSGALG00010016217	ENSGALG00010016217
N4BP2	N4BP2
ENSGALG00010016219	ENSGALG00010016219
ENSGALG00010016220	ENSGALG00010016220
TMEM200B	TMEM200B
ENSGALG00010016222	ENSGALG00010016222
ENSGALG00010016223	ENSGALG00010016223
MOSPD1	MOSPD1
P4HA2	P4HA2
ENSGALG00010016226	ENSGALG00010016226
ENSGALG00010016227	ENSGALG00010016227
ENSGALG00010016228	ENSGALG00010016228
ENSGALG00010016229	ENSGALG00010016229
ENSGALG00010016230	ENSGALG00010016230
ENSGALG00010016231	ENSGALG00010016231
ENSGALG00010016232	ENSGALG00010016232
ENSGALG00010016233	ENSGALG00010016233
ENSGALG00010016234	ENSGALG00010016234
DDX27	DDX27
GPATCH2	GPATCH2
ENSGALG00010016237	ENSGALG00010016237
ENSGALG00010016238	ENSGALG00010016238
ENSGALG00010016239	ENSGALG00010016239
EIF4A2	EIF4A2
TOPAZ1	TOPAZ1
PDS5A	PDS5A
ENSGALG00010016243	ENSGALG00010016243
ENSGALG00010016244	ENSGALG00010016244
FAM96A	FAM96A
ENSGALG00010016246	ENSGALG00010016246
KIF26A	KIF26A
ENSGALG00010016248	ENSGALG00010016248
ENSGALG00010016249	ENSGALG00010016249
ENSGALG00010016250	ENSGALG00010016250
MPDZ	MPDZ
ENSGALG00010016252	ENSGALG00010016252
EDN3	EDN3
ENSGALG00010016254	ENSGALG00010016254
ENSGALG00010016255	ENSGALG00010016255
ENSGALG00010016256	ENSGALG00010016256
L3MBTL4	L3MBTL4
CTNNB1	CTNNB1
ENSGALG00010016259	ENSGALG00010016259
INTS6L	INTS6L
ENSGALG00010016261	ENSGALG00010016261
SPG11	SPG11
HGFAC	HGFAC
ENSGALG00010016264	ENSGALG00010016264
ENSGALG00010016265	ENSGALG00010016265
PDLIM4	PDLIM4
ENSGALG00010016267	ENSGALG00010016267
ENSGALG00010016268	ENSGALG00010016268
ENSGALG00010016269	ENSGALG00010016269
RFC4	RFC4
ENSGALG00010016271	ENSGALG00010016271
ENSGALG00010016272	ENSGALG00010016272
ENSGALG00010016273	ENSGALG00010016273
ZNF831	ZNF831
ENSGALG00010016275	ENSGALG00010016275
ACTR2	ACTR2
ENSGALG00010016277	ENSGALG00010016277
ENSGALG00010016278	ENSGALG00010016278
PRELID3B	PRELID3B
ENSGALG00010016280	ENSGALG00010016280
SLC22A4	SLC22A4
ENSGALG00010016282	ENSGALG00010016282
ENSGALG00010016283	ENSGALG00010016283
ENSGALG00010016284	ENSGALG00010016284
ENSGALG00010016285	ENSGALG00010016285
ULK4	ULK4
BCL11B	BCL11B
ENSGALG00010016288	ENSGALG00010016288
IRF1	IRF1
ENSGALG00010016290	ENSGALG00010016290
ENSGALG00010016291	ENSGALG00010016291
PHKA1	PHKA1
ENSGALG00010016293	ENSGALG00010016293
ENSGALG00010016294	ENSGALG00010016294
UBE2K	UBE2K
ENSGALG00010016296	ENSGALG00010016296
ENSGALG00010016297	ENSGALG00010016297
IL5	IL5
SRSF4	SRSF4
ENSGALG00010016300	ENSGALG00010016300
ENSGALG00010016301	ENSGALG00010016301
ENSGALG00010016302	ENSGALG00010016302
ATP5E	ATP5E
EIF3J	EIF3J
DENND4C	DENND4C
ENSGALG00010016306	ENSGALG00010016306
RAD50	RAD50
RPS6	RPS6
ENSGALG00010016309	ENSGALG00010016309
HDAC8	HDAC8
ENSGALG00010016311	ENSGALG00010016311
MECR	MECR
ENSGALG00010016313	ENSGALG00010016313
ACER2	ACER2
RPS4Y1	RPS4Y1
ENSGALG00010016316	ENSGALG00010016316
CTDSPL2	CTDSPL2
ENSGALG00010016318	ENSGALG00010016318
RBM41	RBM41
ENSGALG00010016320	ENSGALG00010016320
IL13	IL13
EBF4	EBF4
ENSGALG00010016323	ENSGALG00010016323
TUBB1	TUBB1
ENSGALG00010016325	ENSGALG00010016325
ENSGALG00010016326	ENSGALG00010016326
IL4	IL4
USH2A	USH2A
ENSGALG00010016329	ENSGALG00010016329
ENSGALG00010016330	ENSGALG00010016330
ENSGALG00010016331	ENSGALG00010016331
ENSGALG00010016332	ENSGALG00010016332
ENSGALG00010016333	ENSGALG00010016333
ENSGALG00010016334	ENSGALG00010016334
ABHD4	ABHD4
SLC24A2	SLC24A2
ENSGALG00010016337	ENSGALG00010016337
PTPRU	PTPRU
SETD3	SETD3
RGS12	RGS12
SLX4	SLX4
ENSGALG00010016342	ENSGALG00010016342
ENSGALG00010016343	ENSGALG00010016343
SMIM14	SMIM14
CTSZ	CTSZ
TRAP1	TRAP1
ANO10	ANO10
ENSGALG00010016348	ENSGALG00010016348
ENSGALG00010016349	ENSGALG00010016349
CASC4	CASC4
ENSGALG00010016351	ENSGALG00010016351
ENSGALG00010016352	ENSGALG00010016352
C1orf232	C1orf232
gga-mir-1750	gga-mir-1750
MCF2L2	MCF2L2
gga-mir-6679	gga-mir-6679
gga-mir-7469	gga-mir-7469
ENSGALG00010016358	ENSGALG00010016358
gga-mir-1728	gga-mir-1728
gga-mir-1790	gga-mir-1790
NELFCD	NELFCD
NUP62	NUP62
ENSGALG00010016363	ENSGALG00010016363
gga-mir-12269	gga-mir-12269
gga-mir-6614	gga-mir-6614
KIF3A	KIF3A
ENSGALG00010016367	ENSGALG00010016367
CCNK	CCNK
MSANTD1	MSANTD1
TMEM255A	TMEM255A
ENSGALG00010016371	ENSGALG00010016371
DNAAF6	DNAAF6
SRL	SRL
FRMD5	FRMD5
CCNI2	CCNI2
ENSGALG00010016376	ENSGALG00010016376
FRMPD3	FRMPD3
WDR76	WDR76
TFAP4	TFAP4
MCHR2	MCHR2
ENSGALG00010016381	ENSGALG00010016381
UGDH	UGDH
FAM110D	FAM110D
GNAS	GNAS
HTT	HTT
ENSGALG00010016386	ENSGALG00010016386
CCDC85C	CCDC85C
ENSGALG00010016388	ENSGALG00010016388
ENSGALG00010016389	ENSGALG00010016389
ENSGALG00010016390	ENSGALG00010016390
ENSGALG00010016391	ENSGALG00010016391
STMN3	STMN3
BLM	BLM
PDIK1L	PDIK1L
HHIPL1	HHIPL1
ENSGALG00010016396	ENSGALG00010016396
LIAS	LIAS
SEPTIN6	SEPTIN6
ACSM5	ACSM5
ENSGALG00010016400	ENSGALG00010016400
ENSGALG00010016401	ENSGALG00010016401
SEPTIN8	SEPTIN8
GRK4	GRK4
ESRRG	ESRRG
ENSGALG00010016405	ENSGALG00010016405
PDILT	PDILT
RPL9	RPL9
ENSGALG00010016408	ENSGALG00010016408
GMEB2	GMEB2
TRAK1	TRAK1
CTSH	CTSH
TMSB15B	TMSB15B
ENSGALG00010016413	ENSGALG00010016413
KLB	KLB
RASGRF1	RASGRF1
CYP46A1	CYP46A1
NOP14	NOP14
NFIB	NFIB
ENSGALG00010016419	ENSGALG00010016419
ENSGALG00010016420	ENSGALG00010016420
ENSGALG00010016421	ENSGALG00010016421
SHKBP1 - ENSGALG00010016422	SHKBP1 - ENSGALG00010016422
TRMT44	TRMT44
ENSGALG00010016424	ENSGALG00010016424
TRIM63	TRIM63
HELZ2	HELZ2
SNORD89	SNORD89
ADRA1D	ADRA1D
ENSGALG00010016429	ENSGALG00010016429
ENSGALG00010016430	ENSGALG00010016430
B3GNT5	B3GNT5
gga-mir-6543	gga-mir-6543
TMED3	TMED3
GPR139	GPR139
gga-mir-1552	gga-mir-1552
SLC30A2	SLC30A2
FNDC11	FNDC11
gga-mir-1736	gga-mir-1736
ENSGALG00010016439	ENSGALG00010016439
gga-mir-6559	gga-mir-6559
ENSGALG00010016441	ENSGALG00010016441
gga-mir-1700	gga-mir-1700
gga-mir-1632	gga-mir-1632
gga-mir-1656	gga-mir-1656
ZDHHC21	ZDHHC21
GNRHR - ENSGALG00010016446	GNRHR - ENSGALG00010016446
ID3	ID3
CER1	CER1
FMR1	FMR1
ENSGALG00010016450	ENSGALG00010016450
USP46	USP46
GLCE	GLCE
MYCL	MYCL
ANKS3	ANKS3
RBM27	RBM27
LAMP3	LAMP3
SMOX	SMOX
ZC3H12A	ZC3H12A
PAQR5	PAQR5
LBR	LBR
HPCAL4	HPCAL4
RNF24	RNF24
FREM1	FREM1
PANK2	PANK2
STK35	STK35
TMEM164	TMEM164
ENSGALG00010016467	ENSGALG00010016467
TTC39B	TTC39B
MAVS	MAVS
TNIP1	TNIP1
POMGNT2	POMGNT2
TFDP1	TFDP1
RAB9B	RAB9B
MAPK8IP3	MAPK8IP3
MCCC1	MCCC1
PDYN	PDYN
CNIH3	CNIH3
SOX12	SOX12
ENSGALG00010016479	ENSGALG00010016479
GPX3	GPX3
MC3R	MC3R
EML1	EML1
WDR26	WDR26
ENSGALG00010016484	ENSGALG00010016484
ENSGALG00010016485	ENSGALG00010016485
ENSGALG00010016486	ENSGALG00010016486
ENSGALG00010016487	ENSGALG00010016487
ENSGALG00010016488	ENSGALG00010016488
CCK	CCK
ENSGALG00010016490	ENSGALG00010016490
DNAJC8	DNAJC8
ENSGALG00010016492	ENSGALG00010016492
ENSGALG00010016493	ENSGALG00010016493
ENSGALG00010016494	ENSGALG00010016494
ENSGALG00010016495	ENSGALG00010016495
PLP1	PLP1
ENSGALG00010016497	ENSGALG00010016497
KIF23	KIF23
ENSGALG00010016499	ENSGALG00010016499
ENSGALG00010016500	ENSGALG00010016500
ENSGALG00010016501	ENSGALG00010016501
YIPF5	YIPF5
ENSGALG00010016503	ENSGALG00010016503
SNRK	SNRK
KCTD16	KCTD16
ENSGALG00010016506	ENSGALG00010016506
SPATA18	SPATA18
CREBBP	CREBBP
ENSGALG00010016509	ENSGALG00010016509
THG1L	THG1L
ENSGALG00010016511	ENSGALG00010016511
ENSGALG00010016512	ENSGALG00010016512
SOX30	SOX30
GASK1A	GASK1A
ENSGALG00010016515	ENSGALG00010016515
ENSGALG00010016516	ENSGALG00010016516
ENSGALG00010016517	ENSGALG00010016517
TMEM42	TMEM42
MEX3B	MEX3B
CHMP1B	CHMP1B
ENSGALG00010016521	ENSGALG00010016521
ENSGALG00010016522	ENSGALG00010016522
ENSGALG00010016523	ENSGALG00010016523
ENSGALG00010016524	ENSGALG00010016524
ENSGALG00010016525	ENSGALG00010016525
EIF1B	EIF1B
MRPS34	MRPS34
ENSGALG00010016528	ENSGALG00010016528
DCUN1D1	DCUN1D1
ENSGALG00010016530	ENSGALG00010016530
ENSGALG00010016531	ENSGALG00010016531
ENSGALG00010016532	ENSGALG00010016532
CNIH4	CNIH4
TRIT1	TRIT1
BNC2	BNC2
ENSGALG00010016536	ENSGALG00010016536
ENSGALG00010016537	ENSGALG00010016537
ENSGALG00010016538	ENSGALG00010016538
ENSGALG00010016539	ENSGALG00010016539
ENSGALG00010016540	ENSGALG00010016540
UBE2J2	UBE2J2
ENOX2	ENOX2
TCEA3	TCEA3
ADCY9	ADCY9
ENSGALG00010016545	ENSGALG00010016545
C1QTNF12	C1QTNF12
SGCB	SGCB
EVL	EVL
PTPRA	PTPRA
FBLIM1	FBLIM1
ENSGALG00010016551	ENSGALG00010016551
ENSGALG00010016552	ENSGALG00010016552
SLC25A14	SLC25A14
ENSGALG00010016554	ENSGALG00010016554
ENSGALG00010016555	ENSGALG00010016555
ASAP3	ASAP3
ENSGALG00010016557	ENSGALG00010016557
NR2F2	NR2F2
ROGDI	ROGDI
DCUN1D4	DCUN1D4
DEGS2	DEGS2
GLIS2	GLIS2
ENSGALG00010016563	ENSGALG00010016563
SPEN	SPEN
NVL	NVL
CNTLN	CNTLN
E2F2	E2F2
PAM16	PAM16
YY2	YY2
ENSGALG00010016570	ENSGALG00010016570
ENSGALG00010016571	ENSGALG00010016571
RAB33A	RAB33A
DEGS1	DEGS1
ENSGALG00010016574	ENSGALG00010016574
CWH43	CWH43
MRPS26	MRPS26
ZBTB17	ZBTB17
GRIK3	GRIK3
ENSGALG00010016579	ENSGALG00010016579
MARS2	MARS2
H2AFY	H2AFY
ENSGALG00010016582	ENSGALG00010016582
VPS41	VPS41
EHBP1	EHBP1
OXT	OXT
ENSGALG00010016586	ENSGALG00010016586
AVP	AVP
ATP11B	ATP11B
FBXO28	FBXO28
ENSGALG00010016590	ENSGALG00010016590
HOMER2	HOMER2
TMEM129	TMEM129
OTX1	OTX1
ENSGALG00010016594	ENSGALG00010016594
ENSGALG00010016595	ENSGALG00010016595
ENSGALG00010016596	ENSGALG00010016596
FRYL	FRYL
AIFM1	AIFM1
ENSGALG00010016599	ENSGALG00010016599
GNL2	GNL2
ENSGALG00010016601	ENSGALG00010016601
HSPB7	HSPB7
ENSGALG00010016603	ENSGALG00010016603
TP53BP2	TP53BP2
WDPCP	WDPCP
VASN	VASN
FAM103A1	FAM103A1
ENSGALG00010016608	ENSGALG00010016608
SOX2	SOX2
ENSGALG00010016610	ENSGALG00010016610
DNALI1	DNALI1
GRIA1	GRIA1
SNIP1	SNIP1
DNAJC19	DNAJC19
BCORL1	BCORL1
SLBP	SLBP
ENSGALG00010016617	ENSGALG00010016617
TRPM3	TRPM3
SLC25A47	SLC25A47
ENSGALG00010016620	ENSGALG00010016620
GRXCR2	GRXCR2
KIAA1143	KIAA1143
DNAJA3	DNAJA3
MDH1	MDH1
ENSGALG00010016625	ENSGALG00010016625
CAPN2	CAPN2
SH3RF2	SH3RF2
ENSGALG00010016628	ENSGALG00010016628
LARS1	LARS1
ENSGALG00010016630	ENSGALG00010016630
FAM53A	FAM53A
ENSGALG00010016632	ENSGALG00010016632
ENSGALG00010016633	ENSGALG00010016633
ENSGALG00010016634	ENSGALG00010016634
gga-mir-1648	gga-mir-1648
ENSGALG00010016636	ENSGALG00010016636
POU6F2	POU6F2
gga-mir-6597	gga-mir-6597
ENSGALG00010016639	ENSGALG00010016639
ENSGALG00010016640	ENSGALG00010016640
ENSGALG00010016641	ENSGALG00010016641
ENSGALG00010016642	ENSGALG00010016642
BTBD1	BTBD1
NMRAL1	NMRAL1
ENSGALG00010016645	ENSGALG00010016645
gga-mir-6564	gga-mir-6564
EGR1	EGR1
ADRA2C	ADRA2C
gga-mir-12243	gga-mir-12243
gga-mir-6677	gga-mir-6677
ENSGALG00010016651	ENSGALG00010016651
FXR1	FXR1
EPHA2	EPHA2
SMIM3	SMIM3
TRANK1	TRANK1
CAPN8	CAPN8
SLC25A29	SLC25A29
ZAR1	ZAR1
ENSGALG00010016659	ENSGALG00010016659
ENSGALG00010016660	ENSGALG00010016660
UBE4B	UBE4B
ENSGALG00010016662	ENSGALG00010016662
ENSGALG00010016663	ENSGALG00010016663
TM6SF1	TM6SF1
ENSGALG00010016665	ENSGALG00010016665
ENSGALG00010016666	ENSGALG00010016666
WARS	WARS
ENSGALG00010016668	ENSGALG00010016668
ENSGALG00010016669	ENSGALG00010016669
ENSGALG00010016670	ENSGALG00010016670
CASS4	CASS4
DCTN4	DCTN4
LRPAP1	LRPAP1
SLC10A4	SLC10A4
SKIL	SKIL
NLRC3	NLRC3
MEAF6	MEAF6
NOX1	NOX1
ENSGALG00010016679	ENSGALG00010016679
ENSGALG00010016680	ENSGALG00010016680
SUSD4	SUSD4
GPR141	GPR141
RBM22	RBM22
ENSGALG00010016684	ENSGALG00010016684
ENSGALG00010016685	ENSGALG00010016685
ENSGALG00010016686	ENSGALG00010016686
ENSGALG00010016687	ENSGALG00010016687
ENSGALG00010016688	ENSGALG00010016688
ENSGALG00010016689	ENSGALG00010016689
ENSGALG00010016690	ENSGALG00010016690
ENSGALG00010016691	ENSGALG00010016691
PRKCI	PRKCI
ENSGALG00010016693	ENSGALG00010016693
ENSGALG00010016694	ENSGALG00010016694
ENSGALG00010016695	ENSGALG00010016695
DOK7	DOK7
ENSGALG00010016697	ENSGALG00010016697
ENSGALG00010016698	ENSGALG00010016698
SYNPO	SYNPO
CLUAP1	CLUAP1
ENSGALG00010016701	ENSGALG00010016701
WDR25	WDR25
ENSGALG00010016703	ENSGALG00010016703
CSTF2	CSTF2
ENSGALG00010016705	ENSGALG00010016705
RTN4	RTN4
KIF1B	KIF1B
ENSGALG00010016708	ENSGALG00010016708
DNASE1	DNASE1
ENSGALG00010016710	ENSGALG00010016710
ENSGALG00010016711	ENSGALG00010016711
ENSGALG00010016712	ENSGALG00010016712
ENSGALG00010016713	ENSGALG00010016713
ENSGALG00010016714	ENSGALG00010016714
ENSGALG00010016715	ENSGALG00010016715
ENSGALG00010016716	ENSGALG00010016716
ENSGALG00010016717	ENSGALG00010016717
LIN28A	LIN28A
ENSGALG00010016719	ENSGALG00010016719
INTS15	INTS15
ENSGALG00010016721	ENSGALG00010016721
BMP15	BMP15
ENSGALG00010016723	ENSGALG00010016723
PGD	PGD
ENSGALG00010016725	ENSGALG00010016725
ENSGALG00010016726	ENSGALG00010016726
ENSGALG00010016727	ENSGALG00010016727
ENSGALG00010016728	ENSGALG00010016728
ELMO1	ELMO1
ENSGALG00010016730	ENSGALG00010016730
C4orf48	C4orf48
ARHGAP26	ARHGAP26
PHC3	PHC3
ENSGALG00010016734	ENSGALG00010016734
ENSGALG00010016735	ENSGALG00010016735
CENPS	CENPS
ENSGALG00010016737	ENSGALG00010016737
NAA60	NAA60
ENSGALG00010016739	ENSGALG00010016739
ENSGALG00010016740	ENSGALG00010016740
NELFA	NELFA
TRMT12	TRMT12
ENSGALG00010016743	ENSGALG00010016743
CRYBG2	CRYBG2
BEGAIN	BEGAIN
HDGFL3	HDGFL3
ENSGALG00010016747	ENSGALG00010016747
ENSGALG00010016748	ENSGALG00010016748
ENSGALG00010016749	ENSGALG00010016749
SYTL4	SYTL4
DFFA	DFFA
TLR5	TLR5
ENSGALG00010016753	ENSGALG00010016753
ENSGALG00010016754	ENSGALG00010016754
ENSGALG00010016755	ENSGALG00010016755
NUDT16L1	NUDT16L1
SRPX2	SRPX2
NR3C1	NR3C1
ENSGALG00010016759	ENSGALG00010016759
DLK1	DLK1
GPR160	GPR160
EML6	EML6
UBALD1	UBALD1
ENSGALG00010016764	ENSGALG00010016764
ENSGALG00010016765	ENSGALG00010016765
AOAH	AOAH
SLAIN2	SLAIN2
GALNT10	GALNT10
BNC1	BNC1
ENSGALG00010016770	ENSGALG00010016770
ENSGALG00010016771	ENSGALG00010016771
TSPAN6	TSPAN6
RPS27A	RPS27A
PEX14	PEX14
C14orf39	C14orf39
ENSGALG00010016776	ENSGALG00010016776
TNMD	TNMD
MTIF2	MTIF2
CTNNA2	CTNNA2
PRORSD1P	PRORSD1P
CDIP1	CDIP1
ENSGALG00010016782	ENSGALG00010016782
CLBA1	CLBA1
ENSGALG00010016784	ENSGALG00010016784
PDGFRB	PDGFRB
DISP1	DISP1
PPP2R5C	PPP2R5C
ANLN	ANLN
DISP3	DISP3
ENSGALG00010016790	ENSGALG00010016790
LRRTM1	LRRTM1
HMOX2	HMOX2
SLC9A1	SLC9A1
ENSGALG00010016794	ENSGALG00010016794
GUCA2B	GUCA2B
BROX	BROX
SEC62	SEC62
ENSGALG00010016798	ENSGALG00010016798
WDTC1	WDTC1
RPL14	RPL14
ENSGALG00010016801	ENSGALG00010016801
TMEM222	TMEM222
ENSGALG00010016803	ENSGALG00010016803
CSF1R	CSF1R
ENSGALG00010016805	ENSGALG00010016805
ENSGALG00010016806	ENSGALG00010016806
VSIG4	VSIG4
ENTPD3	ENTPD3
SYTL1	SYTL1
SH3GL3	SH3GL3
ENSGALG00010016811	ENSGALG00010016811
LRRC31	LRRC31
ENSGALG00010016813	ENSGALG00010016813
HMGXB3	HMGXB3
ENSGALG00010016815	ENSGALG00010016815
MAP3K6	MAP3K6
GGCT	GGCT
SCARNA8	SCARNA8
U1 - ENSGALG00010016819	U1 - ENSGALG00010016819
EIF2AK3	EIF2AK3
SAMD7	SAMD7
gga-mir-7482-1 - ENSGALG00010016822	gga-mir-7482-1 - ENSGALG00010016822
HSF3	HSF3
gga-mir-7482-1 - ENSGALG00010016824	gga-mir-7482-1 - ENSGALG00010016824
ENSGALG00010016825	ENSGALG00010016825
gga-mir-7482-1 - ENSGALG00010016826	gga-mir-7482-1 - ENSGALG00010016826
gga-mir-7482-1 - ENSGALG00010016827	gga-mir-7482-1 - ENSGALG00010016827
LACTBL1	LACTBL1
gga-mir-7482-1 - ENSGALG00010016829	gga-mir-7482-1 - ENSGALG00010016829
gga-mir-7482-1 - ENSGALG00010016830	gga-mir-7482-1 - ENSGALG00010016830
AIDA	AIDA
DYNC1H1	DYNC1H1
gga-mir-7482-1 - ENSGALG00010016833	gga-mir-7482-1 - ENSGALG00010016833
ENSGALG00010016834	ENSGALG00010016834
CCDC88A	CCDC88A
HEPH	HEPH
gga-mir-7482-1 - ENSGALG00010016837	gga-mir-7482-1 - ENSGALG00010016837
gga-mir-1556	gga-mir-1556
gga-mir-204-1	gga-mir-204-1
LRRC34	LRRC34
gga-mir-12295	gga-mir-12295
NPY7R	NPY7R
gga-mir-7-1	gga-mir-7-1
gga-mir-1416	gga-mir-1416
MIA3	MIA3
gga-mir-1779	gga-mir-1779
EPHB2	EPHB2
ENSGALG00010016848	ENSGALG00010016848
WASF2	WASF2
GPR83L	GPR83L
TEC	TEC
AHDC1	AHDC1
ENSGALG00010016853	ENSGALG00010016853
TAF1A	TAF1A
ENSGALG00010016855	ENSGALG00010016855
NOD1	NOD1
ENSGALG00010016857	ENSGALG00010016857
ENSGALG00010016858	ENSGALG00010016858
RPIA	RPIA
VSX1	VSX1
FGR	FGR
TXK	TXK
MYNN	MYNN
ENSGALG00010016864	ENSGALG00010016864
CFAP36	CFAP36
ZNRF2	ZNRF2
FLT4	FLT4
NIPAL1	NIPAL1
HSP90AA1	HSP90AA1
ENSGALG00010016870	ENSGALG00010016870
CNGA1	CNGA1
EDA2R	EDA2R
ENTPD6	ENTPD6
ADAMTSL3	ADAMTSL3
SESN2	SESN2
MTURN	MTURN
UBE2D3	UBE2D3
SUCLG1	SUCLG1
RNF130	RNF130
AR	AR
C1QB	C1QB
ENSGALG00010016882	ENSGALG00010016882
TMEM251	TMEM251
SBK1	SBK1
CDCA4	CDCA4
ENSGALG00010016886	ENSGALG00010016886
TJP2	TJP2
ENSGALG00010016888	ENSGALG00010016888
FUNDC2	FUNDC2
UBR7	UBR7
ENSGALG00010016891	ENSGALG00010016891
MAL	MAL
TBC1D9B	TBC1D9B
BTBD7	BTBD7
ENSGALG00010016895	ENSGALG00010016895
SPTBN1	SPTBN1
TMEM179	TMEM179
ENSGALG00010016898	ENSGALG00010016898
SAXO2	SAXO2
CISD2	CISD2
MECOM	MECOM
MRNIP	MRNIP
PPM1A	PPM1A
EAF1	EAF1
C1QC	C1QC
ENSGALG00010016906	ENSGALG00010016906
SQSTM1	SQSTM1
CMC4	CMC4
MRPS5	MRPS5
NSD2	NSD2
AXIN1	AXIN1
CCDC88C	CCDC88C
BRCC3	BRCC3
PDIA2	PDIA2
PLOD2	PLOD2
ACYP2	ACYP2
METTL6	METTL6
RCOR1	RCOR1
ARHGDIG	ARHGDIG
C1QA	C1QA
EFL1	EFL1
ENSGALG00010016922	ENSGALG00010016922
ENSGALG00010016923	ENSGALG00010016923
LETM1	LETM1
PHACTR4	PHACTR4
ENSGALG00010016926	ENSGALG00010016926
MGAT4B	MGAT4B
RGS11	RGS11
EPHA8	EPHA8
C10H15ORF48	C10H15ORF48
SLC30A4	SLC30A4
OGT	OGT
ENSGALG00010016933	ENSGALG00010016933
SLC25A38	SLC25A38
PRIMA1	PRIMA1
RCC1	RCC1
DHRS7	DHRS7
PSME4	PSME4
FAM234A	FAM234A
FGFR3	FGFR3
SLC8A1	SLC8A1
ZBTB40	ZBTB40
PCNX4	PCNX4
OPRD1	OPRD1
BDH2	BDH2
TAF1	TAF1
CANX	CANX
CCR8	CCR8
LUC7L	LUC7L
ENSGALG00010016950	ENSGALG00010016950
LTC4S	LTC4S
GINS1	GINS1
GJA4	GJA4
ENSGALG00010016954	ENSGALG00010016954
ENSGALG00010016955	ENSGALG00010016955
CENPE	CENPE
WNT4	WNT4
TLR15	TLR15
PERCC1	PERCC1
GJB3	GJB3
EIF4A3	EIF4A3
SQRDL	SQRDL
CD8A	CD8A
MAML1	MAML1
SLC25A33	SLC25A33
KDM3A	KDM3A
ERLEC1	ERLEC1
C15orf61	C15orf61
CHMP3	CHMP3
SYNE3	SYNE3
RSPH6A	RSPH6A
ASB3	ASB3
PLSCR1	PLSCR1
CFAP96	CFAP96
MALL	MALL
ENSGALG00010016976	ENSGALG00010016976
CLCN7	CLCN7
FAM181A	FAM181A
PLSCR5	PLSCR5
NPHP1	NPHP1
ENSGALG00010016981	ENSGALG00010016981
GLRX5	GLRX5
ZFAND2A	ZFAND2A
RNF103	RNF103
LTC4SL	LTC4SL
GFER	GFER
ASB2	ASB2
ECI1	ECI1
RHOG2	RHOG2
GPR78	GPR78
PDLIM3	PDLIM3
ENSGALG00010016992	ENSGALG00010016992
TMEM201	TMEM201
ATL2	ATL2
ENSGALG00010016995	ENSGALG00010016995
ZIC4	ZIC4
ENSGALG00010016997	ENSGALG00010016997
DNASE1L2	DNASE1L2
ITGB1BP2	ITGB1BP2
ENSGALG00010017000	ENSGALG00010017000
TPCN3	TPCN3
ENSGALG00010017002	ENSGALG00010017002
CPZ	CPZ
CX3CR1	CX3CR1
ENSGALG00010017005	ENSGALG00010017005
DNAH3	DNAH3
ENSGALG00010017007	ENSGALG00010017007
RTN1	RTN1
ENSGALG00010017009	ENSGALG00010017009
NONO	NONO
ENSGALG00010017011	ENSGALG00010017011
SYNGR3	SYNGR3
ENSGALG00010017013	ENSGALG00010017013
ENSGALG00010017014	ENSGALG00010017014
ENSGALG00010017015	ENSGALG00010017015
ZIC1	ZIC1
RMND5A - ENSGALG00010017017	RMND5A - ENSGALG00010017017
HP1BP3	HP1BP3
ENSGALG00010017019	ENSGALG00010017019
GJB5	GJB5
ENSGALG00010017021	ENSGALG00010017021
CCR4	CCR4
ENSGALG00010017023	ENSGALG00010017023
BUB1	BUB1
ENSGALG00010017025	ENSGALG00010017025
ENSGALG00010017026	ENSGALG00010017026
ENSGALG00010017027	ENSGALG00010017027
ENSGALG00010017028	ENSGALG00010017028
ENSGALG00010017029	ENSGALG00010017029
ENSGALG00010017030	ENSGALG00010017030
ENSGALG00010017031	ENSGALG00010017031
ENSGALG00010017032	ENSGALG00010017032
LDAF1	LDAF1
ZMYM3	ZMYM3
PIK3CD	PIK3CD
ENSGALG00010017036	ENSGALG00010017036
ENSGALG00010017037	ENSGALG00010017037
ZNF598	ZNF598
MAP2K5	MAP2K5
ENSGALG00010017040	ENSGALG00010017040
JKAMP	JKAMP
HNRNPLL	HNRNPLL
ENSGALG00010017043	ENSGALG00010017043
ENSGALG00010017044	ENSGALG00010017044
GLB1	GLB1
ENSGALG00010017046	ENSGALG00010017046
ENSGALG00010017047	ENSGALG00010017047
ENSGALG00010017048	ENSGALG00010017048
TRAF3	TRAF3
L3HYPDH	L3HYPDH
ENSGALG00010017051	ENSGALG00010017051
ENSGALG00010017052	ENSGALG00010017052
ENSGALG00010017053	ENSGALG00010017053
GALM	GALM
GPR135	GPR135
AGTR1	AGTR1
NDUFAB1	NDUFAB1
ENSGALG00010017058	ENSGALG00010017058
ENSGALG00010017059	ENSGALG00010017059
CLSTN1	CLSTN1
ENSGALG00010017061	ENSGALG00010017061
ENSGALG00010017062	ENSGALG00010017062
TMPPE	TMPPE
ENSGALG00010017064	ENSGALG00010017064
VRK2	VRK2
ENSGALG00010017066	ENSGALG00010017066
ENSGALG00010017067	ENSGALG00010017067
ZP2	ZP2
ENSGALG00010017069	ENSGALG00010017069
BLOC1S6	BLOC1S6
ENSGALG00010017071	ENSGALG00010017071
ENSGALG00010017072	ENSGALG00010017072
ENSGALG00010017073	ENSGALG00010017073
ENSGALG00010017074	ENSGALG00010017074
ENSGALG00010017075	ENSGALG00010017075
ENSGALG00010017076	ENSGALG00010017076
CTNNBIP1	CTNNBIP1
ENSGALG00010017078	ENSGALG00010017078
ENSGALG00010017079	ENSGALG00010017079
PALB2	PALB2
ENSGALG00010017081	ENSGALG00010017081
ENSGALG00010017082	ENSGALG00010017082
ENSGALG00010017083	ENSGALG00010017083
ENSGALG00010017084	ENSGALG00010017084
SRSF7L - ENSGALG00010017085	SRSF7L - ENSGALG00010017085
ENSGALG00010017086	ENSGALG00010017086
ENSGALG00010017087	ENSGALG00010017087
ENSGALG00010017088	ENSGALG00010017088
CRTAP	CRTAP
ENSGALG00010017090	ENSGALG00010017090
ENSGALG00010017091	ENSGALG00010017091
ANKS4B	ANKS4B
ENSGALG00010017093	ENSGALG00010017093
SORBS2	SORBS2
ENSGALG00010017095	ENSGALG00010017095
DCTN5	DCTN5
ENSGALG00010017097	ENSGALG00010017097
DAAM1	DAAM1
ENSGALG00010017099	ENSGALG00010017099
SUSD5	SUSD5
CSMD2	CSMD2
ENSGALG00010017102	ENSGALG00010017102
ENSGALG00010017103	ENSGALG00010017103
FANCL	FANCL
PLK1	PLK1
CRYM	CRYM
ENSGALG00010017107	ENSGALG00010017107
ENSGALG00010017108	ENSGALG00010017108
ITGB1BP3	ITGB1BP3
BRF1	BRF1
GJB1	GJB1
LZIC	LZIC
ENSGALG00010017113	ENSGALG00010017113
ENSGALG00010017114	ENSGALG00010017114
LGALSL	LGALSL
ENSGALG00010017116	ENSGALG00010017116
C1orf94	C1orf94
ENSGALG00010017118	ENSGALG00010017118
BTBD6	BTBD6
ERN2	ERN2
ENSGALG00010017121	ENSGALG00010017121
NCBP2 - ENSGALG00010017122	NCBP2 - ENSGALG00010017122
ENSGALG00010017123	ENSGALG00010017123
ENSGALG00010017124	ENSGALG00010017124
ENSGALG00010017125	ENSGALG00010017125
ENSGALG00010017126	ENSGALG00010017126
SOX8	SOX8
ENSGALG00010017128	ENSGALG00010017128
ENSGALG00010017129	ENSGALG00010017129
ENSGALG00010017130	ENSGALG00010017130
TLR3	TLR3
TMEM108	TMEM108
WDR20	WDR20
ENSGALG00010017134	ENSGALG00010017134
ENSGALG00010017135	ENSGALG00010017135
NPW	NPW
ENSGALG00010017137	ENSGALG00010017137
ENSGALG00010017138	ENSGALG00010017138
COL9A2	COL9A2
UQCRC2	UQCRC2
AFTPH	AFTPH
NMNAT1	NMNAT1
FAM149A	FAM149A
CPB1	CPB1
ENSGALG00010017145	ENSGALG00010017145
SKOR1	SKOR1
SRSF7L - ENSGALG00010017147	SRSF7L - ENSGALG00010017147
MOK	MOK
ENSGALG00010017149	ENSGALG00010017149
ENSGALG00010017150	ENSGALG00010017150
ENSGALG00010017151	ENSGALG00010017151
CYP4V2	CYP4V2
SLC35F4	SLC35F4
PIGZ	PIGZ
BFSP2	BFSP2
ENSGALG00010017156	ENSGALG00010017156
ENSGALG00010017157	ENSGALG00010017157
ENSGALG00010017158	ENSGALG00010017158
ENSGALG00010017159	ENSGALG00010017159
ENSGALG00010017160	ENSGALG00010017160
ENSGALG00010017161	ENSGALG00010017161
BCL11A	BCL11A
CDV3	CDV3
ENSGALG00010017164	ENSGALG00010017164
ENSGALG00010017165	ENSGALG00010017165
ENSGALG00010017166	ENSGALG00010017166
SMAP2	SMAP2
ENSGALG00010017168	ENSGALG00010017168
CCDC198	CCDC198
ENSGALG00010017170	ENSGALG00010017170
ENSGALG00010017171	ENSGALG00010017171
ENSGALG00010017172	ENSGALG00010017172
ENSGALG00010017173	ENSGALG00010017173
DHX57	DHX57
ENSGALG00010017175	ENSGALG00010017175
RIMS3	RIMS3
ENSGALG00010017177	ENSGALG00010017177
ENSGALG00010017178	ENSGALG00010017178
ENSGALG00010017179	ENSGALG00010017179
ENSGALG00010017180	ENSGALG00010017180
ENSGALG00010017181	ENSGALG00010017181
ENSGALG00010017182	ENSGALG00010017182
NFYC	NFYC
CARD11	CARD11
NAA30	NAA30
ENSGALG00010017186	ENSGALG00010017186
ZNF839	ZNF839
ENSGALG00010017188	ENSGALG00010017188
ENSGALG00010017189	ENSGALG00010017189
STK26	STK26
ENSGALG00010017191	ENSGALG00010017191
ENSGALG00010017192	ENSGALG00010017192
MORN2	MORN2
ENSGALG00010017194	ENSGALG00010017194
ENSGALG00010017195	ENSGALG00010017195
ENSGALG00010017196	ENSGALG00010017196
ENSGALG00010017197	ENSGALG00010017197
TOPBP1	TOPBP1
ENSGALG00010017199	ENSGALG00010017199
KCNQ4	KCNQ4
AP5M1	AP5M1
ENSGALG00010017202	ENSGALG00010017202
ENSGALG00010017203	ENSGALG00010017203
ENSGALG00010017204	ENSGALG00010017204
ENSGALG00010017205	ENSGALG00010017205
ENSGALG00010017206	ENSGALG00010017206
ENSGALG00010017207	ENSGALG00010017207
CINP	CINP
ENSGALG00010017209	ENSGALG00010017209
ENSGALG00010017210	ENSGALG00010017210
UBFD1	UBFD1
TINAGL1	TINAGL1
ENSGALG00010017213	ENSGALG00010017213
ENSGALG00010017214	ENSGALG00010017214
FRMD7	FRMD7
ENSGALG00010017216	ENSGALG00010017216
ENSGALG00010017217	ENSGALG00010017217
ARHGEF33	ARHGEF33
EARS2	EARS2
ENSGALG00010017220	ENSGALG00010017220
SPPL2A	SPPL2A
ENSGALG00010017222	ENSGALG00010017222
NOC2L	NOC2L
ENSGALG00010017224	ENSGALG00010017224
ENSGALG00010017225	ENSGALG00010017225
PEF1	PEF1
ENSGALG00010017227	ENSGALG00010017227
RAP2C	RAP2C
ENSGALG00010017229	ENSGALG00010017229
ENSGALG00010017230	ENSGALG00010017230
ENSGALG00010017231	ENSGALG00010017231
ENSGALG00010017232	ENSGALG00010017232
ENSGALG00010017233	ENSGALG00010017233
ENSGALG00010017234	ENSGALG00010017234
ENSGALG00010017235	ENSGALG00010017235
ENSGALG00010017236	ENSGALG00010017236
ENSGALG00010017237	ENSGALG00010017237
ENSGALG00010017238	ENSGALG00010017238
ENSGALG00010017239	ENSGALG00010017239
MELTF	MELTF
ENSGALG00010017241	ENSGALG00010017241
ENSGALG00010017242	ENSGALG00010017242
ENSGALG00010017243	ENSGALG00010017243
ENSGALG00010017244	ENSGALG00010017244
ENSGALG00010017245	ENSGALG00010017245
GGA2	GGA2
ENSGALG00010017247	ENSGALG00010017247
TECPR2	TECPR2
ENSGALG00010017249	ENSGALG00010017249
COL16A1	COL16A1
ENSGALG00010017251	ENSGALG00010017251
EXOC5	EXOC5
ENSGALG00010017253	ENSGALG00010017253
ENSGALG00010017254	ENSGALG00010017254
ENSGALG00010017255	ENSGALG00010017255
CARHSP1	CARHSP1
ENSGALG00010017257	ENSGALG00010017257
ENSGALG00010017258	ENSGALG00010017258
ENSGALG00010017259	ENSGALG00010017259
ENSGALG00010017260	ENSGALG00010017260
ENSGALG00010017261	ENSGALG00010017261
ENSGALG00010017262	ENSGALG00010017262
COG7	COG7
PIAS1	PIAS1
ENSGALG00010017265	ENSGALG00010017265
PMM2	PMM2
ENSGALG00010017267	ENSGALG00010017267
ENSGALG00010017268	ENSGALG00010017268
ENSGALG00010017269	ENSGALG00010017269
ENSGALG00010017270	ENSGALG00010017270
ENSGALG00010017271	ENSGALG00010017271
NRXN1	NRXN1
ENSGALG00010017273	ENSGALG00010017273
ENSGALG00010017274	ENSGALG00010017274
ENSGALG00010017275	ENSGALG00010017275
ENSGALG00010017276	ENSGALG00010017276
ENSGALG00010017277	ENSGALG00010017277
CCR5	CCR5
ENSGALG00010017279	ENSGALG00010017279
SOS1	SOS1
ENSGALG00010017281	ENSGALG00010017281
ENSGALG00010017282	ENSGALG00010017282
INF2	INF2
KCNK4	KCNK4
IL21R	IL21R
ENSGALG00010017286	ENSGALG00010017286
ENSGALG00010017287	ENSGALG00010017287
ENSGALG00010017288	ENSGALG00010017288
ADGRB2	ADGRB2
DACT1	DACT1
ENSGALG00010017291	ENSGALG00010017291
ENSGALG00010017292	ENSGALG00010017292
ENSGALG00010017293	ENSGALG00010017293
ENSGALG00010017294	ENSGALG00010017294
ENSGALG00010017295	ENSGALG00010017295
SCNN1G	SCNN1G
ENSGALG00010017297	ENSGALG00010017297
ENSGALG00010017298	ENSGALG00010017298
USP31	USP31
TRPM7	TRPM7
LHCGR	LHCGR
ENSGALG00010017302	ENSGALG00010017302
ENSGALG00010017303	ENSGALG00010017303
ANKRD9	ANKRD9
HS3ST2	HS3ST2
ENSGALG00010017306	ENSGALG00010017306
TMEM186	TMEM186
ENSGALG00010017308	ENSGALG00010017308
ENSGALG00010017309	ENSGALG00010017309
SAMD11	SAMD11
GTF2A1L	GTF2A1L
PTP4A2	PTP4A2
MAP4K3	MAP4K3
CALML4	CALML4
HS3ST4	HS3ST4
ENSGALG00010017316	ENSGALG00010017316
ENSGALG00010017317	ENSGALG00010017317
ADSS1	ADSS1
ENSGALG00010017319	ENSGALG00010017319
ENSGALG00010017320	ENSGALG00010017320
ENSGALG00010017321	ENSGALG00010017321
KHDRBS1	KHDRBS1
ENSGALG00010017323	ENSGALG00010017323
ENSGALG00010017324	ENSGALG00010017324
ENSGALG00010017325	ENSGALG00010017325
STON1	STON1
CLN6	CLN6
ENSGALG00010017328	ENSGALG00010017328
gga-mir-6588	gga-mir-6588
ENSGALG00010017330	ENSGALG00010017330
gga-mir-1778	gga-mir-1778
FGFR1	FGFR1
gga-mir-12223	gga-mir-12223
KDM8	KDM8
THUMPD2	THUMPD2
gga-mir-1576	gga-mir-1576
ABAT	ABAT
MBNL3	MBNL3
gga-mir-1609	gga-mir-1609
SIVA1	SIVA1
TA3	TA3
ENSGALG00010017342	ENSGALG00010017342
DLG1	DLG1
RERE	RERE
ENSGALG00010017345	ENSGALG00010017345
GM2A	GM2A
TMEM39B	TMEM39B
ENSGALG00010017348	ENSGALG00010017348
ENSGALG00010017349	ENSGALG00010017349
ENSGALG00010017350	ENSGALG00010017350
CCR2	CCR2
GPCPD1	GPCPD1
ENSGALG00010017353	ENSGALG00010017353
FEM1B	FEM1B
ENSGALG00010017355	ENSGALG00010017355
NSMCE1	NSMCE1
ENSGALG00010017357	ENSGALG00010017357
ENSGALG00010017358	ENSGALG00010017358
EHD3	EHD3
ENSGALG00010017360	ENSGALG00010017360
METTL22	METTL22
ENO1	ENO1
TIMM9	TIMM9
AKT1	AKT1
CD8BP	CD8BP
ENSGALG00010017366	ENSGALG00010017366
TIMD4	TIMD4
ERLIN2	ERLIN2
CAPN14	CAPN14
ENSGALG00010017370	ENSGALG00010017370
TMEM114	TMEM114
ENSGALG00010017372	ENSGALG00010017372
RP1-27O5.3	RP1-27O5.3
ENSGALG00010017374	ENSGALG00010017374
BDH1A	BDH1A
GALNT14	GALNT14
USP8	USP8
ENSGALG00010017378	ENSGALG00010017378
ENSGALG00010017379	ENSGALG00010017379
MARCKSL1	MARCKSL1
CA6	CA6
ENSGALG00010017382	ENSGALG00010017382
ENSGALG00010017383	ENSGALG00010017383
ARID4A	ARID4A
ENSGALG00010017385	ENSGALG00010017385
ENSGALG00010017386	ENSGALG00010017386
HS6ST2	HS6ST2
PLPBP	PLPBP
ENSGALG00010017389	ENSGALG00010017389
DDX24	DDX24
CRAMP1	CRAMP1
ENSGALG00010017392	ENSGALG00010017392
VDAC1	VDAC1
ENSGALG00010017394	ENSGALG00010017394
BRF2	BRF2
CCR8L	CCR8L
ENSGALG00010017397	ENSGALG00010017397
SLC22A5	SLC22A5
CPXM1	CPXM1
GPC4	GPC4
ENSGALG00010017401	ENSGALG00010017401
SLC2A5	SLC2A5
ITGA11	ITGA11
ENSGALG00010017404	ENSGALG00010017404
XCR1	XCR1
IFT140	IFT140
EPN2	EPN2
ENSGALG00010017408	ENSGALG00010017408
GPC3	GPC3
ENSGALG00010017410	ENSGALG00010017410
RAB11FIP1	RAB11FIP1
ENSGALG00010017412	ENSGALG00010017412
ZIC3	ZIC3
ENSGALG00010017414	ENSGALG00010017414
HDAC1	HDAC1
ENSGALG00010017416	ENSGALG00010017416
PRLHRL	PRLHRL
CHGB	CHGB
B9D1	B9D1
ENSGALG00010017420	ENSGALG00010017420
GPR157	GPR157
ENSGALG00010017422	ENSGALG00010017422
TMEM204	TMEM204
APOD	APOD
H6PD	H6PD
ENSGALG00010017426	ENSGALG00010017426
ENSGALG00010017427	ENSGALG00010017427
PSMA3	PSMA3
TELO2	TELO2
CACNA1H	CACNA1H
FYCO1	FYCO1
ENSGALG00010017432	ENSGALG00010017432
RNPS1	RNPS1
FGF13	FGF13
ACTR10	ACTR10
ENSGALG00010017436	ENSGALG00010017436
DRG2	DRG2
ADRB3	ADRB3
PPP4R4	PPP4R4
ENSGALG00010017440	ENSGALG00010017440
SPSB1	SPSB1
LCK	LCK
ENSGALG00010017443	ENSGALG00010017443
RNP	RNP
F9	F9
UNCX	UNCX
CAPN13	CAPN13
ENSGALG00010017448	ENSGALG00010017448
TRMT6	TRMT6
ENSGALG00010017450	ENSGALG00010017450
GABPB1	GABPB1
ARMH4	ARMH4
PPP1R2	PPP1R2
MTMR9LP	MTMR9LP
CCR9	CCR9
ENSGALG00010017456	ENSGALG00010017456
ZMAT4	ZMAT4
ENSGALG00010017458	ENSGALG00010017458
FAM167B	FAM167B
SERPINA10	SERPINA10
ENSGALG00010017461	ENSGALG00010017461
MCM8	MCM8
PPP1R36	PPP1R36
SH3BP2	SH3BP2
TMEM234	TMEM234
SPIA4	SPIA4
SFRP1	SFRP1
AMDHD2	AMDHD2
ENSGALG00010017469	ENSGALG00010017469
HSPA2	HSPA2
CRLS1	CRLS1
LZTFL1	LZTFL1
EIF3I	EIF3I
ENSGALG00010017474	ENSGALG00010017474
STUM	STUM
ATP6V0C	ATP6V0C
MCF2	MCF2
ENSGALG00010017478	ENSGALG00010017478
SSTR5	SSTR5
DCDC2B	DCDC2B
SPIA1	SPIA1
CORO2B	CORO2B
ENSGALG00010017483	ENSGALG00010017483
IQCC	IQCC
LBH	LBH
ENSGALG00010017486	ENSGALG00010017486
C1QTNF8	C1QTNF8
SLC6A20	SLC6A20
TNFRSF1B	TNFRSF1B
SCNN1B	SCNN1B
CCDC28B	CCDC28B
ENSGALG00010017492	ENSGALG00010017492
YPEL5	YPEL5
TBC1D24	TBC1D24
NT5M	NT5M
PARP1	PARP1
ENSGALG00010017497	ENSGALG00010017497
ENSGALG00010017498	ENSGALG00010017498
SNRPD1	SNRPD1
ACAP2	ACAP2
ENSGALG00010017501	ENSGALG00010017501
NAT8B	NAT8B
MED9	MED9
ENSGALG00010017504	ENSGALG00010017504
TNFRSF8	TNFRSF8
ENSGALG00010017506	ENSGALG00010017506
U1 - ENSGALG00010017507	U1 - ENSGALG00010017507
gga-mir-383	gga-mir-383
RASD1	RASD1
HDC	HDC
ANKRD9L	ANKRD9L
ENSGALG00010017512	ENSGALG00010017512
TNIP2	TNIP2
TXLNA	TXLNA
ENSGALG00010017515	ENSGALG00010017515
AAK1	AAK1
LIN9	LIN9
PEMT	PEMT
NTN3	NTN3
ZBTB1	ZBTB1
MIIP	MIIP
XXYLT1	XXYLT1
ENSGALG00010017523	ENSGALG00010017523
ACBD3	ACBD3
ENSGALG00010017525	ENSGALG00010017525
PLEKHA2	PLEKHA2
ENSGALG00010017527	ENSGALG00010017527
RAI1	RAI1
MFN2	MFN2
TLR1B	TLR1B
SACM1L	SACM1L
MIXL1	MIXL1
FAM193A	FAM193A
ATP11C	ATP11C
LIMD1	LIMD1
GSC	GSC
MANBA	MANBA
H3F3C	H3F3C
KPNA6	KPNA6
EIF4G1	EIF4G1
SREBF1	SREBF1
PLOD1	PLOD1
ZBTB25	ZBTB25
SDE2	SDE2
DICER1	DICER1
NFU1	NFU1
RNF4	RNF4
ENSGALG00010017548	ENSGALG00010017548
LEFTY1	LEFTY1
TM2D2	TM2D2
FAM155B	FAM155B
LARS2	LARS2
EDA	EDA
FAM131A	FAM131A
CELA2A	CELA2A
TOM1L2	TOM1L2
ENSGALG00010017557	ENSGALG00010017557
ANP32A	ANP32A
DUSP10	DUSP10
HSPB7L	HSPB7L
CFAP99	CFAP99
SLC30A10	SLC30A10
ALK	ALK
ENSGALG00010017564	ENSGALG00010017564
ENSGALG00010017565	ENSGALG00010017565
TSSK3	TSSK3
ENSGALG00010017567	ENSGALG00010017567
CDCP1	CDCP1
CLMN	CLMN
DRC3	DRC3
ADAM9	ADAM9
CNP3	CNP3
ENSGALG00010017573	ENSGALG00010017573
DYNC1LI1	DYNC1LI1
CLCN2	CLCN2
ENSGALG00010017576	ENSGALG00010017576
CLPX	CLPX
BSDC1	BSDC1
P3H2	P3H2
LYPLAL1	LYPLAL1
EFCAB11	EFCAB11
CLCN6	CLCN6
MTHFD1	MTHFD1
WNT11B	WNT11B
ENSGALG00010017585	ENSGALG00010017585
ZFYVE28	ZFYVE28
MB21D2	MB21D2
NOX5	NOX5
ATPAF2	ATPAF2
ENSGALG00010017590	ENSGALG00010017590
ESR2	ESR2
GID4	GID4
MTHFR	MTHFR
CEP68	CEP68
CCNF	CCNF
TDP1	TDP1
CNOT10	CNOT10
ENSGALG00010017598	ENSGALG00010017598
KCNK13	KCNK13
MXD4	MXD4
ENSGALG00010017601	ENSGALG00010017601
SLC7A14	SLC7A14
CYP3A5	CYP3A5
GATM	GATM
GFPT1	GFPT1
ENSGALG00010017606	ENSGALG00010017606
ENSGALG00010017607	ENSGALG00010017607
RBBP4	RBBP4
TRIM71	TRIM71
PSMC1	PSMC1
ENSGALG00010017611	ENSGALG00010017611
CLDN11	CLDN11
HAUS3	HAUS3
ENSGALG00010017614	ENSGALG00010017614
AGTRAP	AGTRAP
PDCD7	PDCD7
ENSGALG00010017617	ENSGALG00010017617
ENSGALG00010017618	ENSGALG00010017618
POLN	POLN
UBAP1L	UBAP1L
SYNE2	SYNE2
RAB1B	RAB1B
ENSGALG00010017623	ENSGALG00010017623
ENSGALG00010017624	ENSGALG00010017624
YBX1	YBX1
COPS7B	COPS7B
ENSGALG00010017627	ENSGALG00010017627
NRDE2	NRDE2
ZBTB8AL	ZBTB8AL
ENSGALG00010017630	ENSGALG00010017630
NAT8L	NAT8L
AWAT1	AWAT1
HLX	HLX
PPIH	PPIH
NPPC	NPPC
ZBTB8OS	ZBTB8OS
ENSGALG00010017637	ENSGALG00010017637
GFRA2	GFRA2
ENSGALG00010017639	ENSGALG00010017639
P2RY4	P2RY4
GPRC5B	GPRC5B
MARC1	MARC1
CALM1	CALM1
RBBP6	RBBP6
SYNC	SYNC
MAEA	MAEA
ITGA9	ITGA9
ENSGALG00010017648	ENSGALG00010017648
ENSGALG00010017649	ENSGALG00010017649
ENSGALG00010017650	ENSGALG00010017650
PPCS	PPCS
C1orf115	C1orf115
ENSGALG00010017653	ENSGALG00010017653
KBTBD13	KBTBD13
ENSGALG00010017655	ENSGALG00010017655
FSD2	FSD2
DIS3L2	DIS3L2
WHAMM	WHAMM
TNRC6A	TNRC6A
CLIP4	CLIP4
NHSL3	NHSL3
GOLGA4	GOLGA4
ZMYND12	ZMYND12
MARK1 - ENSGALG00010017664	MARK1 - ENSGALG00010017664
CTBP1	CTBP1
PCARE	PCARE
SLC2A1	SLC2A1
ENSGALG00010017668	ENSGALG00010017668
ENSGALG00010017669	ENSGALG00010017669
FAM179A	FAM179A
ANTXR1	ANTXR1
SPRED2	SPRED2
WDR89	WDR89
ENSGALG00010017674	ENSGALG00010017674
ENSGALG00010017675	ENSGALG00010017675
SPON2	SPON2
WDR43	WDR43
YARS	YARS
RASL12	RASL12
ENSGALG00010017680	ENSGALG00010017680
ENSGALG00010017681	ENSGALG00010017681
TMED11	TMED11
MYO15A	MYO15A
TRMT61B	TRMT61B
PHC2	PHC2
ENSGALG00010017686	ENSGALG00010017686
TTC7B	TTC7B
SPDYA	SPDYA
RNF212	RNF212
ARR3	ARR3
LZTS1	LZTS1
EPCAM	EPCAM
MTFMT	MTFMT
ATP6V1B2	ATP6V1B2
FNDC5	FNDC5
SLC18A1	SLC18A1
HPCA	HPCA
ENSGALG00010017698	ENSGALG00010017698
RNF19B	RNF19B
VPS35L	VPS35L
PPP2R5E	PPP2R5E
ECEL1	ECEL1
RPS6KA5	RPS6KA5
ZNF362	ZNF362
MAK16	MAK16
FGFRL1	FGFRL1
AK2	AK2
MEIS1	MEIS1
ENSGALG00010017709	ENSGALG00010017709
RAB41	RAB41
LRRFIP2	LRRFIP2
MSH2	MSH2
ALKBH5	ALKBH5
ATAD3A	ATAD3A
CILP	CILP
GPHB5	GPHB5
LLGL1	LLGL1
ATOH8	ATOH8
ENSGALG00010017719	ENSGALG00010017719
ENSGALG00010017720	ENSGALG00010017720
VWA1	VWA1
ENSGALG00010017722	ENSGALG00010017722
KCNK12	KCNK12
FLII	FLII
ENSGALG00010017725	ENSGALG00010017725
TTI2	TTI2
AZIN2	AZIN2
ENSGALG00010017728	ENSGALG00010017728
MIEF2	MIEF2
TARP	TARP
ENSGALG00010017731	ENSGALG00010017731
RHOJ	RHOJ
TRIM62	TRIM62
TOP3A	TOP3A
ENSGALG00010017735	ENSGALG00010017735
ENSGALG00010017736	ENSGALG00010017736
ENSGALG00010017737	ENSGALG00010017737
NDUFS5	NDUFS5
MRPL20	MRPL20
ENSGALG00010017740	ENSGALG00010017740
SMCR8	SMCR8
DGLUCY	DGLUCY
KCNH5	KCNH5
ETAA1	ETAA1
SHMT1	SHMT1
MSH6	MSH6
DUSP26	DUSP26
ENSGALG00010017748	ENSGALG00010017748
TMEM88B	TMEM88B
ENSGALG00010017750	ENSGALG00010017750
ST3GAL5	ST3GAL5
ENSGALG00010017752	ENSGALG00010017752
GNRHR - ENSGALG00010017753	GNRHR - ENSGALG00010017753
PDZD11	PDZD11
C1D	C1D
EIF2B5	EIF2B5
SVBP	SVBP
ENSGALG00010017758	ENSGALG00010017758
ENSGALG00010017759	ENSGALG00010017759
ENSGALG00010017760	ENSGALG00010017760
PARP16	PARP16
FBXO11	FBXO11
POLR1A	POLR1A
IGDCC3	IGDCC3
SYT16	SYT16
DNAAF10	DNAAF10
KIF4B	KIF4B
FOXN2	FOXN2
ENSGALG00010017769	ENSGALG00010017769
PTCD3	PTCD3
PNO1	PNO1
ENSGALG00010017772	ENSGALG00010017772
DVL3	DVL3
ASH2L	ASH2L
PRPSAP2	PRPSAP2
GPR68	GPR68
ENSGALG00010017777	ENSGALG00010017777
PPP3R1	PPP3R1
SNAPC1	SNAPC1
TAF9	TAF9
CYP26C1	CYP26C1
IGDCC4	IGDCC4
STAR	STAR
ENSGALG00010017784	ENSGALG00010017784
SLC5A10	SLC5A10
KAZALD1	KAZALD1
CNRIP1	CNRIP1
ENSGALG00010017788	ENSGALG00010017788
IMMT	IMMT
R3HCC1L	R3HCC1L
CCNL2	CCNL2
LSM1	LSM1
FAM83G	FAM83G
ENSGALG00010017794	ENSGALG00010017794
MACF1	MACF1
MXI1	MXI1
PPP1R21	PPP1R21
BAG4	BAG4
GRAPL	GRAPL
ENSGALG00010017800	ENSGALG00010017800
SMNDC1	SMNDC1
ENSGALG00010017802	ENSGALG00010017802
ENSGALG00010017803	ENSGALG00010017803
DUSP5	DUSP5
DPP8	DPP8
ENSGALG00010017806	ENSGALG00010017806
MRPL35	MRPL35
SFRP5	SFRP5
C14H16ORF52	C14H16ORF52
HIF1A	HIF1A
HACD3	HACD3
ENSGALG00010017812	ENSGALG00010017812
DDHD2	DDHD2
ENSGALG00010017814	ENSGALG00010017814
VWA9	VWA9
PRKCH	PRKCH
REEP1	REEP1
SLC38A6	SLC38A6
SLC24A1	SLC24A1
FLRT2	FLRT2
ENSGALG00010017821	ENSGALG00010017821
VWA3A	VWA3A
PPIE	PPIE
YAE1	YAE1
PLPP5	PLPP5
PABPC4	PABPC4
ENSGALG00010017827	ENSGALG00010017827
ENSGALG00010017828	ENSGALG00010017828
TRNP1	TRNP1
DENND4A	DENND4A
PLEK	PLEK
POU3F1	POU3F1
ENSGALG00010017833	ENSGALG00010017833
ENSGALG00010017834	ENSGALG00010017834
ENSGALG00010017835	ENSGALG00010017835
ENSGALG00010017836	ENSGALG00010017836
ENSGALG00010017837	ENSGALG00010017837
B3GNT2	B3GNT2
ENSGALG00010017839	ENSGALG00010017839
ENSGALG00010017840	ENSGALG00010017840
GALC	GALC
ENSGALG00010017842	ENSGALG00010017842
WHSC1L1	WHSC1L1
ENSGALG00010017844	ENSGALG00010017844
ENSGALG00010017845	ENSGALG00010017845
ENSGALG00010017846	ENSGALG00010017846
ENSGALG00010017847	ENSGALG00010017847
CYP3A4	CYP3A4
FBXO48	FBXO48
TRMT5	TRMT5
ENSGALG00010017851	ENSGALG00010017851
LETM2	LETM2
ENSGALG00010017853	ENSGALG00010017853
ENSGALG00010017854	ENSGALG00010017854
SDR42E2	SDR42E2
FASTKD5	FASTKD5
ENSGALG00010017857	ENSGALG00010017857
GPR65	GPR65
EXOC6	EXOC6
CYSLTR1	CYSLTR1
PRSS56	PRSS56
ENSGALG00010017862	ENSGALG00010017862
ENSGALG00010017863	ENSGALG00010017863
ENSGALG00010017864	ENSGALG00010017864
UBOX5	UBOX5
RALA	RALA
APLF	APLF
CHRND	CHRND
ENSGALG00010017869	ENSGALG00010017869
RAB11A	RAB11A
ENSGALG00010017871	ENSGALG00010017871
ENSGALG00010017872	ENSGALG00010017872
HSPG2	HSPG2
ENSGALG00010017874	ENSGALG00010017874
ENSGALG00010017875	ENSGALG00010017875
COMMD1	COMMD1
ENSGALG00010017877	ENSGALG00010017877
CHRNG	CHRNG
ENSGALG00010017879	ENSGALG00010017879
CDK13	CDK13
KCNK10	KCNK10
LZTS3	LZTS3
ENSGALG00010017883	ENSGALG00010017883
ENSGALG00010017884	ENSGALG00010017884
ENSGALG00010017885	ENSGALG00010017885
DDRGK1	DDRGK1
PROKR1	PROKR1
MPLKIP	MPLKIP
ENSGALG00010017889	ENSGALG00010017889
ANAPC1	ANAPC1
GOLGA7B	GOLGA7B
ENSGALG00010017892	ENSGALG00010017892
ENSGALG00010017893	ENSGALG00010017893
KAT6A	KAT6A
MNAT1	MNAT1
ENSGALG00010017896	ENSGALG00010017896
ENSGALG00010017897	ENSGALG00010017897
NHERF2	NHERF2
ENSGALG00010017899	ENSGALG00010017899
ENSGALG00010017900	ENSGALG00010017900
HTR7L	HTR7L
ENSGALG00010017902	ENSGALG00010017902
ENSGALG00010017903	ENSGALG00010017903
MEGF11	MEGF11
EIF4E2	EIF4E2
ENSGALG00010017906	ENSGALG00010017906
VAX1	VAX1
ENSGALG00010017908	ENSGALG00010017908
NTHL1	NTHL1
ENSGALG00010017910	ENSGALG00010017910
ENSGALG00010017911	ENSGALG00010017911
ENSGALG00010017912	ENSGALG00010017912
ENSGALG00010017913	ENSGALG00010017913
ENSGALG00010017914	ENSGALG00010017914
BFSP1	BFSP1
ENSGALG00010017916	ENSGALG00010017916
CYP2AB5	CYP2AB5
SIX4	SIX4
ENSGALG00010017919	ENSGALG00010017919
AP3M2	AP3M2
SPATA7	SPATA7
MERTK	MERTK
ENSGALG00010017923	ENSGALG00010017923
CYP2AB3	CYP2AB3
ENSGALG00010017925	ENSGALG00010017925
ENSGALG00010017926	ENSGALG00010017926
PCSK2	PCSK2
ENSGALG00010017928	ENSGALG00010017928
ENSGALG00010017929	ENSGALG00010017929
TSC2	TSC2
CYP2AB2	CYP2AB2
ENSGALG00010017932	ENSGALG00010017932
SIX1	SIX1
ENSGALG00010017934	ENSGALG00010017934
ENSGALG00010017935	ENSGALG00010017935
ENSGALG00010017936	ENSGALG00010017936
PTPN21	PTPN21
ENSGALG00010017938	ENSGALG00010017938
ENSGALG00010017939	ENSGALG00010017939
ENSGALG00010017940	ENSGALG00010017940
DIS3L	DIS3L
ENSGALG00010017942	ENSGALG00010017942
ENSGALG00010017943	ENSGALG00010017943
ENSGALG00010017944	ENSGALG00010017944
CYP2AB1	CYP2AB1
PTGDR	PTGDR
ENSGALG00010017947	ENSGALG00010017947
PLAT	PLAT
SFXN3	SFXN3
FBLN7	FBLN7
ENSGALG00010017951	ENSGALG00010017951
ENSGALG00010017952	ENSGALG00010017952
ENSGALG00010017953	ENSGALG00010017953
PTGER2	PTGER2
IKBKB	IKBKB
TIPIN	TIPIN
THUMPD1	THUMPD1
CAPN10	CAPN10
PDZD7	PDZD7
ENSGALG00010017960	ENSGALG00010017960
ENSGALG00010017961	ENSGALG00010017961
TXNDC16	TXNDC16
LPAR4	LPAR4
ENSGALG00010017964	ENSGALG00010017964
ENSGALG00010017965	ENSGALG00010017965
ENSGALG00010017966	ENSGALG00010017966
ACSM3	ACSM3
ENSGALG00010017968	ENSGALG00010017968
ENSGALG00010017969	ENSGALG00010017969
AMPH	AMPH
ENSGALG00010017971	ENSGALG00010017971
RNPEPL1	RNPEPL1
PKD1	PKD1
MXRA8	MXRA8
ENSGALG00010017975	ENSGALG00010017975
GPR137C	GPR137C
ENSGALG00010017977	ENSGALG00010017977
ENSGALG00010017978	ENSGALG00010017978
ENSGALG00010017979	ENSGALG00010017979
ENSGALG00010017980	ENSGALG00010017980
ENSGALG00010017981	ENSGALG00010017981
ENSGALG00010017982	ENSGALG00010017982
SLC4A11	SLC4A11
ENSGALG00010017984	ENSGALG00010017984
ABCC5	ABCC5
ENSGALG00010017986	ENSGALG00010017986
ERI2	ERI2
ENSGALG00010017988	ENSGALG00010017988
ENSGALG00010017989	ENSGALG00010017989
ENSGALG00010017990	ENSGALG00010017990
RAB26	RAB26
ENSGALG00010017992	ENSGALG00010017992
REXO5	REXO5
ENSGALG00010017994	ENSGALG00010017994
ENSGALG00010017995	ENSGALG00010017995
ZC3H14	ZC3H14
ENSGALG00010017997	ENSGALG00010017997
ENSGALG00010017998	ENSGALG00010017998
GPR174	GPR174
MAP2K1	MAP2K1
TRAF7	TRAF7
ZC3H8	ZC3H8
ENSGALG00010018003	ENSGALG00010018003
CDC42BPA	CDC42BPA
ENSGALG00010018005	ENSGALG00010018005
DCUN1D3	DCUN1D3
DNAAF9	DNAAF9
ABCF3	ABCF3
ENSGALG00010018009	ENSGALG00010018009
ENSGALG00010018010	ENSGALG00010018010
LIPA	LIPA
DVL1	DVL1
ENSGALG00010018013	ENSGALG00010018013
LYRM1	LYRM1
ENSGALG00010018015	ENSGALG00010018015
IFIT5	IFIT5
ENSGALG00010018017	ENSGALG00010018017
ENSGALG00010018018	ENSGALG00010018018
NAPB	NAPB
SNAPC5	SNAPC5
ATRN	ATRN
XPO6	XPO6
ENSGALG00010018023	ENSGALG00010018023
TAS1R3	TAS1R3
CPTP	CPTP
CCDC39	CCDC39
EML5	EML5
ENSGALG00010018028	ENSGALG00010018028
ENSGALG00010018029	ENSGALG00010018029
POLB	POLB
ENSGALG00010018031	ENSGALG00010018031
ERO1A	ERO1A
COQ8A	COQ8A
ENSGALG00010018034	ENSGALG00010018034
ITM2A	ITM2A
RPL4	RPL4
GZF1	GZF1
ENSGALG00010018038	ENSGALG00010018038
TTC14	TTC14
ENSGALG00010018040	ENSGALG00010018040
ENSGALG00010018041	ENSGALG00010018041
ZWILCH	ZWILCH
PSMC6	PSMC6
INTS11	INTS11
PSEN2	PSEN2
CAPN15	CAPN15
ENSGALG00010018047	ENSGALG00010018047
GFRA4	GFRA4
SUGCT	SUGCT
ENSGALG00010018050	ENSGALG00010018050
GNPNAT1	GNPNAT1
PPP1RL	PPP1RL
DIAPH2	DIAPH2
SMAD6	SMAD6
PEX5L	PEX5L
ENSGALG00010018056	ENSGALG00010018056
SSTR4	SSTR4
ITPKB	ITPKB
ENSGALG00010018059	ENSGALG00010018059
CASKIN1	CASKIN1
NDUFAF5	NDUFAF5
GOLGA7	GOLGA7
DECR2	DECR2
TTC8	TTC8
ENSGALG00010018065	ENSGALG00010018065
ENSGALG00010018066	ENSGALG00010018066
ENSGALG00010018067	ENSGALG00010018067
ADAM33	ADAM33
HEXDCL	HEXDCL
ENSGALG00010018070	ENSGALG00010018070
GPAT4	GPAT4
ENSGALG00010018072	ENSGALG00010018072
TUNAR	TUNAR
ENSGALG00010018074	ENSGALG00010018074
MLST8	MLST8
FOXA2	FOXA2
ENSGALG00010018077	ENSGALG00010018077
NKX6-3	NKX6-3
ENSGALG00010018079	ENSGALG00010018079
BRICD5	BRICD5
DIO3	DIO3
RAB11FIP3	RAB11FIP3
PAX1	PAX1
ENSGALG00010018084	ENSGALG00010018084
PGP	PGP
ENSGALG00010018086	ENSGALG00010018086
ENSGALG00010018087	ENSGALG00010018087
ENSGALG00010018088	ENSGALG00010018088
TASP1	TASP1
ENSGALG00010018090	ENSGALG00010018090
ENSGALG00010018091	ENSGALG00010018091
PCDH11X	PCDH11X
ENSGALG00010018093	ENSGALG00010018093
ENSGALG00010018094	ENSGALG00010018094
E4F1	E4F1
ENSGALG00010018096	ENSGALG00010018096
ENSGALG00010018097	ENSGALG00010018097
EGR4	EGR4
SMAD3	SMAD3
ENSGALG00010018100	ENSGALG00010018100
ENSGALG00010018101	ENSGALG00010018101
ZDHHC4	ZDHHC4
BTRC	BTRC
ENSGALG00010018104	ENSGALG00010018104
ENSGALG00010018105	ENSGALG00010018105
ENSGALG00010018106	ENSGALG00010018106
ENSGALG00010018107	ENSGALG00010018107
ENSGALG00010018108	ENSGALG00010018108
ENSGALG00010018109	ENSGALG00010018109
CFAP65	CFAP65
NKX2-2	NKX2-2
ENSGALG00010018112	ENSGALG00010018112
ENSGALG00010018113	ENSGALG00010018113
ENSGALG00010018114	ENSGALG00010018114
KLHL4	KLHL4
ENSGALG00010018116	ENSGALG00010018116
ENSGALG00010018117	ENSGALG00010018117
ENSGALG00010018118	ENSGALG00010018118
GRID2IP	GRID2IP
ENSGALG00010018120	ENSGALG00010018120
FERMT2	FERMT2
ENSGALG00010018122	ENSGALG00010018122
USP13	USP13
FBXO41	FBXO41
NKX2-4	NKX2-4
ENSGALG00010018126	ENSGALG00010018126
ENSGALG00010018127	ENSGALG00010018127
SEPTIN12	SEPTIN12
ENSGALG00010018129	ENSGALG00010018129
ENSGALG00010018130	ENSGALG00010018130
ENSGALG00010018131	ENSGALG00010018131
ENSGALG00010018132	ENSGALG00010018132
ENSGALG00010018133	ENSGALG00010018133
ENSGALG00010018134	ENSGALG00010018134
ENSGALG00010018135	ENSGALG00010018135
ENSGALG00010018136	ENSGALG00010018136
NDUFB5	NDUFB5
ENSGALG00010018138	ENSGALG00010018138
ENSGALG00010018139	ENSGALG00010018139
CHPF	CHPF
ENSGALG00010018141	ENSGALG00010018141
DDHD1	DDHD1
MRPL47	MRPL47
ENSGALG00010018144	ENSGALG00010018144
ENSGALG00010018145	ENSGALG00010018145
ENSGALG00010018146	ENSGALG00010018146
ISM1	ISM1
XRN2	XRN2
ENSGALG00010018149	ENSGALG00010018149
AAGAB	AAGAB
ENSGALG00010018151	ENSGALG00010018151
ENSGALG00010018152	ENSGALG00010018152
ENSGALG00010018153	ENSGALG00010018153
SLC16A12	SLC16A12
ENSGALG00010018155	ENSGALG00010018155
ENSGALG00010018156	ENSGALG00010018156
FBXL2	FBXL2
ENSGALG00010018158	ENSGALG00010018158
ENSGALG00010018159	ENSGALG00010018159
ENSGALG00010018160	ENSGALG00010018160
ENSGALG00010018161	ENSGALG00010018161
ENSGALG00010018162	ENSGALG00010018162
CCT7	CCT7
ENSGALG00010018164	ENSGALG00010018164
DACH2	DACH2
ENSGALG00010018166	ENSGALG00010018166
ENSGALG00010018167	ENSGALG00010018167
ENSGALG00010018168	ENSGALG00010018168
ENSGALG00010018169	ENSGALG00010018169
SLC5A11	SLC5A11
ENSGALG00010018171	ENSGALG00010018171
ACTL6A	ACTL6A
ENSGALG00010018173	ENSGALG00010018173
BMP4	BMP4
ENSGALG00010018175	ENSGALG00010018175
ENSGALG00010018176	ENSGALG00010018176
KIF20B	KIF20B
ENSGALG00010018178	ENSGALG00010018178
PRADC1	PRADC1
ENSGALG00010018180	ENSGALG00010018180
ENSGALG00010018181	ENSGALG00010018181
ENSGALG00010018182	ENSGALG00010018182
CYP17A1	CYP17A1
ENSGALG00010018184	ENSGALG00010018184
GNB4	GNB4
SPTLC3	SPTLC3
ENSGALG00010018187	ENSGALG00010018187
UBP1	UBP1
MIS18BP1	MIS18BP1
ENSGALG00010018190	ENSGALG00010018190
ENSGALG00010018191	ENSGALG00010018191
IQCH	IQCH
ANK1	ANK1
ENSGALG00010018194	ENSGALG00010018194
ENSGALG00010018195	ENSGALG00010018195
ENSGALG00010018196	ENSGALG00010018196
ENSGALG00010018197	ENSGALG00010018197
BTBD3	BTBD3
BORCS7	BORCS7
ENSGALG00010018200	ENSGALG00010018200
ENSGALG00010018201	ENSGALG00010018201
ENSGALG00010018202	ENSGALG00010018202
ENSGALG00010018203	ENSGALG00010018203
ENSGALG00010018204	ENSGALG00010018204
ENSGALG00010018205	ENSGALG00010018205
KIZ	KIZ
ENSGALG00010018207	ENSGALG00010018207
ENSGALG00010018208	ENSGALG00010018208
GMPPA	GMPPA
ENSGALG00010018210	ENSGALG00010018210
ENSGALG00010018211	ENSGALG00010018211
ENSGALG00010018212	ENSGALG00010018212
ENSGALG00010018213	ENSGALG00010018213
ENSGALG00010018214	ENSGALG00010018214
CFAP70	CFAP70
FANCM	FANCM
ENSGALG00010018217	ENSGALG00010018217
ENSGALG00010018218	ENSGALG00010018218
SLC24A5	SLC24A5
ENSGALG00010018220	ENSGALG00010018220
ENSGALG00010018221	ENSGALG00010018221
ENSGALG00010018222	ENSGALG00010018222
ENSGALG00010018223	ENSGALG00010018223
SNORA73	SNORA73
ENSGALG00010018225	ENSGALG00010018225
JAG1	JAG1
gga-mir-1780	gga-mir-1780
ENSGALG00010018228	ENSGALG00010018228
AS3MT	AS3MT
ENSGALG00010018230	ENSGALG00010018230
SMYD5	SMYD5
gga-mir-1724	gga-mir-1724
RASSF2	RASSF2
ENSGALG00010018234	ENSGALG00010018234
gga-mir-1b	gga-mir-1b
ENSGALG00010018236	ENSGALG00010018236
gga-mir-12248	gga-mir-12248
ENSGALG00010018238	ENSGALG00010018238
gga-mir-6637-1 - ENSGALG00010018239	gga-mir-6637-1 - ENSGALG00010018239
SOUL	SOUL
RALGAPA2	RALGAPA2
gga-mir-6637-1 - ENSGALG00010018242	gga-mir-6637-1 - ENSGALG00010018242
ENSGALG00010018243	ENSGALG00010018243
CHM	CHM
gga-mir-133c	gga-mir-133c
ENSGALG00010018246	ENSGALG00010018246
NOTO	NOTO
gga-mir-30e	gga-mir-30e
ENSGALG00010018249	ENSGALG00010018249
gga-mir-30c-1	gga-mir-30c-1
USP48	USP48
ENSGALG00010018252	ENSGALG00010018252
gga-mir-3531	gga-mir-3531
ENSGALG00010018254	ENSGALG00010018254
MFN1	MFN1
ENSGALG00010018256	ENSGALG00010018256
ENSGALG00010018257	ENSGALG00010018257
OSCP1	OSCP1
WDR90	WDR90
ENSGALG00010018260	ENSGALG00010018260
PRNP	PRNP
ENSGALG00010018262	ENSGALG00010018262
SLX4IP	SLX4IP
CFAP61	CFAP61
PDCD4	PDCD4
GNOT2	GNOT2
ADPRHL2	ADPRHL2
ENSGALG00010018268	ENSGALG00010018268
ENSGALG00010018269	ENSGALG00010018269
ENSGALG00010018270	ENSGALG00010018270
ENSGALG00010018271	ENSGALG00010018271
ENSGALG00010018272	ENSGALG00010018272
PROM2	PROM2
ZNF711	ZNF711
ZNF639	ZNF639
ARHGAP17	ARHGAP17
ENSGALG00010018277	ENSGALG00010018277
PUSL1	PUSL1
INSM1	INSM1
ENSGALG00010018280	ENSGALG00010018280
ENSGALG00010018281	ENSGALG00010018281
ENSGALG00010018282	ENSGALG00010018282
POF1B	POF1B
ENSGALG00010018284	ENSGALG00010018284
BBIP1	BBIP1
ENSGALG00010018286	ENSGALG00010018286
MKKS	MKKS
CRNKL1	CRNKL1
HEYL	HEYL
RHOT2	RHOT2
ENSGALG00010018291	ENSGALG00010018291
ENSGALG00010018292	ENSGALG00010018292
ENSGALG00010018293	ENSGALG00010018293
FKBP3	FKBP3
ENSGALG00010018295	ENSGALG00010018295
PIK3CA	PIK3CA
ENSGALG00010018297	ENSGALG00010018297
ENSGALG00010018298	ENSGALG00010018298
SHOC2	SHOC2
ENSGALG00010018300	ENSGALG00010018300
ENSGALG00010018301	ENSGALG00010018301
RAB11FIP5	RAB11FIP5
RHBDL1	RHBDL1
ENSGALG00010018304	ENSGALG00010018304
ENSGALG00010018305	ENSGALG00010018305
DES	DES
ENSGALG00010018307	ENSGALG00010018307
ACAP3	ACAP3
DPYSL2	DPYSL2
APOOL	APOOL
NKX2-3 - ENSGALG00010018311	NKX2-3 - ENSGALG00010018311
PRPF39	PRPF39
MYEF2	MYEF2
SLC24A3	SLC24A3
CLASP2	CLASP2
ENSGALG00010018316	ENSGALG00010018316
ZMAT3	ZMAT3
ENSGALG00010018318	ENSGALG00010018318
STUB1	STUB1
ENSGALG00010018320	ENSGALG00010018320
ENSGALG00010018321	ENSGALG00010018321
NT5C1A	NT5C1A
GOT1	GOT1
ENSGALG00010018324	ENSGALG00010018324
ENSGALG00010018325	ENSGALG00010018325
LCMT1	LCMT1
SNAP25	SNAP25
ENSGALG00010018328	ENSGALG00010018328
ENSGALG00010018329	ENSGALG00010018329
ENSGALG00010018330	ENSGALG00010018330
ENSGALG00010018331	ENSGALG00010018331
ENSGALG00010018332	ENSGALG00010018332
ENSGALG00010018333	ENSGALG00010018333
ANKEF1	ANKEF1
AQP8	AQP8
JMJD8	JMJD8
TMEM151B	TMEM151B
PDCD6IP	PDCD6IP
FAM76A	FAM76A
DNPEP	DNPEP
ENSGALG00010018341	ENSGALG00010018341
BNIP3L	BNIP3L
ENSGALG00010018343	ENSGALG00010018343
SFXN5	SFXN5
WDR24	WDR24
ENSGALG00010018346	ENSGALG00010018346
CTXN2	CTXN2
TOGARAM1	TOGARAM1
KCNMB2	KCNMB2
CNNM1	CNNM1
RIN2	RIN2
ENSGALG00010018352	ENSGALG00010018352
ENSGALG00010018353	ENSGALG00010018353
AARS2	AARS2
PRKCB	PRKCB
ADRA1A	ADRA1A
ENSGALG00010018357	ENSGALG00010018357
FBXL16	FBXL16
CACNG3	CACNG3
ENSGALG00010018360	ENSGALG00010018360
ASIC4	ASIC4
EMX1	EMX1
TCTE1	TCTE1
ENSGALG00010018364	ENSGALG00010018364
HPSE2	HPSE2
MARCH4	MARCH4
PAK5	PAK5
ENSGALG00010018368	ENSGALG00010018368
ENSGALG00010018369	ENSGALG00010018369
ZBTB8A	ZBTB8A
ENSGALG00010018371	ENSGALG00010018371
NLGN3	NLGN3
ENSGALG00010018373	ENSGALG00010018373
HPS1	HPS1
ENSGALG00010018375	ENSGALG00010018375
PYGB	PYGB
RAP1GAP	RAP1GAP
ARPP21	ARPP21
SRBD1	SRBD1
SLC20A1	SLC20A1
C16orf72	C16orf72
ENSGALG00010018382	ENSGALG00010018382
METRN	METRN
LAMP5	LAMP5
SPR	SPR
ENSGALG00010018386	ENSGALG00010018386
NT5DC4	NT5DC4
SMC3	SMC3
ENSGALG00010018389	ENSGALG00010018389
SLC12A1	SLC12A1
STAC	STAC
ENSGALG00010018392	ENSGALG00010018392
PRKCE	PRKCE
KLHL28	KLHL28
MED12	MED12
TBL1XR1	TBL1XR1
FAM173A	FAM173A
LRFN5	LRFN5
ABHD12	ABHD12
ENSGALG00010018400	ENSGALG00010018400
ENSGALG00010018401	ENSGALG00010018401
ENSGALG00010018402	ENSGALG00010018402
CCDC78	CCDC78
IL2RG	IL2RG
DCLK3	DCLK3
TMEM260	TMEM260
ENSGALG00010018407	ENSGALG00010018407
ENSGALG00010018408	ENSGALG00010018408
ENSGALG00010018409	ENSGALG00010018409
EXOC6B	EXOC6B
ENSGALG00010018411	ENSGALG00010018411
CXorf65	CXorf65
SLC15A2	SLC15A2
EPAS1	EPAS1
PELI2	PELI2
DUT	DUT
ENSGALG00010018417	ENSGALG00010018417
PLCB4	PLCB4
USP7	USP7
RHOQ	RHOQ
ENSGALG00010018421	ENSGALG00010018421
ENSGALG00010018422	ENSGALG00010018422
IGFALS	IGFALS
ENSGALG00010018424	ENSGALG00010018424
CYP26B1	CYP26B1
ENSGALG00010018426	ENSGALG00010018426
PIGF	PIGF
PPP2R5D	PPP2R5D
ENSGALG00010018429	ENSGALG00010018429
PYROXD2	PYROXD2
ENSGALG00010018431	ENSGALG00010018431
ENSGALG00010018432	ENSGALG00010018432
ENSGALG00010018433	ENSGALG00010018433
HSPBAP1	HSPBAP1
ENSGALG00010018435	ENSGALG00010018435
FOXO4	FOXO4
ENSGALG00010018437	ENSGALG00010018437
PPP2R2A	PPP2R2A
ENSGALG00010018439	ENSGALG00010018439
MEA1	MEA1
CRIPT	CRIPT
ENSGALG00010018442	ENSGALG00010018442
PLCB1	PLCB1
NUBP2	NUBP2
ENSGALG00010018445	ENSGALG00010018445
FBN1	FBN1
ENSGALG00010018447	ENSGALG00010018447
KLHDC3	KLHDC3
ENSGALG00010018449	ENSGALG00010018449
SCNN1D	SCNN1D
PIK3R4	PIK3R4
SPSB3	SPSB3
TMX4	TMX4
ENSGALG00010018454	ENSGALG00010018454
RBM20	RBM20
ENSGALG00010018456	ENSGALG00010018456
ENSGALG00010018457	ENSGALG00010018457
SEMA5B	SEMA5B
SNX12	SNX12
IL1B	IL1B
ENSGALG00010018461	ENSGALG00010018461
KTN1	KTN1
ENSGALG00010018463	ENSGALG00010018463
ENSGALG00010018464	ENSGALG00010018464
NAALADL2	NAALADL2
DYSF	DYSF
TLX1	TLX1
ENSGALG00010018468	ENSGALG00010018468
KLHDC7A	KLHDC7A
IQCB1	IQCB1
HHEX	HHEX
LMF1	LMF1
ENSGALG00010018473	ENSGALG00010018473
ENSGALG00010018474	ENSGALG00010018474
SNORA28	SNORA28
ENSGALG00010018476	ENSGALG00010018476
gga-mir-203a	gga-mir-203a
ENSGALG00010018478	ENSGALG00010018478
gga-mir-6590	gga-mir-6590
EME2	EME2
gga-mir-1771	gga-mir-1771
C10orf2	C10orf2
gga-mir-6552	gga-mir-6552
NLGN1	NLGN1
ATP2C1	ATP2C1
ENSGALG00010018486	ENSGALG00010018486
ENSGALG00010018487	ENSGALG00010018487
ENSGALG00010018488	ENSGALG00010018488
SLC7A3	SLC7A3
NME3	NME3
TIA1	TIA1
ENSGALG00010018492	ENSGALG00010018492
ENSGALG00010018493	ENSGALG00010018493
HAO1	HAO1
ENSGALG00010018495	ENSGALG00010018495
GNG13	GNG13
ASTE1	ASTE1
ENSGALG00010018498	ENSGALG00010018498
TBPL2	TBPL2
ENSGALG00010018500	ENSGALG00010018500
ATG14	ATG14
ARHGEF10L	ARHGEF10L
BMP2	BMP2
SLCO3A1	SLCO3A1
CHTF18	CHTF18
ENSGALG00010018506	ENSGALG00010018506
SPATA16	SPATA16
NCBP2 - ENSGALG00010018508	NCBP2 - ENSGALG00010018508
ENSGALG00010018509	ENSGALG00010018509
ENSGALG00010018510	ENSGALG00010018510
SOCS5	SOCS5
FERMT1	FERMT1
RPUSD1	RPUSD1
EAF2	EAF2
SEMA4G	SEMA4G
LRRN4	LRRN4
ECT2	ECT2
ENSGALG00010018518	ENSGALG00010018518
OGDH	OGDH
ENSGALG00010018520	ENSGALG00010018520
ENSGALG00010018521	ENSGALG00010018521
NEK11	NEK11
TEX11	TEX11
SEC22A	SEC22A
ST8SIA2	ST8SIA2
ENSGALG00010018526	ENSGALG00010018526
CCT4	CCT4
ENSGALG00010018528	ENSGALG00010018528
UBR2	UBR2
FAM161A	FAM161A
ADCY6 - ENSGALG00010018531	ADCY6 - ENSGALG00010018531
MFSD13A	MFSD13A
PCYOX1	PCYOX1
NCEH1	NCEH1
FAM174B	FAM174B
ENSGALG00010018536	ENSGALG00010018536
ENSGALG00010018537	ENSGALG00010018537
ENSGALG00010018538	ENSGALG00010018538
CHD2	CHD2
TNFSF10	TNFSF10
PRPH2	PRPH2
ZMIZ2	ZMIZ2
MRPL3	MRPL3
HACD2	HACD2
ENSGALG00010018545	ENSGALG00010018545
SNRPGP15	SNRPGP15
ENSGALG00010018547	ENSGALG00010018547
RGMA	RGMA
GHSR	GHSR
ENSGALG00010018550	ENSGALG00010018550
FBXO34	FBXO34
DTD1	DTD1
ENSGALG00010018553	ENSGALG00010018553
PPIA	PPIA
UBN1	UBN1
MRPL2	MRPL2
TBCC	TBCC
ENSGALG00010018558	ENSGALG00010018558
DLG3	DLG3
ENSGALG00010018560	ENSGALG00010018560
ACTR1A	ACTR1A
ENSGALG00010018562	ENSGALG00010018562
ENSGALG00010018563	ENSGALG00010018563
DLGAP5	DLGAP5
ENSGALG00010018565	ENSGALG00010018565
ENSGALG00010018566	ENSGALG00010018566
ENSGALG00010018567	ENSGALG00010018567
FAM136A	FAM136A
ENSGALG00010018569	ENSGALG00010018569
ENSGALG00010018570	ENSGALG00010018570
ENSGALG00010018571	ENSGALG00010018571
ENSGALG00010018572	ENSGALG00010018572
SEC23B	SEC23B
ENSGALG00010018574	ENSGALG00010018574
ENSGALG00010018575	ENSGALG00010018575
PTK7	PTK7
NARFL	NARFL
ENSGALG00010018578	ENSGALG00010018578
FNDC3B	FNDC3B
ENSGALG00010018580	ENSGALG00010018580
SUFU	SUFU
RCC2	RCC2
PPL	PPL
ENSGALG00010018584	ENSGALG00010018584
GDPD2	GDPD2
ENSGALG00010018586	ENSGALG00010018586
SRF	SRF
POLR3F	POLR3F
ENSGALG00010018589	ENSGALG00010018589
TGFA	TGFA
ENSGALG00010018591	ENSGALG00010018591
ENSGALG00010018592	ENSGALG00010018592
LGALS3	LGALS3
BICRAL	BICRAL
ENSGALG00010018595	ENSGALG00010018595
ENSGALG00010018596	ENSGALG00010018596
ENSGALG00010018597	ENSGALG00010018597
ENSGALG00010018598	ENSGALG00010018598
ENSGALG00010018599	ENSGALG00010018599
ENSGALG00010018600	ENSGALG00010018600
CPNE4	CPNE4
MCTP2	MCTP2
ENSGALG00010018603	ENSGALG00010018603
FAM43A	FAM43A
ENSGALG00010018605	ENSGALG00010018605
DZANK1	DZANK1
HAGHL	HAGHL
TRIM8	TRIM8
ENSGALG00010018609	ENSGALG00010018609
ENSGALG00010018610	ENSGALG00010018610
NUDCD3	NUDCD3
ENSGALG00010018612	ENSGALG00010018612
PADI3	PADI3
ENSGALG00010018614	ENSGALG00010018614
HTR2C	HTR2C
ENSGALG00010018616	ENSGALG00010018616
ENSGALG00010018617	ENSGALG00010018617
FAHD1	FAHD1
MAPK1IP1L	MAPK1IP1L
ENSGALG00010018620	ENSGALG00010018620
ENSGALG00010018621	ENSGALG00010018621
ENSGALG00010018622	ENSGALG00010018622
ARRDC4	ARRDC4
ENSGALG00010018624	ENSGALG00010018624
ENSGALG00010018625	ENSGALG00010018625
ENSGALG00010018626	ENSGALG00010018626
MYLK	MYLK
XDH	XDH
ENSGALG00010018629	ENSGALG00010018629
ENSGALG00010018630	ENSGALG00010018630
KAT14	KAT14
ENSGALG00010018632	ENSGALG00010018632
ENSGALG00010018633	ENSGALG00010018633
ENSGALG00010018634	ENSGALG00010018634
ENSGALG00010018635	ENSGALG00010018635
ENSGALG00010018636	ENSGALG00010018636
ENSGALG00010018637	ENSGALG00010018637
SEC14L5	SEC14L5
ENSGALG00010018639	ENSGALG00010018639
ENSGALG00010018640	ENSGALG00010018640
ENSGALG00010018641	ENSGALG00010018641
ENSGALG00010018642	ENSGALG00010018642
ENSGALG00010018643	ENSGALG00010018643
ESF1	ESF1
ENSGALG00010018645	ENSGALG00010018645
ENSGALG00010018646	ENSGALG00010018646
ENSGALG00010018647	ENSGALG00010018647
ENSGALG00010018648	ENSGALG00010018648
HAGH	HAGH
ENSGALG00010018650	ENSGALG00010018650
ENSGALG00010018651	ENSGALG00010018651
ENSGALG00010018652	ENSGALG00010018652
ENSGALG00010018653	ENSGALG00010018653
FAM169B	FAM169B
BIRC5	BIRC5
ENSGALG00010018656	ENSGALG00010018656
ENSGALG00010018657	ENSGALG00010018657
ENSGALG00010018658	ENSGALG00010018658
ENSGALG00010018659	ENSGALG00010018659
ENSGALG00010018660	ENSGALG00010018660
ENSGALG00010018661	ENSGALG00010018661
PADI1	PADI1
ENSGALG00010018663	ENSGALG00010018663
ENSGALG00010018664	ENSGALG00010018664
IL13RA2	IL13RA2
ENSGALG00010018666	ENSGALG00010018666
ENSGALG00010018667	ENSGALG00010018667
OVOL2	OVOL2
ENSGALG00010018669	ENSGALG00010018669
MRAS	MRAS
ENSGALG00010018671	ENSGALG00010018671
PKDCC	PKDCC
NAGPA	NAGPA
ENSGALG00010018674	ENSGALG00010018674
ENSGALG00010018675	ENSGALG00010018675
ENSGALG00010018676	ENSGALG00010018676
ENSGALG00010018677	ENSGALG00010018677
ENSGALG00010018678	ENSGALG00010018678
ENSGALG00010018679	ENSGALG00010018679
ENSGALG00010018680	ENSGALG00010018680
ENSGALG00010018681	ENSGALG00010018681
ENSGALG00010018682	ENSGALG00010018682
ENSGALG00010018683	ENSGALG00010018683
PADI2	PADI2
ARL3	ARL3
ENSGALG00010018686	ENSGALG00010018686
ENSGALG00010018687	ENSGALG00010018687
ENSGALG00010018688	ENSGALG00010018688
ENSGALG00010018689	ENSGALG00010018689
C16orf89	C16orf89
ENSGALG00010018691	ENSGALG00010018691
ENSGALG00010018692	ENSGALG00010018692
ENSGALG00010018693	ENSGALG00010018693
MGME1	MGME1
ENSGALG00010018695	ENSGALG00010018695
ENSGALG00010018696	ENSGALG00010018696
ENSGALG00010018697	ENSGALG00010018697
MRPS16	MRPS16
ENSGALG00010018699	ENSGALG00010018699
ENSGALG00010018700	ENSGALG00010018700
SFXN2	SFXN2
ENSGALG00010018702	ENSGALG00010018702
ENSGALG00010018703	ENSGALG00010018703
PGPEP1L	PGPEP1L
ENSGALG00010018705	ENSGALG00010018705
ENSGALG00010018706	ENSGALG00010018706
SLC45A1	SLC45A1
ENSGALG00010018708	ENSGALG00010018708
SNX5	SNX5
ENSGALG00010018710	ENSGALG00010018710
ENSGALG00010018711	ENSGALG00010018711
ENSGALG00010018712	ENSGALG00010018712
ENSGALG00010018713	ENSGALG00010018713
ENSGALG00010018714	ENSGALG00010018714
DNAJC13	DNAJC13
ENSGALG00010018716	ENSGALG00010018716
MEIOB	MEIOB
ENSGALG00010018718	ENSGALG00010018718
ERRFI1	ERRFI1
ENSGALG00010018720	ENSGALG00010018720
LRCH2	LRCH2
ENSGALG00010018722	ENSGALG00010018722
ENSGALG00010018723	ENSGALG00010018723
RRBP1	RRBP1
ENSGALG00010018725	ENSGALG00010018725
EBF2	EBF2
PARK7	PARK7
ENSGALG00010018728	ENSGALG00010018728
HS3ST6	HS3ST6
IGF1R	IGF1R
ENSGALG00010018731	ENSGALG00010018731
ENSGALG00010018732	ENSGALG00010018732
ENSGALG00010018733	ENSGALG00010018733
ENSGALG00010018734	ENSGALG00010018734
ENSGALG00010018735	ENSGALG00010018735
EEF2KMT	EEF2KMT
ENSGALG00010018737	ENSGALG00010018737
ENSGALG00010018738	ENSGALG00010018738
ENSGALG00010018739	ENSGALG00010018739
ENSGALG00010018740	ENSGALG00010018740
ENSGALG00010018741	ENSGALG00010018741
ENSGALG00010018742	ENSGALG00010018742
ENSGALG00010018743	ENSGALG00010018743
ENSGALG00010018744	ENSGALG00010018744
ENSGALG00010018745	ENSGALG00010018745
ENSGALG00010018746	ENSGALG00010018746
FLRT3	FLRT3
ENSGALG00010018748	ENSGALG00010018748
ENSGALG00010018749	ENSGALG00010018749
SOCS4	SOCS4
ENSGALG00010018751	ENSGALG00010018751
PLS3	PLS3
SYNM	SYNM
ENSGALG00010018754	ENSGALG00010018754
ENSGALG00010018755	ENSGALG00010018755
EML4	EML4
ENSGALG00010018757	ENSGALG00010018757
TNFRSF9	TNFRSF9
ENSGALG00010018759	ENSGALG00010018759
ENSGALG00010018760	ENSGALG00010018760
ENSGALG00010018761	ENSGALG00010018761
ENSGALG00010018762	ENSGALG00010018762
ENSGALG00010018763	ENSGALG00010018763
TMEM177	TMEM177
ENSGALG00010018765	ENSGALG00010018765
ENSGALG00010018766	ENSGALG00010018766
NDUFB6	NDUFB6
ENSGALG00010018768	ENSGALG00010018768
ENSGALG00010018769	ENSGALG00010018769
UTS2	UTS2
ENSGALG00010018771	ENSGALG00010018771
ENSGALG00010018772	ENSGALG00010018772
ENSGALG00010018773	ENSGALG00010018773
MSRB1	MSRB1
ENSGALG00010018775	ENSGALG00010018775
ENSGALG00010018776	ENSGALG00010018776
ENSGALG00010018777	ENSGALG00010018777
ENSGALG00010018778	ENSGALG00010018778
ENSGALG00010018779	ENSGALG00010018779
WDHD1	WDHD1
ENSGALG00010018781	ENSGALG00010018781
ENSGALG00010018782	ENSGALG00010018782
ENSGALG00010018783	ENSGALG00010018783
ENSGALG00010018784	ENSGALG00010018784
ENSGALG00010018785	ENSGALG00010018785
DSTN	DSTN
ENSGALG00010018787	ENSGALG00010018787
ENSGALG00010018788	ENSGALG00010018788
ENSGALG00010018789	ENSGALG00010018789
PRR35	PRR35
ENSGALG00010018791	ENSGALG00010018791
ENSGALG00010018792	ENSGALG00010018792
ENSGALG00010018793	ENSGALG00010018793
ENSGALG00010018794	ENSGALG00010018794
ENSGALG00010018795	ENSGALG00010018795
PER3	PER3
ENSGALG00010018797	ENSGALG00010018797
ENSGALG00010018798	ENSGALG00010018798
ENSGALG00010018799	ENSGALG00010018799
ENSGALG00010018800	ENSGALG00010018800
ENSGALG00010018801	ENSGALG00010018801
ENSGALG00010018802	ENSGALG00010018802
ENSGALG00010018803	ENSGALG00010018803
ENSGALG00010018804	ENSGALG00010018804
ENSGALG00010018805	ENSGALG00010018805
GCH1	GCH1
RD3	RD3
MATCAP2	MATCAP2
ENSGALG00010018809	ENSGALG00010018809
ENSGALG00010018810	ENSGALG00010018810
VAMP3	VAMP3
ENSGALG00010018812	ENSGALG00010018812
ENSGALG00010018813	ENSGALG00010018813
ENSGALG00010018814	ENSGALG00010018814
CST3	CST3
ENSGALG00010018816	ENSGALG00010018816
ENSGALG00010018817	ENSGALG00010018817
ENSGALG00010018818	ENSGALG00010018818
LRRC28	LRRC28
ENSGALG00010018820	ENSGALG00010018820
ENSGALG00010018821	ENSGALG00010018821
TRAF5	TRAF5
RAB40C	RAB40C
ENSGALG00010018824	ENSGALG00010018824
ENSGALG00010018825	ENSGALG00010018825
ENSGALG00010018826	ENSGALG00010018826
ENSGALG00010018827	ENSGALG00010018827
ENSGALG00010018828	ENSGALG00010018828
PTPN4	PTPN4
ENSGALG00010018830	ENSGALG00010018830
WBP1L	WBP1L
EEPD1	EEPD1
ENSGALG00010018833	ENSGALG00010018833
SAMD4A	SAMD4A
CAMK2B	CAMK2B
ENSGALG00010018836	ENSGALG00010018836
RCOR3	RCOR3
WFIKKN1	WFIKKN1
RPL3L	RPL3L
ENSGALG00010018840	ENSGALG00010018840
ENSGALG00010018841	ENSGALG00010018841
ENSGALG00010018842	ENSGALG00010018842
MCRIP2	MCRIP2
ENSGALG00010018844	ENSGALG00010018844
ENSGALG00010018845	ENSGALG00010018845
ENSGALG00010018846	ENSGALG00010018846
CGRRF1	CGRRF1
MEF2A	MEF2A
KCNH1	KCNH1
ENSGALG00010018850	ENSGALG00010018850
ENSGALG00010018851	ENSGALG00010018851
NDUFB10	NDUFB10
ENSGALG00010018853	ENSGALG00010018853
LYSMD4	LYSMD4
SYNDIG1	SYNDIG1
ENSGALG00010018856	ENSGALG00010018856
ENSGALG00010018857	ENSGALG00010018857
EPB41L5	EPB41L5
ENSGALG00010018859	ENSGALG00010018859
AGTR2	AGTR2
ENSGALG00010018861	ENSGALG00010018861
ENSGALG00010018862	ENSGALG00010018862
ENSGALG00010018863	ENSGALG00010018863
ABCA3	ABCA3
CDCA2	CDCA2
ENSGALG00010018866	ENSGALG00010018866
RPS2	RPS2
ENSGALG00010018868	ENSGALG00010018868
ENSGALG00010018869	ENSGALG00010018869
ENSGALG00010018870	ENSGALG00010018870
ENSGALG00010018871	ENSGALG00010018871
KCTD9	KCTD9
ENSGALG00010018873	ENSGALG00010018873
ENSGALG00010018874	ENSGALG00010018874
ENSGALG00010018875	ENSGALG00010018875
GMFB	GMFB
CST7	CST7
ENSGALG00010018878	ENSGALG00010018878
ENSGALG00010018879	ENSGALG00010018879
TMEM17	TMEM17
ENSGALG00010018881	ENSGALG00010018881
HHAT	HHAT
TBL3	TBL3
ENSGALG00010018884	ENSGALG00010018884
EFEMP1	EFEMP1
ENSGALG00010018886	ENSGALG00010018886
ADAMTS17	ADAMTS17
ENSGALG00010018888	ENSGALG00010018888
ENSGALG00010018889	ENSGALG00010018889
ENSGALG00010018890	ENSGALG00010018890
GNRH1	GNRH1
APMAP	APMAP
ENSGALG00010018893	ENSGALG00010018893
SERTAD4	SERTAD4
SEPTIN7	SEPTIN7
ENSGALG00010018896	ENSGALG00010018896
CCDC85A	CCDC85A
ENSGALG00010018898	ENSGALG00010018898
ACSS1A	ACSS1A
ENSGALG00010018900	ENSGALG00010018900
TCF7L2	TCF7L2
ENSGALG00010018902	ENSGALG00010018902
CAMTA1	CAMTA1
UGP2	UGP2
ENSGALG00010018905	ENSGALG00010018905
ENSGALG00010018906	ENSGALG00010018906
ENSGALG00010018907	ENSGALG00010018907
ENSGALG00010018908	ENSGALG00010018908
TTBK1	TTBK1
ENSGALG00010018910	ENSGALG00010018910
CNIH1	CNIH1
ENSGALG00010018912	ENSGALG00010018912
ENSGALG00010018913	ENSGALG00010018913
ENSGALG00010018914	ENSGALG00010018914
DOCK5	DOCK5
CERS3	CERS3
DNAJC11	DNAJC11
ENSGALG00010018918	ENSGALG00010018918
RALB	RALB
ACAD11	ACAD11
ENSGALG00010018921	ENSGALG00010018921
EEF2K	EEF2K
VPS54	VPS54
ENSGALG00010018924	ENSGALG00010018924
LINS1	LINS1
SLC22A7	SLC22A7
ENSGALG00010018927	ENSGALG00010018927
ENSGALG00010018928	ENSGALG00010018928
ENSGALG00010018929	ENSGALG00010018929
ENSGALG00010018930	ENSGALG00010018930
ENSGALG00010018931	ENSGALG00010018931
CDKN3	CDKN3
PHF13	PHF13
ENSGALG00010018934	ENSGALG00010018934
ENSGALG00010018935	ENSGALG00010018935
SYT14	SYT14
INHBB	INHBB
ENSGALG00010018938	ENSGALG00010018938
ENSGALG00010018939	ENSGALG00010018939
ENSGALG00010018940	ENSGALG00010018940
KLHL21	KLHL21
ENSGALG00010018942	ENSGALG00010018942
ACKR4	ACKR4
NEFL	NEFL
HABP2	HABP2
ENSGALG00010018946	ENSGALG00010018946
ENSGALG00010018947	ENSGALG00010018947
POLR3E	POLR3E
ENSGALG00010018949	ENSGALG00010018949
TTL	TTL
YKT6	YKT6
ENSGALG00010018952	ENSGALG00010018952
ENSGALG00010018953	ENSGALG00010018953
ENSGALG00010018954	ENSGALG00010018954
ZBTB48	ZBTB48
ENSGALG00010018956	ENSGALG00010018956
ENSGALG00010018957	ENSGALG00010018957
PELI3	PELI3
UBA5	UBA5
RBFOX1	RBFOX1
ASB7	ASB7
ENSGALG00010018962	ENSGALG00010018962
ENSGALG00010018963	ENSGALG00010018963
SNORA63	SNORA63
ENSGALG00010018965	ENSGALG00010018965
ENSGALG00010018966	ENSGALG00010018966
ENSGALG00010018967	ENSGALG00010018967
GLI2	GLI2
DIEXF	DIEXF
ENSGALG00010018970	ENSGALG00010018970
POLR1B	POLR1B
ENSGALG00010018972	ENSGALG00010018972
NEFM	NEFM
TAS1R1	TAS1R1
PAPOLG	PAPOLG
ENSGALG00010018976	ENSGALG00010018976
NPHP3	NPHP3
ENSGALG00010018978	ENSGALG00010018978
SNORD20	SNORD20
ENSGALG00010018980	ENSGALG00010018980
SNORD82	SNORD82
SNORA75	SNORA75
MDGA2	MDGA2
gga-mir-551	gga-mir-551
NOL9	NOL9
CTDSP1	CTDSP1
MRPS10	MRPS10
ENSGALG00010018988	ENSGALG00010018988
ENSGALG00010018989	ENSGALG00010018989
GCK	GCK
RYBP	RYBP
gga-mir-6617	gga-mir-6617
ENSGALG00010018993	ENSGALG00010018993
ENSGALG00010018994	ENSGALG00010018994
gga-mir-6611	gga-mir-6611
IL20RB	IL20RB
gga-mir-1755	gga-mir-1755
RPS29	RPS29
THUMPD3	THUMPD3
TRERF1	TRERF1
ALDH1A3	ALDH1A3
gga-mir-3535	gga-mir-3535
ENSGALG00010019003	ENSGALG00010019003
ECE2	ECE2
ENSGALG00010019005	ENSGALG00010019005
ENSGALG00010019006	ENSGALG00010019006
ENSGALG00010019007	ENSGALG00010019007
HERPUD2	HERPUD2
NRAP	NRAP
ENSGALG00010019010	ENSGALG00010019010
VIL1	VIL1
ADAM28	ADAM28
LRRK1	LRRK1
ENSGALG00010019014	ENSGALG00010019014
GSG1L	GSG1L
PLEKHG5	PLEKHG5
IRAK2	IRAK2
SH3BGRL	SH3BGRL
TBX20	TBX20
KCNK2	KCNK2
LRR1	LRR1
ENSGALG00010019022	ENSGALG00010019022
AP2M1	AP2M1
CNPY3	CNPY3
DNAAF2	DNAAF2
CHSY1	CHSY1
GNLY	GNLY
TNFRSF25	TNFRSF25
CENPF	CENPF
CDR2	CDR2
ENSGALG00010019031	ENSGALG00010019031
GNMT	GNMT
CYP2AB4	CYP2AB4
CASP7	CASP7
ENSGALG00010019035	ENSGALG00010019035
REL	REL
ENSGALG00010019037	ENSGALG00010019037
PLEKHS1	PLEKHS1
ENSGALG00010019039	ENSGALG00010019039
HMGN5	HMGN5
KATNIP	KATNIP
PEX6	PEX6
METTL9	METTL9
ENSGALG00010019044	ENSGALG00010019044
LBX1	LBX1
SELENOS	SELENOS
GHRL	GHRL
ENSGALG00010019048	ENSGALG00010019048
POLD2	POLD2
TNS1	TNS1
IGSF6	IGSF6
PFN3	PFN3
ENSGALG00010019053	ENSGALG00010019053
ENSGALG00010019054	ENSGALG00010019054
ENSGALG00010019055	ENSGALG00010019055
ENSGALG00010019056	ENSGALG00010019056
ENSGALG00010019057	ENSGALG00010019057
ENSGALG00010019058	ENSGALG00010019058
BRWD3	BRWD3
ENSGALG00010019060	ENSGALG00010019060
ENSGALG00010019061	ENSGALG00010019061
PUS10	PUS10
ENSGALG00010019063	ENSGALG00010019063
DPY19L1	DPY19L1
CAND2	CAND2
ENSGALG00010019066	ENSGALG00010019066
GTF3C1	GTF3C1
SNRPA1	SNRPA1
ENSGALG00010019069	ENSGALG00010019069
ENSGALG00010019070	ENSGALG00010019070
ENSGALG00010019071	ENSGALG00010019071
AEBP1	AEBP1
ENSGALG00010019073	ENSGALG00010019073
ENSGALG00010019074	ENSGALG00010019074
ENSGALG00010019075	ENSGALG00010019075
ESPN	ESPN
ENSGALG00010019077	ENSGALG00010019077
ENSGALG00010019078	ENSGALG00010019078
CAPG	CAPG
ENSGALG00010019080	ENSGALG00010019080
PCSK6	PCSK6
POLR3K	POLR3K
OTOA	OTOA
ENSGALG00010019084	ENSGALG00010019084
ENSGALG00010019085	ENSGALG00010019085
ENSGALG00010019086	ENSGALG00010019086
PEX13	PEX13
ENSGALG00010019088	ENSGALG00010019088
ENSGALG00010019089	ENSGALG00010019089
NPSR1	NPSR1
ENSGALG00010019091	ENSGALG00010019091
HES2	HES2
RPL32	RPL32
SNRNP25	SNRNP25
ENSGALG00010019095	ENSGALG00010019095
ENSGALG00010019096	ENSGALG00010019096
STC1	STC1
ENSGALG00010019098	ENSGALG00010019098
ENSGALG00010019099	ENSGALG00010019099
ENSGALG00010019100	ENSGALG00010019100
POLE2	POLE2
ENSGALG00010019102	ENSGALG00010019102
ENSGALG00010019103	ENSGALG00010019103
POLL	POLL
ENSGALG00010019105	ENSGALG00010019105
ENSGALG00010019106	ENSGALG00010019106
ENSGALG00010019107	ENSGALG00010019107
KDELR2	KDELR2
ENSGALG00010019109	ENSGALG00010019109
MBD4	MBD4
ENSGALG00010019111	ENSGALG00010019111
ENSGALG00010019112	ENSGALG00010019112
KLHDC1	KLHDC1
FAM46D	FAM46D
DBNL	DBNL
ENSGALG00010019116	ENSGALG00010019116
ENSGALG00010019117	ENSGALG00010019117
ENSGALG00010019118	ENSGALG00010019118
ENSGALG00010019119	ENSGALG00010019119
DAGLB	DAGLB
ENSGALG00010019121	ENSGALG00010019121
ENSGALG00010019122	ENSGALG00010019122
PLEKHO2	PLEKHO2
BMPER	BMPER
ENSGALG00010019125	ENSGALG00010019125
ENSGALG00010019126	ENSGALG00010019126
TMBIM1	TMBIM1
ENSGALG00010019128	ENSGALG00010019128
ENSGALG00010019129	ENSGALG00010019129
RPS6KC1	RPS6KC1
ENSGALG00010019131	ENSGALG00010019131
ENSGALG00010019132	ENSGALG00010019132
ENSGALG00010019133	ENSGALG00010019133
ENSGALG00010019134	ENSGALG00010019134
KIAA1841	KIAA1841
ENSGALG00010019136	ENSGALG00010019136
ENSGALG00010019137	ENSGALG00010019137
ENSGALG00010019138	ENSGALG00010019138
DPCD	DPCD
ENSGALG00010019140	ENSGALG00010019140
ACOT7	ACOT7
ENSGALG00010019142	ENSGALG00010019142
ENSGALG00010019143	ENSGALG00010019143
IFT122	IFT122
RAC1	RAC1
KLHDC2	KLHDC2
ENSGALG00010019147	ENSGALG00010019147
ENSGALG00010019148	ENSGALG00010019148
COX5B	COX5B
ENSGALG00010019150	ENSGALG00010019150
ENSGALG00010019151	ENSGALG00010019151
ENSGALG00010019152	ENSGALG00010019152
ENSGALG00010019153	ENSGALG00010019153
ENSGALG00010019154	ENSGALG00010019154
ENSGALG00010019155	ENSGALG00010019155
ENSGALG00010019156	ENSGALG00010019156
ENSGALG00010019157	ENSGALG00010019157
ENSGALG00010019158	ENSGALG00010019158
ENSGALG00010019159	ENSGALG00010019159
ENSGALG00010019160	ENSGALG00010019160
ENSGALG00010019161	ENSGALG00010019161
gga-mir-103-2	gga-mir-103-2
ENSGALG00010019163	ENSGALG00010019163
CATIP	CATIP
ENSGALG00010019165	ENSGALG00010019165
PNPT1	PNPT1
gga-mir-1654	gga-mir-1654
ENSGALG00010019168	ENSGALG00010019168
GPR153	GPR153
gga-mir-12276	gga-mir-12276
ENSGALG00010019171	ENSGALG00010019171
NEMF	NEMF
RHO	RHO
ENSGALG00010019174	ENSGALG00010019174
gga-mir-146c	gga-mir-146c
ENSGALG00010019176	ENSGALG00010019176
gga-mir-6627	gga-mir-6627
ENSGALG00010019178	ENSGALG00010019178
gga-mir-6705	gga-mir-6705
ENSGALG00010019180	ENSGALG00010019180
ENSGALG00010019181	ENSGALG00010019181
ENSGALG00010019182	ENSGALG00010019182
ANGEL2	ANGEL2
PNKD	PNKD
ANKDD1A	ANKDD1A
ENSGALG00010019186	ENSGALG00010019186
ENSGALG00010019187	ENSGALG00010019187
ENSGALG00010019188	ENSGALG00010019188
ICMT	ICMT
ENSGALG00010019190	ENSGALG00010019190
ENSGALG00010019191	ENSGALG00010019191
ENSGALG00010019192	ENSGALG00010019192
ENSGALG00010019193	ENSGALG00010019193
ENSGALG00010019194	ENSGALG00010019194
ENSGALG00010019195	ENSGALG00010019195
ENSGALG00010019196	ENSGALG00010019196
ENSGALG00010019197	ENSGALG00010019197
ENSGALG00010019198	ENSGALG00010019198
ENSGALG00010019199	ENSGALG00010019199
ENSGALG00010019200	ENSGALG00010019200
ENSGALG00010019201	ENSGALG00010019201
ENSGALG00010019202	ENSGALG00010019202
ENSGALG00010019203	ENSGALG00010019203
ARF6	ARF6
ENSGALG00010019205	ENSGALG00010019205
RNF207	RNF207
ENSGALG00010019207	ENSGALG00010019207
PLXND1	PLXND1
VCPKMT	VCPKMT
ENSGALG00010019210	ENSGALG00010019210
ENSGALG00010019211	ENSGALG00010019211
RPL22	RPL22
RHBDF1	RHBDF1
ENSGALG00010019214	ENSGALG00010019214
ENSGALG00010019215	ENSGALG00010019215
ENSGALG00010019216	ENSGALG00010019216
ENSGALG00010019217	ENSGALG00010019217
RMND5A - ENSGALG00010019218	RMND5A - ENSGALG00010019218
ENSGALG00010019219	ENSGALG00010019219
ENSGALG00010019220	ENSGALG00010019220
VASH2	VASH2
ENSGALG00010019222	ENSGALG00010019222
AAMP	AAMP
ENSGALG00010019224	ENSGALG00010019224
PROK2	PROK2
ENSGALG00010019226	ENSGALG00010019226
CLCN5	CLCN5
ENSGALG00010019228	ENSGALG00010019228
ENSGALG00010019229	ENSGALG00010019229
SPG21	SPG21
SLC6A8 - ENSGALG00010019231	SLC6A8 - ENSGALG00010019231
SOS2	SOS2
ARPC2	ARPC2
ENSGALG00010019234	ENSGALG00010019234
ENSGALG00010019235	ENSGALG00010019235
MPG	MPG
SORCS3	SORCS3
ENSGALG00010019238	ENSGALG00010019238
CYTH3	CYTH3
ENSGALG00010019240	ENSGALG00010019240
ENSGALG00010019241	ENSGALG00010019241
ENSGALG00010019242	ENSGALG00010019242
SERTAD2	SERTAD2
ENSGALG00010019244	ENSGALG00010019244
ENSGALG00010019245	ENSGALG00010019245
IL17RC	IL17RC
HBZ	HBZ
RMI2	RMI2
ENSGALG00010019249	ENSGALG00010019249
CXCR1	CXCR1
ENSGALG00010019251	ENSGALG00010019251
TATDN3	TATDN3
HBAD	HBAD
ENSGALG00010019254	ENSGALG00010019254
ENSGALG00010019255	ENSGALG00010019255
BBS9	BBS9
SLC1A4	SLC1A4
ENSGALG00010019258	ENSGALG00010019258
L2HGDH	L2HGDH
TRAIL-LIKE	TRAIL-LIKE
ENSGALG00010019261	ENSGALG00010019261
TMC3	TMC3
SNRPB2	SNRPB2
HK2	HK2
RUFY4	RUFY4
ATP5S	ATP5S
STARD5	STARD5
NSL1	NSL1
SOCS1	SOCS1
ENSGALG00010019270	ENSGALG00010019270
CDKL1	CDKL1
ENSGALG00010019272	ENSGALG00010019272
CFAP161	CFAP161
ENSGALG00010019274	ENSGALG00010019274
CTAGE1	CTAGE1
ENSGALG00010019276	ENSGALG00010019276
IGFBP5	IGFBP5
JPT2	JPT2
ENSGALG00010019279	ENSGALG00010019279
MESDC1	MESDC1
ENSGALG00010019281	ENSGALG00010019281
IGFBP2	IGFBP2
NT5C3A	NT5C3A
CHD5	CHD5
BATF3	BATF3
ENSGALG00010019286	ENSGALG00010019286
AHSA2	AHSA2
RPL37A	RPL37A
FKBP9	FKBP9
ENSGALG00010019290	ENSGALG00010019290
ADD2	ADD2
ENSGALG00010019292	ENSGALG00010019292
ENSGALG00010019293	ENSGALG00010019293
SMARCAL1	SMARCAL1
MAP4K5	MAP4K5
ENSGALG00010019296	ENSGALG00010019296
SLC25A26	SLC25A26
PGAP6	PGAP6
ENSGALG00010019299	ENSGALG00010019299
MESDC2	MESDC2
ENSGALG00010019301	ENSGALG00010019301
USP34	USP34
ENSGALG00010019303	ENSGALG00010019303
ENSGALG00010019304	ENSGALG00010019304
SNRNP27	SNRNP27
ENSGALG00010019306	ENSGALG00010019306
ATF3	ATF3
ENSGALG00010019308	ENSGALG00010019308
ENSGALG00010019309	ENSGALG00010019309
CRELD1	CRELD1
ENSGALG00010019311	ENSGALG00010019311
KBTBD2	KBTBD2
MRPL28	MRPL28
GKN2	GKN2
ENSGALG00010019315	ENSGALG00010019315
CLEC16A	CLEC16A
ENSGALG00010019317	ENSGALG00010019317
NOG2	NOG2
ACTR3	ACTR3
ENSGALG00010019320	ENSGALG00010019320
ENSGALG00010019321	ENSGALG00010019321
EGR3	EGR3
LRIG1	LRIG1
ENSGALG00010019324	ENSGALG00010019324
SLITRK4	SLITRK4
ENSGALG00010019326	ENSGALG00010019326
ENSGALG00010019327	ENSGALG00010019327
ENSGALG00010019328	ENSGALG00010019328
ENSGALG00010019329	ENSGALG00010019329
ENSGALG00010019330	ENSGALG00010019330
CEMIP	CEMIP
ENSGALG00010019332	ENSGALG00010019332
ENSGALG00010019333	ENSGALG00010019333
ATL1	ATL1
HIPK3	HIPK3
DEXI	DEXI
XPO1	XPO1
ENSGALG00010019338	ENSGALG00010019338
ENSGALG00010019339	ENSGALG00010019339
ENSGALG00010019340	ENSGALG00010019340
ENSGALG00010019341	ENSGALG00010019341
ENSGALG00010019342	ENSGALG00010019342
ENSGALG00010019343	ENSGALG00010019343
DNAJC24	DNAJC24
ENSGALG00010019345	ENSGALG00010019345
POU3F4	POU3F4
ENSGALG00010019347	ENSGALG00010019347
ENSGALG00010019348	ENSGALG00010019348
ENSGALG00010019349	ENSGALG00010019349
SAV1	SAV1
ENSGALG00010019351	ENSGALG00010019351
ENSGALG00010019352	ENSGALG00010019352
ENSGALG00010019353	ENSGALG00010019353
ENSGALG00010019354	ENSGALG00010019354
ENTPD4	ENTPD4
AVL9	AVL9
ENSGALG00010019357	ENSGALG00010019357
ENSGALG00010019358	ENSGALG00010019358
ENSGALG00010019359	ENSGALG00010019359
ENSGALG00010019360	ENSGALG00010019360
ENSGALG00010019361	ENSGALG00010019361
ENSGALG00010019362	ENSGALG00010019362
ENSGALG00010019363	ENSGALG00010019363
ENSGALG00010019364	ENSGALG00010019364
ENSGALG00010019365	ENSGALG00010019365
ENSGALG00010019366	ENSGALG00010019366
ENSGALG00010019367	ENSGALG00010019367
ENSGALG00010019368	ENSGALG00010019368
ENSGALG00010019369	ENSGALG00010019369
ENSGALG00010019370	ENSGALG00010019370
TMEM87A	TMEM87A
ENSGALG00010019372	ENSGALG00010019372
DENND5A	DENND5A
ENSGALG00010019374	ENSGALG00010019374
ENSGALG00010019375	ENSGALG00010019375
ENSGALG00010019376	ENSGALG00010019376
ENSGALG00010019377	ENSGALG00010019377
ENSGALG00010019378	ENSGALG00010019378
ENSGALG00010019379	ENSGALG00010019379
ENSGALG00010019380	ENSGALG00010019380
ENSGALG00010019381	ENSGALG00010019381
ENSGALG00010019382	ENSGALG00010019382
ENSGALG00010019383	ENSGALG00010019383
ENSGALG00010019384	ENSGALG00010019384
ENSGALG00010019385	ENSGALG00010019385
ENSGALG00010019386	ENSGALG00010019386
ENSGALG00010019387	ENSGALG00010019387
GPR75	GPR75
ENSGALG00010019389	ENSGALG00010019389
TVP23A	TVP23A
GANC	GANC
NIN	NIN
ENSGALG00010019393	ENSGALG00010019393
ENSGALG00010019394	ENSGALG00010019394
ENSGALG00010019395	ENSGALG00010019395
ENSGALG00010019396	ENSGALG00010019396
ENSGALG00010019397	ENSGALG00010019397
SLC35F5	SLC35F5
CD248	CD248
ENSGALG00010019400	ENSGALG00010019400
ENSGALG00010019401	ENSGALG00010019401
ENSGALG00010019402	ENSGALG00010019402
TMEM206	TMEM206
ENSGALG00010019404	ENSGALG00010019404
ENSGALG00010019405	ENSGALG00010019405
ENSGALG00010019406	ENSGALG00010019406
ENSGALG00010019407	ENSGALG00010019407
ENSGALG00010019408	ENSGALG00010019408
ENSGALG00010019409	ENSGALG00010019409
ENSGALG00010019410	ENSGALG00010019410
LSM5	LSM5
ENSGALG00010019412	ENSGALG00010019412
ENSGALG00010019413	ENSGALG00010019413
ENSGALG00010019414	ENSGALG00010019414
ENSGALG00010019415	ENSGALG00010019415
GPR39	GPR39
ENSGALG00010019417	ENSGALG00010019417
ZNF703	ZNF703
ENSGALG00010019419	ENSGALG00010019419
ENSGALG00010019420	ENSGALG00010019420
ENSGALG00010019421	ENSGALG00010019421
IMMP1L	IMMP1L
LYPD1	LYPD1
ENSGALG00010019424	ENSGALG00010019424
ENSGALG00010019425	ENSGALG00010019425
GRM7	GRM7
ENSGALG00010019427	ENSGALG00010019427
ENSGALG00010019428	ENSGALG00010019428
ENSGALG00010019429	ENSGALG00010019429
ENSGALG00010019430	ENSGALG00010019430
ENSGALG00010019431	ENSGALG00010019431
ENSGALG00010019432	ENSGALG00010019432
ENSGALG00010019433	ENSGALG00010019433
ENSGALG00010019434	ENSGALG00010019434
ENSGALG00010019435	ENSGALG00010019435
ENSGALG00010019436	ENSGALG00010019436
ENSGALG00010019437	ENSGALG00010019437
ENSGALG00010019438	ENSGALG00010019438
gga-mir-7464	gga-mir-7464
ENSGALG00010019440	ENSGALG00010019440
LMCD1	LMCD1
ENSGALG00010019442	ENSGALG00010019442
NCKAP5	NCKAP5
gga-mir-3526	gga-mir-3526
ENSGALG00010019445	ENSGALG00010019445
ENSGALG00010019446	ENSGALG00010019446
ENSGALG00010019447	ENSGALG00010019447
gga-mir-194	gga-mir-194
ENSGALG00010019449	ENSGALG00010019449
gga-mir-1641	gga-mir-1641
CAV3	CAV3
ENSGALG00010019452	ENSGALG00010019452
gga-mir-6563	gga-mir-6563
ENSGALG00010019454	ENSGALG00010019454
ENSGALG00010019455	ENSGALG00010019455
gga-mir-215	gga-mir-215
ENSGALG00010019457	ENSGALG00010019457
ELP4	ELP4
gga-mir-6711	gga-mir-6711
ENSGALG00010019460	ENSGALG00010019460
MGAT5	MGAT5
ENSGALG00010019462	ENSGALG00010019462
gga-mir-1756b	gga-mir-1756b
ENSGALG00010019464	ENSGALG00010019464
ENSGALG00010019465	ENSGALG00010019465
ENSGALG00010019466	ENSGALG00010019466
ENSGALG00010019467	ENSGALG00010019467
ENSGALG00010019468	ENSGALG00010019468
ENSGALG00010019469	ENSGALG00010019469
TGFB2	TGFB2
NUBP1	NUBP1
CAPN3	CAPN3
OXTR	OXTR
TMEM163	TMEM163
ENSGALG00010019475	ENSGALG00010019475
ENSGALG00010019476	ENSGALG00010019476
NCAPH	NCAPH
ENSGALG00010019478	ENSGALG00010019478
ENSGALG00010019479	ENSGALG00010019479
ENSGALG00010019480	ENSGALG00010019480
PYGL	PYGL
ENSGALG00010019482	ENSGALG00010019482
SCUBE2	SCUBE2
ENSGALG00010019484	ENSGALG00010019484
ENSGALG00010019485	ENSGALG00010019485
ENSGALG00010019486	ENSGALG00010019486
ENSGALG00010019487	ENSGALG00010019487
TEKT5	TEKT5
ENSGALG00010019489	ENSGALG00010019489
ENSGALG00010019490	ENSGALG00010019490
ENSGALG00010019491	ENSGALG00010019491
ENSGALG00010019492	ENSGALG00010019492
ENSGALG00010019493	ENSGALG00010019493
ENSGALG00010019494	ENSGALG00010019494
EMP2	EMP2
ENSGALG00010019496	ENSGALG00010019496
ENSGALG00010019497	ENSGALG00010019497
ENSGALG00010019498	ENSGALG00010019498
ENSGALG00010019499	ENSGALG00010019499
ENSGALG00010019500	ENSGALG00010019500
ENSGALG00010019501	ENSGALG00010019501
ENSGALG00010019502	ENSGALG00010019502
ENSGALG00010019503	ENSGALG00010019503
ENSGALG00010019504	ENSGALG00010019504
ENSGALG00010019505	ENSGALG00010019505
ENSGALG00010019506	ENSGALG00010019506
ENSGALG00010019507	ENSGALG00010019507
ENSGALG00010019508	ENSGALG00010019508
ZNF106	ZNF106
ENSGALG00010019510	ENSGALG00010019510
ENSGALG00010019511	ENSGALG00010019511
ENSGALG00010019512	ENSGALG00010019512
ENSGALG00010019513	ENSGALG00010019513
ENSGALG00010019514	ENSGALG00010019514
NENF	NENF
ENSGALG00010019516	ENSGALG00010019516
ENSGALG00010019517	ENSGALG00010019517
ENSGALG00010019518	ENSGALG00010019518
ENSGALG00010019519	ENSGALG00010019519
CD6	CD6
ENSGALG00010019521	ENSGALG00010019521
ENSGALG00010019522	ENSGALG00010019522
ENSGALG00010019523	ENSGALG00010019523
HHIPL2	HHIPL2
ENSGALG00010019525	ENSGALG00010019525
ENSGALG00010019526	ENSGALG00010019526
ENSGALG00010019527	ENSGALG00010019527
ENSGALG00010019528	ENSGALG00010019528
SNAP23	SNAP23
ENSGALG00010019530	ENSGALG00010019530
ENSGALG00010019531	ENSGALG00010019531
ENSGALG00010019532	ENSGALG00010019532
ENSGALG00010019533	ENSGALG00010019533
PPP2R5A	PPP2R5A
ENSGALG00010019535	ENSGALG00010019535
ENSGALG00010019536	ENSGALG00010019536
ENSGALG00010019537	ENSGALG00010019537
ENSGALG00010019538	ENSGALG00010019538
ENSGALG00010019539	ENSGALG00010019539
UNC5D	UNC5D
ENSGALG00010019541	ENSGALG00010019541
ENSGALG00010019542	ENSGALG00010019542
ENSGALG00010019543	ENSGALG00010019543
ENSGALG00010019544	ENSGALG00010019544
ENSGALG00010019545	ENSGALG00010019545
HSD17B12	HSD17B12
ENSGALG00010019547	ENSGALG00010019547
ENSGALG00010019548	ENSGALG00010019548
gga-mir-12225	gga-mir-12225
ACMSD	ACMSD
ENSGALG00010019551	ENSGALG00010019551
ENSGALG00010019552	ENSGALG00010019552
ENSGALG00010019553	ENSGALG00010019553
gga-mir-1715	gga-mir-1715
ENSGALG00010019555	ENSGALG00010019555
ENSGALG00010019556	ENSGALG00010019556
TRIM9	TRIM9
gga-mir-1564	gga-mir-1564
ENSGALG00010019559	ENSGALG00010019559
ENSGALG00010019560	ENSGALG00010019560
ENSGALG00010019561	ENSGALG00010019561
ENSGALG00010019562	ENSGALG00010019562
ENSGALG00010019563	ENSGALG00010019563
ENSGALG00010019564	ENSGALG00010019564
gga-mir-1588	gga-mir-1588
ENSGALG00010019566	ENSGALG00010019566
ENSGALG00010019567	ENSGALG00010019567
gga-mir-7471	gga-mir-7471
ENSGALG00010019569	ENSGALG00010019569
ENSGALG00010019570	ENSGALG00010019570
ENSGALG00010019571	ENSGALG00010019571
NFKBIE	NFKBIE
gga-mir-6643	gga-mir-6643
ENSGALG00010019574	ENSGALG00010019574
ENSGALG00010019575	ENSGALG00010019575
ENSGALG00010019576	ENSGALG00010019576
MXD1	MXD1
ENSGALG00010019578	ENSGALG00010019578
ENSGALG00010019579	ENSGALG00010019579
CD5	CD5
SLC35B2	SLC35B2
ENSGALG00010019582	ENSGALG00010019582
ENSGALG00010019583	ENSGALG00010019583
RAD18	RAD18
PDE1C	PDE1C
GLYR1	GLYR1
CCNT2	CCNT2
CHMP7	CHMP7
ENSGALG00010019589	ENSGALG00010019589
ENSGALG00010019590	ENSGALG00010019590
HSP90AB1	HSP90AB1
ALKBH3	ALKBH3
ENSGALG00010019593	ENSGALG00010019593
TMX1	TMX1
GRIN2A	GRIN2A
ENSGALG00010019596	ENSGALG00010019596
ENSGALG00010019597	ENSGALG00010019597
KCNAB2	KCNAB2
ENSGALG00010019599	ENSGALG00010019599
MAP3K19	MAP3K19
ENSGALG00010019601	ENSGALG00010019601
SLC29A1	SLC29A1
ENSGALG00010019603	ENSGALG00010019603
ENSGALG00010019604	ENSGALG00010019604
ENSGALG00010019605	ENSGALG00010019605
ENSGALG00010019606	ENSGALG00010019606
ENSGALG00010019607	ENSGALG00010019607
ENSGALG00010019608	ENSGALG00010019608
ENSGALG00010019609	ENSGALG00010019609
CORO7	CORO7
ENSGALG00010019611	ENSGALG00010019611
ENSGALG00010019612	ENSGALG00010019612
FRMD6	FRMD6
MICALL2	MICALL2
ENSGALG00010019615	ENSGALG00010019615
ENSGALG00010019616	ENSGALG00010019616
ANO3	ANO3
NPHP4	NPHP4
ENSGALG00010019619	ENSGALG00010019619
ENSGALG00010019620	ENSGALG00010019620
ENSGALG00010019621	ENSGALG00010019621
C2orf42	C2orf42
ENSGALG00010019623	ENSGALG00010019623
SRGAP3	SRGAP3
INTS1	INTS1
ENSGALG00010019626	ENSGALG00010019626
ENSGALG00010019627	ENSGALG00010019627
ENSGALG00010019628	ENSGALG00010019628
ENSGALG00010019629	ENSGALG00010019629
AJAP1	AJAP1
ENSGALG00010019631	ENSGALG00010019631
ENSGALG00010019632	ENSGALG00010019632
ENSGALG00010019633	ENSGALG00010019633
GNG2	GNG2
LRRC57	LRRC57
ENSGALG00010019636	ENSGALG00010019636
ENSGALG00010019637	ENSGALG00010019637
ENSGALG00010019638	ENSGALG00010019638
ENSGALG00010019639	ENSGALG00010019639
MGRN1	MGRN1
CAPN11	CAPN11
ENSGALG00010019642	ENSGALG00010019642
RAB3GAP1	RAB3GAP1
ENSGALG00010019644	ENSGALG00010019644
ENSGALG00010019645	ENSGALG00010019645
VPS37C	VPS37C
ENSGALG00010019647	ENSGALG00010019647
PRDM16	PRDM16
TMEM63B	TMEM63B
KBTBD8	KBTBD8
ENSGALG00010019651	ENSGALG00010019651
TNFRSF10B	TNFRSF10B
ENSGALG00010019653	ENSGALG00010019653
ENSGALG00010019654	ENSGALG00010019654
RTRAF	RTRAF
ENSGALG00010019656	ENSGALG00010019656
PPP1R17	PPP1R17
ENSGALG00010019658	ENSGALG00010019658
MRPL14	MRPL14
ENSGALG00010019660	ENSGALG00010019660
ENSGALG00010019661	ENSGALG00010019661
ENSGALG00010019662	ENSGALG00010019662
ENSGALG00010019663	ENSGALG00010019663
ENSGALG00010019664	ENSGALG00010019664
ENSGALG00010019665	ENSGALG00010019665
TTC34	TTC34
ITPRID1	ITPRID1
ENSGALG00010019668	ENSGALG00010019668
ENSGALG00010019669	ENSGALG00010019669
ENSGALG00010019670	ENSGALG00010019670
ENSGALG00010019671	ENSGALG00010019671
ENSGALG00010019672	ENSGALG00010019672
NID2	NID2
ENSGALG00010019674	ENSGALG00010019674
MAFK	MAFK
NEUROD6	NEUROD6
ENSGALG00010019677	ENSGALG00010019677
ENSGALG00010019678	ENSGALG00010019678
RHOBTB2	RHOBTB2
CCDC34	CCDC34
ENSGALG00010019681	ENSGALG00010019681
TMEM158	TMEM158
TMEM184A	TMEM184A
PIGQ	PIGQ
ENSGALG00010019685	ENSGALG00010019685
ENSGALG00010019686	ENSGALG00010019686
ENSGALG00010019687	ENSGALG00010019687
OTX2	OTX2
ENSGALG00010019689	ENSGALG00010019689
ENSGALG00010019690	ENSGALG00010019690
ENSGALG00010019691	ENSGALG00010019691
MMEL1	MMEL1
HAUS2	HAUS2
ENSGALG00010019694	ENSGALG00010019694
PGA5	PGA5
ENSGALG00010019696	ENSGALG00010019696
EIF4EBP1	EIF4EBP1
ENSGALG00010019698	ENSGALG00010019698
ENSGALG00010019699	ENSGALG00010019699
ENSGALG00010019700	ENSGALG00010019700
ENSGALG00010019701	ENSGALG00010019701
ENSGALG00010019702	ENSGALG00010019702
ENSGALG00010019703	ENSGALG00010019703
ENSGALG00010019704	ENSGALG00010019704
ENSGALG00010019705	ENSGALG00010019705
NPRL3	NPRL3
SLC5A12	SLC5A12
ENSGALG00010019708	ENSGALG00010019708
ENSGALG00010019709	ENSGALG00010019709
ENSGALG00010019710	ENSGALG00010019710
ENSGALG00010019711	ENSGALG00010019711
ENSGALG00010019712	ENSGALG00010019712
NUDT14	NUDT14
ENSGALG00010019714	ENSGALG00010019714
ENSGALG00010019715	ENSGALG00010019715
VEGFA	VEGFA
ZRANB3	ZRANB3
ENSGALG00010019718	ENSGALG00010019718
ENSGALG00010019719	ENSGALG00010019719
ENSGALG00010019720	ENSGALG00010019720
ENSGALG00010019721	ENSGALG00010019721
ENSGALG00010019722	ENSGALG00010019722
ENSGALG00010019723	ENSGALG00010019723
HES5	HES5
ENSGALG00010019725	ENSGALG00010019725
PEBP4	PEBP4
ENSGALG00010019727	ENSGALG00010019727
ENSGALG00010019728	ENSGALG00010019728
ENSGALG00010019729	ENSGALG00010019729
ENSGALG00010019730	ENSGALG00010019730
PANK4	PANK4
HBA1	HBA1
ENSGALG00010019733	ENSGALG00010019733
ENSGALG00010019734	ENSGALG00010019734
ENSGALG00010019735	ENSGALG00010019735
ENSGALG00010019736	ENSGALG00010019736
ENSGALG00010019737	ENSGALG00010019737
ADRA2A	ADRA2A
ENSGALG00010019739	ENSGALG00010019739
ENSGALG00010019740	ENSGALG00010019740
ENSGALG00010019741	ENSGALG00010019741
ENSGALG00010019742	ENSGALG00010019742
KCNU1	KCNU1
KBP	KBP
ENSGALG00010019745	ENSGALG00010019745
ENSGALG00010019746	ENSGALG00010019746
ENSGALG00010019747	ENSGALG00010019747
ENSGALG00010019748	ENSGALG00010019748
ENSGALG00010019749	ENSGALG00010019749
ENSGALG00010019750	ENSGALG00010019750
ENSGALG00010019751	ENSGALG00010019751
GPAM	GPAM
ENSGALG00010019753	ENSGALG00010019753
ENSGALG00010019754	ENSGALG00010019754
ENSGALG00010019755	ENSGALG00010019755
ENSGALG00010019756	ENSGALG00010019756
ENSGALG00010019757	ENSGALG00010019757
ENSGALG00010019758	ENSGALG00010019758
ENSGALG00010019759	ENSGALG00010019759
ENSGALG00010019760	ENSGALG00010019760
MRPS18A	MRPS18A
ENSGALG00010019762	ENSGALG00010019762
TECTB	TECTB
ENSGALG00010019764	ENSGALG00010019764
ENSGALG00010019765	ENSGALG00010019765
ENSGALG00010019766	ENSGALG00010019766
SUCLG2	SUCLG2
ENSGALG00010019768	ENSGALG00010019768
ENSGALG00010019769	ENSGALG00010019769
ENSGALG00010019770	ENSGALG00010019770
VWCE	VWCE
ENSGALG00010019772	ENSGALG00010019772
ENSGALG00010019773	ENSGALG00010019773
ENSGALG00010019774	ENSGALG00010019774
ENSGALG00010019775	ENSGALG00010019775
ENSGALG00010019776	ENSGALG00010019776
ENSGALG00010019777	ENSGALG00010019777
ABHD17C	ABHD17C
ENSGALG00010019779	ENSGALG00010019779
ENSGALG00010019780	ENSGALG00010019780
ENSGALG00010019781	ENSGALG00010019781
ENSGALG00010019782	ENSGALG00010019782
ENSGALG00010019783	ENSGALG00010019783
ENSGALG00010019784	ENSGALG00010019784
ACSL5	ACSL5
R3HDM1	R3HDM1
ENSGALG00010019787	ENSGALG00010019787
ENSGALG00010019788	ENSGALG00010019788
ARNT2	ARNT2
ENSGALG00010019790	ENSGALG00010019790
ENSGALG00010019791	ENSGALG00010019791
ENSGALG00010019792	ENSGALG00010019792
ENSGALG00010019793	ENSGALG00010019793
RSPH9	RSPH9
ENSGALG00010019795	ENSGALG00010019795
ENSGALG00010019796	ENSGALG00010019796
ENSGALG00010019797	ENSGALG00010019797
ENSGALG00010019798	ENSGALG00010019798
DOK2	DOK2
EXT2	EXT2
FIBIN	FIBIN
ENSGALG00010019802	ENSGALG00010019802
FAH	FAH
ELFN1	ELFN1
ENSGALG00010019805	ENSGALG00010019805
ENSGALG00010019806	ENSGALG00010019806
ZDHHC6	ZDHHC6
ENSGALG00010019808	ENSGALG00010019808
ENSGALG00010019809	ENSGALG00010019809
ZFAND6	ZFAND6
UBXN4	UBXN4
ENSGALG00010019812	ENSGALG00010019812
EPHX1L	EPHX1L
ENSGALG00010019814	ENSGALG00010019814
ENSGALG00010019815	ENSGALG00010019815
GPR132	GPR132
ENSGALG00010019817	ENSGALG00010019817
ENSGALG00010019818	ENSGALG00010019818
ENSGALG00010019819	ENSGALG00010019819
BBOX1	BBOX1
ENSGALG00010019821	ENSGALG00010019821
ENSGALG00010019822	ENSGALG00010019822
LCT	LCT
ENSGALG00010019824	ENSGALG00010019824
BCL2A1	BCL2A1
ENSGALG00010019826	ENSGALG00010019826
ENSGALG00010019827	ENSGALG00010019827
ENSGALG00010019828	ENSGALG00010019828
ENSGALG00010019829	ENSGALG00010019829
JAG2	JAG2
ENSGALG00010019831	ENSGALG00010019831
MAD2L1BP	MAD2L1BP
MTHFS	MTHFS
PLCH2	PLCH2
ENSGALG00010019835	ENSGALG00010019835
MINAR1	MINAR1
ENSGALG00010019837	ENSGALG00010019837
ALX4	ALX4
ENSGALG00010019839	ENSGALG00010019839
ENSGALG00010019840	ENSGALG00010019840
ENSGALG00010019841	ENSGALG00010019841
ENSGALG00010019842	ENSGALG00010019842
MCM6	MCM6
ENSGALG00010019844	ENSGALG00010019844
ENSGALG00010019845	ENSGALG00010019845
ENSGALG00010019846	ENSGALG00010019846
ENSGALG00010019847	ENSGALG00010019847
MAD1L1	MAD1L1
ENSGALG00010019849	ENSGALG00010019849
ENSGALG00010019850	ENSGALG00010019850
ENSGALG00010019851	ENSGALG00010019851
ENSGALG00010019852	ENSGALG00010019852
ENSGALG00010019853	ENSGALG00010019853
CCDC14	CCDC14
TTC7A	TTC7A
ENSGALG00010019856	ENSGALG00010019856
ENSGALG00010019857	ENSGALG00010019857
ENSGALG00010019858	ENSGALG00010019858
BIN3	BIN3
SIX6	SIX6
ENSGALG00010019861	ENSGALG00010019861
ENSGALG00010019862	ENSGALG00010019862
ENSGALG00010019863	ENSGALG00010019863
ENSGALG00010019864	ENSGALG00010019864
ENSGALG00010019865	ENSGALG00010019865
ENSGALG00010019866	ENSGALG00010019866
PEX11A	PEX11A
ENSGALG00010019868	ENSGALG00010019868
ENSGALG00010019869	ENSGALG00010019869
ENSGALG00010019870	ENSGALG00010019870
TAFA1	TAFA1
VTI1A	VTI1A
LGR4	LGR4
ENSGALG00010019874	ENSGALG00010019874
PLEKHH1	PLEKHH1
MRM2	MRM2
ENSGALG00010019877	ENSGALG00010019877
MCFD2	MCFD2
ENSGALG00010019879	ENSGALG00010019879
ENSGALG00010019880	ENSGALG00010019880
ENSGALG00010019881	ENSGALG00010019881
ENSGALG00010019882	ENSGALG00010019882
ENSGALG00010019883	ENSGALG00010019883
SNORD61	SNORD61
ENSGALG00010019885	ENSGALG00010019885
ENSGALG00010019886	ENSGALG00010019886
ENSGALG00010019887	ENSGALG00010019887
SNORD83 - ENSGALG00010019888	SNORD83 - ENSGALG00010019888
ENSGALG00010019889	ENSGALG00010019889
ENSGALG00010019890	ENSGALG00010019890
PIGH	PIGH
ENSGALG00010019892	ENSGALG00010019892
ENSGALG00010019893	ENSGALG00010019893
SNORD83 - ENSGALG00010019894	SNORD83 - ENSGALG00010019894
ENSGALG00010019895	ENSGALG00010019895
DDB1	DDB1
ENSGALG00010019897	ENSGALG00010019897
NUDT1	NUDT1
ENSGALG00010019899	ENSGALG00010019899
ENSGALG00010019900	ENSGALG00010019900
gga-mir-6704	gga-mir-6704
ENSGALG00010019902	ENSGALG00010019902
gga-mir-19b-2	gga-mir-19b-2
ENSGALG00010019904	ENSGALG00010019904
ENSGALG00010019905	ENSGALG00010019905
ENSGALG00010019906	ENSGALG00010019906
gga-mir-106	gga-mir-106
ENSGALG00010019908	ENSGALG00010019908
ENSGALG00010019909	ENSGALG00010019909
ENSGALG00010019910	ENSGALG00010019910
gga-mir-92-2	gga-mir-92-2
ARG2	ARG2
gga-mir-6594	gga-mir-6594
ENSGALG00010019914	ENSGALG00010019914
gga-mir-222b	gga-mir-222b
NOC3L	NOC3L
ENSGALG00010019917	ENSGALG00010019917
gga-mir-20b	gga-mir-20b
LIN7C	LIN7C
ENSGALG00010019920	ENSGALG00010019920
CALM2	CALM2
gga-mir-1586	gga-mir-1586
gga-mir-12268	gga-mir-12268
ENSGALG00010019924	ENSGALG00010019924
RDH11	RDH11
KIF7	KIF7
ENSGALG00010019927	ENSGALG00010019927
gga-mir-223	gga-mir-223
ENSGALG00010019929	ENSGALG00010019929
ENSGALG00010019930	ENSGALG00010019930
ZFYVE26	ZFYVE26
KALRN	KALRN
gga-mir-1462	gga-mir-1462
TKFC	TKFC
ENSGALG00010019935	ENSGALG00010019935
ENSGALG00010019936	ENSGALG00010019936
ENSGALG00010019937	ENSGALG00010019937
TAFA4	TAFA4
ENSGALG00010019939	ENSGALG00010019939
ENSGALG00010019940	ENSGALG00010019940
gga-mir-16c	gga-mir-16c
ENSGALG00010019942	ENSGALG00010019942
ENSGALG00010019943	ENSGALG00010019943
ENSGALG00010019944	ENSGALG00010019944
ENSGALG00010019945	ENSGALG00010019945
gga-mir-460b	gga-mir-460b
ENSGALG00010019947	ENSGALG00010019947
TICRR	TICRR
ENSGALG00010019949	ENSGALG00010019949
gga-mir-18b	gga-mir-18b
ENSGALG00010019951	ENSGALG00010019951
gga-mir-6658	gga-mir-6658
ENSGALG00010019953	ENSGALG00010019953
CYB561A3	CYB561A3
gga-mir-363	gga-mir-363
SLC29A3	SLC29A3
gga-mir-6689	gga-mir-6689
U2 - ENSGALG00010019958	U2 - ENSGALG00010019958
SNORD92	SNORD92
ENSGALG00010019960	ENSGALG00010019960
HTATSF1	HTATSF1
SNX8	SNX8
ENSGALG00010019963	ENSGALG00010019963
PKD2L1	PKD2L1
ENSGALG00010019965	ENSGALG00010019965
ENSGALG00010019966	ENSGALG00010019966
CEP170B	CEP170B
RHCG	RHCG
SNORD53	SNORD53
ENSGALG00010019970	ENSGALG00010019970
U6 - ENSGALG00010019971	U6 - ENSGALG00010019971
PPP1CB	PPP1CB
gga-mir-6542	gga-mir-6542
ENSGALG00010019974	ENSGALG00010019974
ENSGALG00010019975	ENSGALG00010019975
gga-mir-216b	gga-mir-216b
ZMIZ1	ZMIZ1
gga-mir-6583	gga-mir-6583
ENSGALG00010019979	ENSGALG00010019979
gga-mir-217	gga-mir-217
ENSGALG00010019981	ENSGALG00010019981
PLCE1	PLCE1
gga-mir-1740	gga-mir-1740
ENSGALG00010019984	ENSGALG00010019984
UMPS	UMPS
gga-mir-216a	gga-mir-216a
gga-mir-7463	gga-mir-7463
ENSGALG00010019988	ENSGALG00010019988
SLC6A14	SLC6A14
MARCH8	MARCH8
EIF3B	EIF3B
CHAC2	CHAC2
ENSGALG00010019993	ENSGALG00010019993
PLD4	PLD4
ENSGALG00010019995	ENSGALG00010019995
ITGB5	ITGB5
FSHR	FSHR
PLEK2	PLEK2
ERLIN1	ERLIN1
ENSGALG00010020000	ENSGALG00010020000
ENSGALG00010020001	ENSGALG00010020001
ENSGALG00010020002	ENSGALG00010020002
ENSGALG00010020003	ENSGALG00010020003
ENSGALG00010020004	ENSGALG00010020004
EOGT	EOGT
PLB1	PLB1
ENSGALG00010020007	ENSGALG00010020007
EIF2S1	EIF2S1
ENSGALG00010020009	ENSGALG00010020009
SORBS3	SORBS3
TLE3	TLE3
ENSGALG00010020012	ENSGALG00010020012
ADAM8	ADAM8
ENSGALG00010020014	ENSGALG00010020014
ATP6V1D	ATP6V1D
ENSGALG00010020016	ENSGALG00010020016
ENSGALG00010020017	ENSGALG00010020017
ENSGALG00010020018	ENSGALG00010020018
PEX10	PEX10
ENSGALG00010020020	ENSGALG00010020020
ENSGALG00010020021	ENSGALG00010020021
ENSGALG00010020022	ENSGALG00010020022
FOSL2	FOSL2
ENSGALG00010020024	ENSGALG00010020024
LOXL2	LOXL2
ENSGALG00010020026	ENSGALG00010020026
RER1	RER1
ENSGALG00010020028	ENSGALG00010020028
ENSGALG00010020029	ENSGALG00010020029
MRPL33	MRPL33
ENSGALG00010020031	ENSGALG00010020031
CHST12	CHST12
ENSGALG00010020033	ENSGALG00010020033
ENSGALG00010020034	ENSGALG00010020034
ENSGALG00010020035	ENSGALG00010020035
TMF1	TMF1
MPP5	MPP5
SKI	SKI
ENSGALG00010020039	ENSGALG00010020039
ENSGALG00010020040	ENSGALG00010020040
CDH23	CDH23
ENSGALG00010020042	ENSGALG00010020042
ENSGALG00010020043	ENSGALG00010020043
ENSGALG00010020044	ENSGALG00010020044
GRIFIN	GRIFIN
BDNF	BDNF
ENSGALG00010020047	ENSGALG00010020047
ENSGALG00010020048	ENSGALG00010020048
ENSGALG00010020049	ENSGALG00010020049
ENSGALG00010020050	ENSGALG00010020050
ENSGALG00010020051	ENSGALG00010020051
ENSGALG00010020052	ENSGALG00010020052
LFNG	LFNG
ENSGALG00010020054	ENSGALG00010020054
R3HCC1	R3HCC1
UACA	UACA
RBKS	RBKS
ENSGALG00010020058	ENSGALG00010020058
PRKCZ	PRKCZ
ENSGALG00010020060	ENSGALG00010020060
UBA3	UBA3
ENSGALG00010020062	ENSGALG00010020062
C6H10orf54	C6H10orf54
TMEM138	TMEM138
TTYH3	TTYH3
ENSGALG00010020066	ENSGALG00010020066
ENSGALG00010020067	ENSGALG00010020067
ENSGALG00010020068	ENSGALG00010020068
TMEM216	TMEM216
ARL6IP5	ARL6IP5
ENSGALG00010020071	ENSGALG00010020071
ENSGALG00010020072	ENSGALG00010020072
SNORA62 - ENSGALG00010020073	SNORA62 - ENSGALG00010020073
ENSGALG00010020074	ENSGALG00010020074
CPSF7	CPSF7
5S_rRNA - ENSGALG00010020076	5S_rRNA - ENSGALG00010020076
ENSGALG00010020077	ENSGALG00010020077
SNORA62 - ENSGALG00010020078	SNORA62 - ENSGALG00010020078
gga-mir-128-2	gga-mir-128-2
SLC4A1AP	SLC4A1AP
gga-mir-1723	gga-mir-1723
gga-mir-138-1	gga-mir-138-1
CFAP74	CFAP74
ENSGALG00010020084	ENSGALG00010020084
gga-mir-7457	gga-mir-7457
ENSGALG00010020086	ENSGALG00010020086
ENSGALG00010020087	ENSGALG00010020087
LMOD3	LMOD3
CASP14	CASP14
MORF4L2	MORF4L2
SUPT7L	SUPT7L
SDHAF2	SDHAF2
ENSGALG00010020093	ENSGALG00010020093
CLEC3B	CLEC3B
LRFN2	LRFN2
GPHN	GPHN
RETSAT	RETSAT
GABRD	GABRD
ENSGALG00010020099	ENSGALG00010020099
MOCS1	MOCS1
KIF15	KIF15
TMEM127	TMEM127
PSAP	PSAP
BRAT1	BRAT1
ENSGALG00010020105	ENSGALG00010020105
ENSGALG00010020106	ENSGALG00010020106
ENSGALG00010020107	ENSGALG00010020107
RPAP1	RPAP1
WDFY4	WDFY4
ENSGALG00010020110	ENSGALG00010020110
ADRA2B	ADRA2B
AMZ1	AMZ1
CIAO1	CIAO1
ENSGALG00010020114	ENSGALG00010020114
LRRC18	LRRC18
GNA12	GNA12
AKAP13	AKAP13
GNB1	GNB1
ENSGALG00010020119	ENSGALG00010020119
DAAM2	DAAM2
ENSGALG00010020121	ENSGALG00010020121
ENSGALG00010020122	ENSGALG00010020122
ENSGALG00010020123	ENSGALG00010020123
ENSGALG00010020124	ENSGALG00010020124
NAV2	NAV2
NADK	NADK
FRMD4B	FRMD4B
KIF6	KIF6
MGAT2	MGAT2
PDXDC1	PDXDC1
SNRNP200	SNRNP200
SHC4	SHC4
ENSGALG00010020133	ENSGALG00010020133
KCNK16	KCNK16
ENSGALG00010020135	ENSGALG00010020135
KCNK17	KCNK17
NTAN1	NTAN1
ENSGALG00010020138	ENSGALG00010020138
ENSGALG00010020139	ENSGALG00010020139
SECISBP2L	SECISBP2L
THOC7	THOC7
SLC35E2B	SLC35E2B
KCNK5	KCNK5
ENSGALG00010020144	ENSGALG00010020144
ENSGALG00010020145	ENSGALG00010020145
ENSGALG00010020146	ENSGALG00010020146
ABHD2	ABHD2
ENSGALG00010020148	ENSGALG00010020148
FAHD2A	FAHD2A
ENSGALG00010020150	ENSGALG00010020150
ENSGALG00010020151	ENSGALG00010020151
ATXN7	ATXN7
AXL	AXL
ENSGALG00010020154	ENSGALG00010020154
MFGE8	MFGE8
ENSGALG00010020156	ENSGALG00010020156
ENSGALG00010020157	ENSGALG00010020157
ENSGALG00010020158	ENSGALG00010020158
ENSGALG00010020159	ENSGALG00010020159
SYT7	SYT7
ENSGALG00010020161	ENSGALG00010020161
ENSGALG00010020162	ENSGALG00010020162
CDC2L1	CDC2L1
C6H10ORF71	C6H10ORF71
ENSGALG00010020165	ENSGALG00010020165
HAPLN3	HAPLN3
ENSGALG00010020167	ENSGALG00010020167
COX7A2L	COX7A2L
ENSGALG00010020169	ENSGALG00010020169
SORCS1	SORCS1
RRN3	RRN3
ENSGALG00010020172	ENSGALG00010020172
ENSGALG00010020173	ENSGALG00010020173
ENSGALG00010020174	ENSGALG00010020174
ACAN	ACAN
ENSGALG00010020176	ENSGALG00010020176
KCNG3	KCNG3
ENSGALG00010020178	ENSGALG00010020178
PSMD6	PSMD6
TCF7L1	TCF7L1
LEUTX	LEUTX
ENSGALG00010020182	ENSGALG00010020182
XPNPEP1	XPNPEP1
RSL1D1	RSL1D1
ENSGALG00010020185	ENSGALG00010020185
MGA	MGA
MMP23B	MMP23B
ENSGALG00010020188	ENSGALG00010020188
NKX2-6	NKX2-6
ENSGALG00010020190	ENSGALG00010020190
ENSGALG00010020191	ENSGALG00010020191
ENSGALG00010020192	ENSGALG00010020192
VSTM4	VSTM4
PRICKLE2	PRICKLE2
ENSGALG00010020195	ENSGALG00010020195
ENSGALG00010020196	ENSGALG00010020196
ENSGALG00010020197	ENSGALG00010020197
ENSGALG00010020198	ENSGALG00010020198
DET1	DET1
ENSGALG00010020200	ENSGALG00010020200
NKX3-1	NKX3-1
MAPKBP1	MAPKBP1
ENSGALG00010020203	ENSGALG00010020203
GSPT2	GSPT2
ENSGALG00010020205	ENSGALG00010020205
MRPS11	MRPS11
DRGX	DRGX
ENSGALG00010020208	ENSGALG00010020208
ENSGALG00010020209	ENSGALG00010020209
ENSGALG00010020210	ENSGALG00010020210
ADD3	ADD3
JMJD7	JMJD7
ENSGALG00010020213	ENSGALG00010020213
ENSGALG00010020214	ENSGALG00010020214
PRMT3	PRMT3
ENSGALG00010020216	ENSGALG00010020216
ENSGALG00010020217	ENSGALG00010020217
ENSGALG00010020218	ENSGALG00010020218
ENSGALG00010020219	ENSGALG00010020219
ENSGALG00010020220	ENSGALG00010020220
ENSGALG00010020221	ENSGALG00010020221
ENSGALG00010020222	ENSGALG00010020222
ENSGALG00010020223	ENSGALG00010020223
MRPL46	MRPL46
ENSGALG00010020225	ENSGALG00010020225
C22H8ORF4	C22H8ORF4
ENSGALG00010020227	ENSGALG00010020227
TM9SF3	TM9SF3
ENSGALG00010020229	ENSGALG00010020229
ENSGALG00010020230	ENSGALG00010020230
BMP10	BMP10
SLC6A5	SLC6A5
ENSGALG00010020233	ENSGALG00010020233
ENSGALG00010020234	ENSGALG00010020234
ENSGALG00010020235	ENSGALG00010020235
SLC35G1	SLC35G1
MIB2	MIB2
ENSGALG00010020238	ENSGALG00010020238
ENSGALG00010020239	ENSGALG00010020239
SV2B	SV2B
ENSGALG00010020241	ENSGALG00010020241
ENSGALG00010020242	ENSGALG00010020242
ENSGALG00010020243	ENSGALG00010020243
SLC25A37	SLC25A37
ENSGALG00010020245	ENSGALG00010020245
ADAMTS9	ADAMTS9
ENSGALG00010020247	ENSGALG00010020247
NOLC1	NOLC1
ENSGALG00010020249	ENSGALG00010020249
ENSGALG00010020250	ENSGALG00010020250
ENSGALG00010020251	ENSGALG00010020251
DMTN	DMTN
ENSGALG00010020253	ENSGALG00010020253
ENSGALG00010020254	ENSGALG00010020254
ENSGALG00010020255	ENSGALG00010020255
ENSGALG00010020256	ENSGALG00010020256
ZNF710	ZNF710
ENSGALG00010020258	ENSGALG00010020258
ENSGALG00010020259	ENSGALG00010020259
ENSGALG00010020260	ENSGALG00010020260
SSU72	SSU72
ENSGALG00010020262	ENSGALG00010020262
ENSGALG00010020263	ENSGALG00010020263
GKN1	GKN1
ENSGALG00010020265	ENSGALG00010020265
ENSGALG00010020266	ENSGALG00010020266
ENSGALG00010020267	ENSGALG00010020267
CPLANE2	CPLANE2
UGT8L	UGT8L
ENSGALG00010020270	ENSGALG00010020270
ENSGALG00010020271	ENSGALG00010020271
MTA3	MTA3
ENSGALG00010020273	ENSGALG00010020273
ENSGALG00010020274	ENSGALG00010020274
ELOVL3	ELOVL3
ENSGALG00010020276	ENSGALG00010020276
IDH2	IDH2
ENSGALG00010020278	ENSGALG00010020278
ENSGALG00010020279	ENSGALG00010020279
ENSGALG00010020280	ENSGALG00010020280
ENSGALG00010020281	ENSGALG00010020281
MAGI1	MAGI1
FBXO42	FBXO42
HEG1	HEG1
ADAMTS14	ADAMTS14
ENSGALG00010020286	ENSGALG00010020286
GALNT16	GALNT16
ENSGALG00010020288	ENSGALG00010020288
ENSGALG00010020289	ENSGALG00010020289
NELL1	NELL1
SNX29	SNX29
NPM2	NPM2
SEMA4B	SEMA4B
ENSGALG00010020294	ENSGALG00010020294
LGI1	LGI1
ENSGALG00010020296	ENSGALG00010020296
ENSGALG00010020297	ENSGALG00010020297
ENSGALG00010020298	ENSGALG00010020298
ENSGALG00010020299	ENSGALG00010020299
EHD4	EHD4
ENSGALG00010020301	ENSGALG00010020301
HAAO	HAAO
EXD2	EXD2
ZFP36L2	ZFP36L2
XPO7	XPO7
ENSGALG00010020306	ENSGALG00010020306
SHQ1	SHQ1
ENSGALG00010020308	ENSGALG00010020308
GXYLT2	GXYLT2
ENSGALG00010020310	ENSGALG00010020310
SGPL1	SGPL1
ENSGALG00010020312	ENSGALG00010020312
FRA10AC1	FRA10AC1
THADA	THADA
ANO5	ANO5
PDPK1	PDPK1
ENSGALG00010020317	ENSGALG00010020317
ENSGALG00010020318	ENSGALG00010020318
NTRK3	NTRK3
PDE6C	PDE6C
SZRD1	SZRD1
ENSGALG00010020322	ENSGALG00010020322
ARHGAP25	ARHGAP25
PLEKHH2	PLEKHH2
ENSGALG00010020325	ENSGALG00010020325
ENSGALG00010020326	ENSGALG00010020326
MTTPL	MTTPL
SLC17A6	SLC17A6
PPP4R2	PPP4R2
ENSGALG00010020330	ENSGALG00010020330
ENSGALG00010020331	ENSGALG00010020331
ENSGALG00010020332	ENSGALG00010020332
ENSGALG00010020333	ENSGALG00010020333
CABP4	CABP4
ENSGALG00010020335	ENSGALG00010020335
OSBP	OSBP
ENSGALG00010020337	ENSGALG00010020337
NECAP2	NECAP2
ENSGALG00010020339	ENSGALG00010020339
DCAF5	DCAF5
DYNC2LI1	DYNC2LI1
CPPED1	CPPED1
PATL1	PATL1
ENSGALG00010020344	ENSGALG00010020344
AGBL1	AGBL1
PCBD1	PCBD1
ENSGALG00010020347	ENSGALG00010020347
ENSGALG00010020348	ENSGALG00010020348
ENSGALG00010020349	ENSGALG00010020349
PDZRN3	PDZRN3
CROCC	CROCC
ABCG5	ABCG5
ENSGALG00010020353	ENSGALG00010020353
ENSGALG00010020354	ENSGALG00010020354
ENSGALG00010020355	ENSGALG00010020355
STX3	STX3
RBP4A	RBP4A
ENSGALG00010020358	ENSGALG00010020358
ENSGALG00010020359	ENSGALG00010020359
ABCG8	ABCG8
ENSGALG00010020361	ENSGALG00010020361
CDS2	CDS2
ENSGALG00010020363	ENSGALG00010020363
MRPL16	MRPL16
UNC5B	UNC5B
ENSGALG00010020366	ENSGALG00010020366
ENSGALG00010020367	ENSGALG00010020367
FFAR4	FFAR4
CNTN3	CNTN3
CEP55	CEP55
ENSGALG00010020371	ENSGALG00010020371
ENSGALG00010020372	ENSGALG00010020372
MS4A4A	MS4A4A
PCNA	PCNA
LRPPRC	LRPPRC
ENSGALG00010020376	ENSGALG00010020376
TMEM230	TMEM230
ENSGALG00010020378	ENSGALG00010020378
COL13A1	COL13A1
ENSGALG00010020380	ENSGALG00010020380
ENSGALG00010020381	ENSGALG00010020381
MFAP2	MFAP2
BAAT	BAAT
ENSGALG00010020384	ENSGALG00010020384
SLC12A8	SLC12A8
PPM1B	PPM1B
ENSGALG00010020387	ENSGALG00010020387
MYOF	MYOF
ACTN1	ACTN1
KLHL25	KLHL25
ENSGALG00010020391	ENSGALG00010020391
SLC23A2	SLC23A2
SHISA9	SHISA9
ENSGALG00010020394	ENSGALG00010020394
CTXND1	CTXND1
CHL1	CHL1
ENSGALG00010020397	ENSGALG00010020397
ENSGALG00010020398	ENSGALG00010020398
ATP13A2	ATP13A2
ENSGALG00010020400	ENSGALG00010020400
ENSGALG00010020401	ENSGALG00010020401
SLC3A1	SLC3A1
ENSGALG00010020403	ENSGALG00010020403
ENSGALG00010020404	ENSGALG00010020404
UBE2I	UBE2I
ENSGALG00010020406	ENSGALG00010020406
ENSGALG00010020407	ENSGALG00010020407
ENSGALG00010020408	ENSGALG00010020408
ENSGALG00010020409	ENSGALG00010020409
ENSGALG00010020410	ENSGALG00010020410
ENSGALG00010020411	ENSGALG00010020411
ENSGALG00010020412	ENSGALG00010020412
CYP26A1	CYP26A1
ENSGALG00010020414	ENSGALG00010020414
TSR3	TSR3
ENSGALG00010020416	ENSGALG00010020416
ENSGALG00010020417	ENSGALG00010020417
ENSGALG00010020418	ENSGALG00010020418
ENSGALG00010020419	ENSGALG00010020419
ENSGALG00010020420	ENSGALG00010020420
ENSGALG00010020421	ENSGALG00010020421
ERCC4	ERCC4
ENSGALG00010020423	ENSGALG00010020423
ENSGALG00010020424	ENSGALG00010020424
CNTN6	CNTN6
ENSGALG00010020426	ENSGALG00010020426
ENSGALG00010020427	ENSGALG00010020427
SEMA4C	SEMA4C
ZNF148	ZNF148
ENSGALG00010020430	ENSGALG00010020430
ENSGALG00010020431	ENSGALG00010020431
ENSGALG00010020432	ENSGALG00010020432
GNPTG	GNPTG
ENSGALG00010020434	ENSGALG00010020434
ENSGALG00010020435	ENSGALG00010020435
CNTN4	CNTN4
SNX4	SNX4
HTR7	HTR7
ENSGALG00010020439	ENSGALG00010020439
PAX7	PAX7
ENSGALG00010020441	ENSGALG00010020441
ENSGALG00010020442	ENSGALG00010020442
PREPL	PREPL
ENSGALG00010020444	ENSGALG00010020444
ENSGALG00010020445	ENSGALG00010020445
ENSGALG00010020446	ENSGALG00010020446
ENSGALG00010020447	ENSGALG00010020447
ENSGALG00010020448	ENSGALG00010020448
PRPF19	PRPF19
ANKRD39	ANKRD39
ENSGALG00010020451	ENSGALG00010020451
ENSGALG00010020452	ENSGALG00010020452
ENSGALG00010020453	ENSGALG00010020453
ENSGALG00010020454	ENSGALG00010020454
ENSGALG00010020455	ENSGALG00010020455
ENSGALG00010020456	ENSGALG00010020456
IL5RA	IL5RA
ENSGALG00010020458	ENSGALG00010020458
ENSGALG00010020459	ENSGALG00010020459
MAPK8	MAPK8
ENSGALG00010020461	ENSGALG00010020461
CNNM4	CNNM4
ENSGALG00010020463	ENSGALG00010020463
ENSGALG00010020464	ENSGALG00010020464
ENSGALG00010020465	ENSGALG00010020465
ENSGALG00010020466	ENSGALG00010020466
ALDH4A1	ALDH4A1
ENSGALG00010020468	ENSGALG00010020468
ENSGALG00010020469	ENSGALG00010020469
ENSGALG00010020470	ENSGALG00010020470
ENSGALG00010020471	ENSGALG00010020471
SNORD127	SNORD127
TMEM109	TMEM109
Metazoa_SRP - ENSGALG00010020474	Metazoa_SRP - ENSGALG00010020474
ENSGALG00010020475	ENSGALG00010020475
TMEM132A	TMEM132A
Metazoa_SRP - ENSGALG00010020477	Metazoa_SRP - ENSGALG00010020477
ENSGALG00010020478	ENSGALG00010020478
ENSGALG00010020479	ENSGALG00010020479
Metazoa_SRP - ENSGALG00010020480	Metazoa_SRP - ENSGALG00010020480
RPP30	RPP30
Metazoa_SRP - ENSGALG00010020482	Metazoa_SRP - ENSGALG00010020482
ENSGALG00010020483	ENSGALG00010020483
TRNT1	TRNT1
LMAN2L	LMAN2L
MRTFB	MRTFB
ENSGALG00010020487	ENSGALG00010020487
gga-mir-1676	gga-mir-1676
IFFO2	IFFO2
gga-mir-1703	gga-mir-1703
ENSGALG00010020491	ENSGALG00010020491
gga-mir-7470 - ENSGALG00010020492	gga-mir-7470 - ENSGALG00010020492
DEPDC7	DEPDC7
gga-mir-7470 - ENSGALG00010020494	gga-mir-7470 - ENSGALG00010020494
ENSGALG00010020495	ENSGALG00010020495
gga-mir-7470 - ENSGALG00010020496	gga-mir-7470 - ENSGALG00010020496
OSBPL11	OSBPL11
FRMPD2	FRMPD2
gga-mir-7470 - ENSGALG00010020499	gga-mir-7470 - ENSGALG00010020499
ENSGALG00010020500	ENSGALG00010020500
ENSGALG00010020501	ENSGALG00010020501
gga-mir-7470 - ENSGALG00010020502	gga-mir-7470 - ENSGALG00010020502
gga-mir-7470 - ENSGALG00010020503	gga-mir-7470 - ENSGALG00010020503
ENSGALG00010020504	ENSGALG00010020504
gga-mir-7470 - ENSGALG00010020505	gga-mir-7470 - ENSGALG00010020505
ENSGALG00010020506	ENSGALG00010020506
ANKRD1	ANKRD1
ENSGALG00010020508	ENSGALG00010020508
CRBN	CRBN
ENSGALG00010020510	ENSGALG00010020510
gga-mir-7470 - ENSGALG00010020511	gga-mir-7470 - ENSGALG00010020511
gga-mir-7470 - ENSGALG00010020512	gga-mir-7470 - ENSGALG00010020512
ENSGALG00010020513	ENSGALG00010020513
CAMKMT	CAMKMT
gga-mir-7470 - ENSGALG00010020515	gga-mir-7470 - ENSGALG00010020515
ENSGALG00010020516	ENSGALG00010020516
UBR4	UBR4
gga-mir-1716	gga-mir-1716
gga-mir-1578	gga-mir-1578
ARHGAP22	ARHGAP22
ENSGALG00010020521	ENSGALG00010020521
ENSGALG00010020522	ENSGALG00010020522
ENSGALG00010020523	ENSGALG00010020523
ENSGALG00010020524	ENSGALG00010020524
GPD1L2	GPD1L2
ENSGALG00010020526	ENSGALG00010020526
ENSGALG00010020527	ENSGALG00010020527
NEUROG3	NEUROG3
ENSGALG00010020529	ENSGALG00010020529
SRSF5A	SRSF5A
ENSGALG00010020531	ENSGALG00010020531
SIX3	SIX3
UNKL	UNKL
ENSGALG00010020534	ENSGALG00010020534
LMLN	LMLN
ENSGALG00010020536	ENSGALG00010020536
CCDC167	CCDC167
ENSGALG00010020538	ENSGALG00010020538
ENSGALG00010020539	ENSGALG00010020539
PCGF5	PCGF5
ENSGALG00010020541	ENSGALG00010020541
ENSGALG00010020542	ENSGALG00010020542
ENSGALG00010020543	ENSGALG00010020543
BMERB1	BMERB1
STYX	STYX
LRRC20	LRRC20
ENSGALG00010020547	ENSGALG00010020547
CMTR1	CMTR1
ENSGALG00010020549	ENSGALG00010020549
HECTD2	HECTD2
ENSGALG00010020551	ENSGALG00010020551
ENSGALG00010020552	ENSGALG00010020552
ENSGALG00010020553	ENSGALG00010020553
ZFP36L1	ZFP36L1
ENSGALG00010020555	ENSGALG00010020555
EMC1	EMC1
ENSGALG00010020557	ENSGALG00010020557
EIF4EBP2	EIF4EBP2
ENSGALG00010020559	ENSGALG00010020559
ENSGALG00010020560	ENSGALG00010020560
ENSGALG00010020561	ENSGALG00010020561
LRRN1	LRRN1
ENSGALG00010020563	ENSGALG00010020563
ENSGALG00010020564	ENSGALG00010020564
ENSGALG00010020565	ENSGALG00010020565
ENSGALG00010020566	ENSGALG00010020566
ENSGALG00010020567	ENSGALG00010020567
ENSGALG00010020568	ENSGALG00010020568
DTX3L	DTX3L
ENSGALG00010020570	ENSGALG00010020570
MRTO4	MRTO4
PPP1R3C	PPP1R3C
ENSGALG00010020573	ENSGALG00010020573
DTL	DTL
ENSGALG00010020575	ENSGALG00010020575
AKR7L	AKR7L
ENSGALG00010020577	ENSGALG00010020577
TNKS2	TNKS2
ENSGALG00010020579	ENSGALG00010020579
ENSGALG00010020580	ENSGALG00010020580
ENSGALG00010020581	ENSGALG00010020581
KANSL3	KANSL3
ENSGALG00010020583	ENSGALG00010020583
PARP9	PARP9
ENSGALG00010020585	ENSGALG00010020585
C11orf16	C11orf16
ENSGALG00010020587	ENSGALG00010020587
PALD1	PALD1
ENSGALG00010020589	ENSGALG00010020589
INTS7	INTS7
ENSGALG00010020591	ENSGALG00010020591
ENSGALG00010020592	ENSGALG00010020592
ENSGALG00010020593	ENSGALG00010020593
PQLC2	PQLC2
ZFYVE27	ZFYVE27
SUMF1	SUMF1
ARID5A	ARID5A
ENSGALG00010020598	ENSGALG00010020598
PARN	PARN
ENSGALG00010020600	ENSGALG00010020600
AKIP1	AKIP1
DENND2B	DENND2B
VPS39	VPS39
ENSGALG00010020604	ENSGALG00010020604
STAMBP	STAMBP
ENSGALG00010020606	ENSGALG00010020606
SLC6A8 - ENSGALG00010020607	SLC6A8 - ENSGALG00010020607
CAPZB	CAPZB
AVPI1	AVPI1
ENSGALG00010020610	ENSGALG00010020610
LPGAT1	LPGAT1
RPL27A	RPL27A
ACTG2	ACTG2
FAIM	FAIM
ENSGALG00010020615	ENSGALG00010020615
PI4K2A	PI4K2A
ENSGALG00010020617	ENSGALG00010020617
ENSGALG00010020618	ENSGALG00010020618
QARS	QARS
MARF1	MARF1
ENSGALG00010020621	ENSGALG00010020621
ABCG2	ABCG2
NEK2	NEK2
MINOS1	MINOS1
SLC30A1	SLC30A1
MORN4	MORN4
ENSGALG00010020627	ENSGALG00010020627
ENSGALG00010020628	ENSGALG00010020628
TRIM66	TRIM66
QRICH1	QRICH1
ENSGALG00010020631	ENSGALG00010020631
BLOC1S2	BLOC1S2
HOGA1	HOGA1
ENSGALG00010020634	ENSGALG00010020634
NDE1	NDE1
NBL1	NBL1
ENSGALG00010020637	ENSGALG00010020637
IMPDH2	IMPDH2
ENSGALG00010020639	ENSGALG00010020639
PTPN14	PTPN14
ENSGALG00010020641	ENSGALG00010020641
ANKRD2	ANKRD2
HTR6	HTR6
ENSGALG00010020644	ENSGALG00010020644
ENSGALG00010020645	ENSGALG00010020645
CEP70	CEP70
ENSGALG00010020647	ENSGALG00010020647
TET3	TET3
MYH11	MYH11
ENSGALG00010020650	ENSGALG00010020650
LMO1	LMO1
ENSGALG00010020652	ENSGALG00010020652
NDUFAF3	NDUFAF3
SAYSD1	SAYSD1
RIC3	RIC3
ENSGALG00010020656	ENSGALG00010020656
DALRD3	DALRD3
ENSGALG00010020658	ENSGALG00010020658
RAD51B	RAD51B
ENSGALG00010020660	ENSGALG00010020660
ENSGALG00010020661	ENSGALG00010020661
BFAR	BFAR
ENSGALG00010020663	ENSGALG00010020663
ESYT3	ESYT3
ENSGALG00010020665	ENSGALG00010020665
TMCO4	TMCO4
UBTD1	UBTD1
ENSGALG00010020668	ENSGALG00010020668
ENSGALG00010020669	ENSGALG00010020669
ENSGALG00010020670	ENSGALG00010020670
ENSGALG00010020671	ENSGALG00010020671
RNF186	RNF186
MMS19	MMS19
TRPV4	TRPV4
SMYD2	SMYD2
CYP2C23a	CYP2C23a
CYR61	CYR61
ENSGALG00010020678	ENSGALG00010020678
OTUD3	OTUD3
CFAP221	CFAP221
BCL10	BCL10
ZDHHC16	ZDHHC16
ENSGALG00010020683	ENSGALG00010020683
P4HTM	P4HTM
RPL6	RPL6
C1orf52	C1orf52
ENSGALG00010020687	ENSGALG00010020687
ENSGALG00010020688	ENSGALG00010020688
ENSGALG00010020689	ENSGALG00010020689
GLP1R - ENSGALG00010020690	GLP1R - ENSGALG00010020690
BOLA3	BOLA3
TUB	TUB
PTGFR	PTGFR
ENSGALG00010020694	ENSGALG00010020694
ENSGALG00010020695	ENSGALG00010020695
MOB1A	MOB1A
ENSGALG00010020697	ENSGALG00010020697
ENSGALG00010020698	ENSGALG00010020698
PLA2G10	PLA2G10
MTHFD2	MTHFD2
PTPN11	PTPN11
ENSGALG00010020702	ENSGALG00010020702
ENSGALG00010020703	ENSGALG00010020703
PROX1	PROX1
EXOSC1	EXOSC1
ENSGALG00010020706	ENSGALG00010020706
SLC4A5	SLC4A5
FAM214A	FAM214A
ENSGALG00010020709	ENSGALG00010020709
ENSGALG00010020710	ENSGALG00010020710
PLA2G2E	PLA2G2E
ZC3H7A	ZC3H7A
SCTR	SCTR
PGAM1	PGAM1
ENSGALG00010020715	ENSGALG00010020715
RRAS	RRAS
PLA2G5	PLA2G5
ENSGALG00010020718	ENSGALG00010020718
RPH3A	RPH3A
ENSGALG00010020720	ENSGALG00010020720
PTDSS2	PTDSS2
ENSGALG00010020722	ENSGALG00010020722
RPS24	RPS24
TACR1	TACR1
FOPNL	FOPNL
ENSGALG00010020726	ENSGALG00010020726
ANO9	ANO9
TMEM37	TMEM37
ENSGALG00010020729	ENSGALG00010020729
RRP12	RRP12
ENSGALG00010020731	ENSGALG00010020731
ARIH2	ARIH2
TMEM229B	TMEM229B
SIGIRR	SIGIRR
ENSGALG00010020735	ENSGALG00010020735
LRRTM4	LRRTM4
POLR3A	POLR3A
ENSGALG00010020738	ENSGALG00010020738
PKP3	PKP3
ENSGALG00010020740	ENSGALG00010020740
ENSGALG00010020741	ENSGALG00010020741
THAP10	THAP10
PURB	PURB
CHST3	CHST3
ABCC1	ABCC1
ENSGALG00010020746	ENSGALG00010020746
DBI	DBI
ENSGALG00010020748	ENSGALG00010020748
ENSGALG00010020749	ENSGALG00010020749
AIFM2	AIFM2
ENSGALG00010020751	ENSGALG00010020751
ENSGALG00010020752	ENSGALG00010020752
SYDE2	SYDE2
SLC25A20	SLC25A20
ENSGALG00010020755	ENSGALG00010020755
H2AFY2	H2AFY2
ENSGALG00010020757	ENSGALG00010020757
DNAI3	DNAI3
ARHGAP19	ARHGAP19
TXNDC11	TXNDC11
ENSGALG00010020761	ENSGALG00010020761
TTBK2	TTBK2
ENSGALG00010020763	ENSGALG00010020763
PRKAR2A	PRKAR2A
GLT1D1	GLT1D1
C2orf76	C2orf76
UBXN10	UBXN10
DNAH8	DNAH8
ENSGALG00010020769	ENSGALG00010020769
B4GALNT4	B4GALNT4
LINGO1	LINGO1
ENSGALG00010020772	ENSGALG00010020772
ZCCHC24	ZCCHC24
ENSGALG00010020774	ENSGALG00010020774
UBR1	UBR1
MCOLN3	MCOLN3
PLA2G2A	PLA2G2A
SLIT1	SLIT1
SLC15A4	SLC15A4
ENSGALG00010020780	ENSGALG00010020780
SNN	SNN
PPIF	PPIF
ENSGALG00010020783	ENSGALG00010020783
ENSGALG00010020784	ENSGALG00010020784
ENSGALG00010020785	ENSGALG00010020785
DDX19	DDX19
TMEM132C	TMEM132C
ENSGALG00010020788	ENSGALG00010020788
ENSGALG00010020789	ENSGALG00010020789
PRPH2L	PRPH2L
ENSGALG00010020791	ENSGALG00010020791
ENSGALG00010020792	ENSGALG00010020792
ENSGALG00010020793	ENSGALG00010020793
STEAP3	STEAP3
ENSGALG00010020795	ENSGALG00010020795
ENSGALG00010020796	ENSGALG00010020796
DGCR8	DGCR8
C1QL2	C1QL2
ENSGALG00010020799	ENSGALG00010020799
ENSGALG00010020800	ENSGALG00010020800
ENSGALG00010020801	ENSGALG00010020801
ENSGALG00010020802	ENSGALG00010020802
ABCC6	ABCC6
ENSGALG00010020804	ENSGALG00010020804
ENSGALG00010020805	ENSGALG00010020805
HTD2	HTD2
ENSGALG00010020807	ENSGALG00010020807
ENSGALG00010020808	ENSGALG00010020808
ENSGALG00010020809	ENSGALG00010020809
IFITM5	IFITM5
MCOLN2	MCOLN2
ENSGALG00010020812	ENSGALG00010020812
NPY4R	NPY4R
ENSGALG00010020814	ENSGALG00010020814
ENSGALG00010020815	ENSGALG00010020815
TRMT2A	TRMT2A
ENSGALG00010020817	ENSGALG00010020817
TMEM62	TMEM62
ENSGALG00010020819	ENSGALG00010020819
VWA5B1	VWA5B1
ENSGALG00010020821	ENSGALG00010020821
ENSGALG00010020822	ENSGALG00010020822
ENSGALG00010020823	ENSGALG00010020823
ENSGALG00010020824	ENSGALG00010020824
ENSGALG00010020825	ENSGALG00010020825
ENSGALG00010020826	ENSGALG00010020826
ENSGALG00010020827	ENSGALG00010020827
CAMK2N1	CAMK2N1
ENSGALG00010020829	ENSGALG00010020829
ENSGALG00010020830	ENSGALG00010020830
MUL1	MUL1
ENSGALG00010020832	ENSGALG00010020832
RANBP1	RANBP1
ENSGALG00010020834	ENSGALG00010020834
PTGR2	PTGR2
ENSGALG00010020836	ENSGALG00010020836
ENSGALG00010020837	ENSGALG00010020837
ENSGALG00010020838	ENSGALG00010020838
PGGHG	PGGHG
LPAR3	LPAR3
ENSGALG00010020841	ENSGALG00010020841
ENSGALG00010020842	ENSGALG00010020842
HMG20A	HMG20A
ENSGALG00010020844	ENSGALG00010020844
RAB35	RAB35
ENSGALG00010020846	ENSGALG00010020846
MIDEAS	MIDEAS
SCARNA14	SCARNA14
ENSGALG00010020849	ENSGALG00010020849
SNORD16 - ENSGALG00010020850	SNORD16 - ENSGALG00010020850
ENSGALG00010020851	ENSGALG00010020851
SNORD18 - ENSGALG00010020852	SNORD18 - ENSGALG00010020852
ENSGALG00010020853	ENSGALG00010020853
ENSGALG00010020854	ENSGALG00010020854
DNAL1	DNAL1
VTG2	VTG2
ENSGALG00010020857	ENSGALG00010020857
ENSGALG00010020858	ENSGALG00010020858
ENSGALG00010020859	ENSGALG00010020859
SNORD18 - ENSGALG00010020860	SNORD18 - ENSGALG00010020860
CDA	CDA
ENSGALG00010020862	ENSGALG00010020862
SNORD16 - ENSGALG00010020863	SNORD16 - ENSGALG00010020863
ENSGALG00010020864	ENSGALG00010020864
BICDL1	BICDL1
LCOR	LCOR
SNORD18 - ENSGALG00010020867	SNORD18 - ENSGALG00010020867
ENSGALG00010020868	ENSGALG00010020868
gga-mir-1611	gga-mir-1611
RIOX1	RIOX1
gga-mir-12217	gga-mir-12217
ENSGALG00010020872	ENSGALG00010020872
PINK1	PINK1
gga-mir-9-3	gga-mir-9-3
ENSGALG00010020875	ENSGALG00010020875
gga-mir-184	gga-mir-184
ENSGALG00010020877	ENSGALG00010020877
XYLT1	XYLT1
ENSGALG00010020879	ENSGALG00010020879
PXK	PXK
gga-mir-1642	gga-mir-1642
gga-mir-6550	gga-mir-6550
gga-mir-1722	gga-mir-1722
ENSGALG00010020884	ENSGALG00010020884
gga-mir-1737	gga-mir-1737
GBF1	GBF1
ARPP19	ARPP19
gga-mir-1813-2	gga-mir-1813-2
PPRC1	PPRC1
RPS15A	RPS15A
gga-mir-3540	gga-mir-3540
gga-mir-6596	gga-mir-6596
ENSGALG00010020893	ENSGALG00010020893
PSMD13	PSMD13
gga-mir-147	gga-mir-147
MARCO	MARCO
VTG3	VTG3
ENSGALG00010020898	ENSGALG00010020898
ENSGALG00010020899	ENSGALG00010020899
PDHB	PDHB
ENSGALG00010020901	ENSGALG00010020901
ENSGALG00010020902	ENSGALG00010020902
AGMAT	AGMAT
ENSGALG00010020904	ENSGALG00010020904
KCTD6	KCTD6
SIRT3	SIRT3
ENSGALG00010020907	ENSGALG00010020907
ENSGALG00010020908	ENSGALG00010020908
ENSGALG00010020909	ENSGALG00010020909
ENSGALG00010020910	ENSGALG00010020910
ENSGALG00010020911	ENSGALG00010020911
PDE8A	PDE8A
TMEM132B	TMEM132B
ENSGALG00010020914	ENSGALG00010020914
EN1	EN1
ARL6IP1	ARL6IP1
ENSGALG00010020917	ENSGALG00010020917
ENSGALG00010020918	ENSGALG00010020918
ENSGALG00010020919	ENSGALG00010020919
ACOX2	ACOX2
LDB1	LDB1
INSIG2	INSIG2
ENSGALG00010020923	ENSGALG00010020923
DNAJC16	DNAJC16
RIC8A	RIC8A
ENSGALG00010020926	ENSGALG00010020926
ENSGALG00010020927	ENSGALG00010020927
AACS	AACS
ENSGALG00010020929	ENSGALG00010020929
ENSGALG00010020930	ENSGALG00010020930
ENSGALG00010020931	ENSGALG00010020931
CASP9	CASP9
ENSGALG00010020933	ENSGALG00010020933
ABCD3	ABCD3
BRI3BP	BRI3BP
BET1L	BET1L
ENSGALG00010020937	ENSGALG00010020937
SMG1	SMG1
CTRC	CTRC
CEP152	CEP152
ENSGALG00010020941	ENSGALG00010020941
ENSGALG00010020942	ENSGALG00010020942
FAM107A	FAM107A
MYO5A	MYO5A
NUMB	NUMB
CTBS	CTBS
ENSGALG00010020947	ENSGALG00010020947
ENSGALG00010020948	ENSGALG00010020948
HPS6	HPS6
EFHD2	EFHD2
ENSGALG00010020951	ENSGALG00010020951
GNG5	GNG5
ENSGALG00010020953	ENSGALG00010020953
PLIN1	PLIN1
FHAD1	FHAD1
ENSGALG00010020956	ENSGALG00010020956
RPF1	RPF1
FAM3D	FAM3D
ZNF488	ZNF488
CLEC19A	CLEC19A
ENSGALG00010020961	ENSGALG00010020961
MYO5C	MYO5C
CCDC93	CCDC93
ENSGALG00010020964	ENSGALG00010020964
DHX37	DHX37
PAPLN	PAPLN
VPS51	VPS51
ENSGALG00010020968	ENSGALG00010020968
RBP3	RBP3
C6H10orf76	C6H10orf76
TMEM51	TMEM51
ENSGALG00010020972	ENSGALG00010020972
GNB5	GNB5
ENSGALG00010020974	ENSGALG00010020974
HCCS	HCCS
GDF10	GDF10
ENSGALG00010020977	ENSGALG00010020977
BCL2L10	BCL2L10
TMEM150B	TMEM150B
ENSGALG00010020980	ENSGALG00010020980
CIT	CIT
TLCD4	TLCD4
ENSGALG00010020983	ENSGALG00010020983
PSEN1	PSEN1
ENSGALG00010020985	ENSGALG00010020985
CFAP20DC	CFAP20DC
NADSYN1	NADSYN1
ENSGALG00010020988	ENSGALG00010020988
MAPK4	MAPK4
UBB	UBB
ALG14	ALG14
KCNH7	KCNH7
ENSGALG00010020993	ENSGALG00010020993
DHCR7	DHCR7
ENSGALG00010020995	ENSGALG00010020995
ENSGALG00010020996	ENSGALG00010020996
ENSGALG00010020997	ENSGALG00010020997
SYT17	SYT17
IFIH1	IFIH1
NFKB2	NFKB2
ENSGALG00010021001	ENSGALG00010021001
SLC44A3	SLC44A3
KAZN	KAZN
PSD	PSD
ENSGALG00010021005	ENSGALG00010021005
ENSGALG00010021006	ENSGALG00010021006
gga-mir-6576	gga-mir-6576
gga-mir-2188	gga-mir-2188
gga-mir-12247-1	gga-mir-12247-1
LEO1	LEO1
SCARB1	SCARB1
KCNIP2	KCNIP2
FAP	FAP
FBXL15	FBXL15
RBM25	RBM25
FHIT	FHIT
COQ7	COQ7
F3	F3
VSIG10	VSIG10
ZDHHC13	ZDHHC13
GCG	GCG
ZFYVE1	ZFYVE1
MGEA5	MGEA5
ENSGALG00010021024	ENSGALG00010021024
CUEDC2	CUEDC2
ADGRA2	ADGRA2
PLA2G4A	PLA2G4A
ENSGALG00010021028	ENSGALG00010021028
PRDM2	PRDM2
CSRP3	CSRP3
DDX54	DDX54
TMC7	TMC7
RNF122	RNF122
NPM3	NPM3
ENSGALG00010021035	ENSGALG00010021035
E2F8	E2F8
MAJIN	MAJIN
PTGS2	PTGS2
NR2E3	NR2E3
FGF8	FGF8
GLTP	GLTP
LRRC38	LRRC38
PTPRG	PTPRG
EIF4G2	EIF4G2
DPP4	DPP4
PDPN	PDPN
TMC5	TMC5
API5	API5
C1orf158	C1orf158
CTR9	CTR9
GDE1	GDE1
C12H3orf14	C12H3orf14
ENSGALG00010021053	ENSGALG00010021053
FEZF2	FEZF2
IRAG1	IRAG1
ENSGALG00010021056	ENSGALG00010021056
ZDHHC8	ZDHHC8
CCP110	CCP110
ENSGALG00010021059	ENSGALG00010021059
PAX2	PAX2
ENSGALG00010021061	ENSGALG00010021061
MYO9A	MYO9A
ENSGALG00010021063	ENSGALG00010021063
LYVE1	LYVE1
CNNM2	CNNM2
ENSGALG00010021066	ENSGALG00010021066
SLC4A10	SLC4A10
MAFIP	MAFIP
PGAM5	PGAM5
RNF141	RNF141
HIF1AN	HIF1AN
PRKACB	PRKACB
NDUFB8	NDUFB8
TTC17	TTC17
DHRS3	DHRS3
TBR1	TBR1
SEC31B	SEC31B
ENSGALG00010021078	ENSGALG00010021078
WNT8B	WNT8B
TTLL7	TTLL7
KCNH6	KCNH6
SENP8	SENP8
SCD	SCD
ENSGALG00010021084	ENSGALG00010021084
AMPD3	AMPD3
PSMD14	PSMD14
THBS1	THBS1
ANKLE2	ANKLE2
ENSGALG00010021089	ENSGALG00010021089
ADM - ENSGALG00010021090	ADM - ENSGALG00010021090
TANK	TANK
VPS13D	VPS13D
GRAMD2	GRAMD2
ADM - ENSGALG00010021094	ADM - ENSGALG00010021094
NT5C2	NT5C2
ZFAND4	ZFAND4
KATNBL1	KATNBL1
SDK1	SDK1
HMCN1	HMCN1
EMC7	EMC7
TMEM240	TMEM240
GOLGA3	GOLGA3
RBMS1	RBMS1
INA	INA
ENSGALG00010021105	ENSGALG00010021105
ITGB6	ITGB6
CHRM5	CHRM5
PCGF6	PCGF6
SH2D5	SH2D5
PKLR	PKLR
AVEN	AVEN
TAF5	TAF5
SYP	SYP
SBF2	SBF2
ALPL	ALPL
FAM21C	FAM21C
CYP1A2	CYP1A2
USMG5	USMG5
SNTN	SNTN
PDCD11	PDCD11
PLA2R1	PLA2R1
CYP1A1	CYP1A1
RYR3	RYR3
CALHM2	CALHM2
LY75	LY75
ECE1	ECE1
SWAP70	SWAP70
CALHM1	CALHM1
TXNRD3	TXNRD3
ENSGALG00010021130	ENSGALG00010021130
EDC3	EDC3
CALHM3	CALHM3
ENSGALG00010021133	ENSGALG00010021133
CHFR	CHFR
CLK3	CLK3
WEE1	WEE1
PLAU	PLAU
DDX18	DDX18
ARHGAP29	ARHGAP29
SLC11A1	SLC11A1
SGSM1	SGSM1
WNT6	WNT6
ABCA4	ABCA4
FOXK1	FOXK1
EIF4G3	EIF4G3
AP5Z1	AP5Z1
ARID3B	ARID3B
GPATCH8	GPATCH8
Dlx4	Dlx4
ENSGALG00010021150	ENSGALG00010021150
WNT10A	WNT10A
STK11IP	STK11IP
PTPRF	PTPRF
CHST13	CHST13
RADIL	RADIL
DDOST	DDOST
ENSGALG00010021157	ENSGALG00010021157
ACTG1 - ENSGALG00010021158	ACTG1 - ENSGALG00010021158
MMD2	MMD2
ZNF143	ZNF143
ENSGALG00010021161	ENSGALG00010021161
WIPI2	WIPI2
INHA	INHA
SLC41A3	SLC41A3
PTRF	PTRF
NEURL1	NEURL1
KIAA1671	KIAA1671
IVNS1ABP	IVNS1ABP
CAMK2G	CAMK2G
UBL7	UBL7
ENSGALG00010021171	ENSGALG00010021171
SLC29A4	SLC29A4
KLF15	KLF15
CRYBB3	CRYBB3
IPO7	IPO7
DDI2	DDI2
OBSL1	OBSL1
NDST2	NDST2
CRYBB2	CRYBB2
TMEM198	TMEM198
DAGLA	DAGLA
ZSWIM8	ZSWIM8
CFAP100	CFAP100
DRAXIN	DRAXIN
DYL2	DYL2
SWT1	SWT1
SEMA7A	SEMA7A
TNRC18	TNRC18
ENSGALG00010021189	ENSGALG00010021189
ENSGALG00010021190	ENSGALG00010021190
MYRF	MYRF
NTL	NTL
USP37	USP37
CYP11A1	CYP11A1
GCLM	GCLM
ATP6V0A1	ATP6V0A1
CHCHD1	CHCHD1
CRYBA2	CRYBA2
TMEM258	TMEM258
FTO	FTO
TRMT1L	TRMT1L
UROC1	UROC1
FUT11	FUT11
NAGLU	NAGLU
CDK5R2	CDK5R2
HSD17B1	HSD17B1
MAD2L2	MAD2L2
ENSGALG00010021208	ENSGALG00010021208
ENSGALG00010021209	ENSGALG00010021209
SEC24C	SEC24C
FEN1	FEN1
MYO18B	MYO18B
FBXO44	FBXO44
FBXL18	FBXL18
SH3PXD2A	SH3PXD2A
ENSGALG00010021216	ENSGALG00010021216
FBXO2	FBXO2
DPF3	DPF3
STRA6	STRA6
SYNPO2L	SYNPO2L
ENSGALG00010021221	ENSGALG00010021221
NTN4L	NTN4L
DFFB	DFFB
MYOZ1	MYOZ1
ENSGALG00010021225	ENSGALG00010021225
FEV	FEV
CHCHD4	CHCHD4
ESRP2	ESRP2
GLO1	GLO1
C21H1orf174	C21H1orf174
STN1	STN1
ACTB	ACTB
COASY	COASY
ISLR2	ISLR2
XRCC5	XRCC5
BTBD9	BTBD9
FSCN1	FSCN1
NDUFS8	NDUFS8
USP54	USP54
SLK	SLK
TMEM43	TMEM43
BCAR3	BCAR3
DYL1	DYL1
PPP3CB	PPP3CB
ZFAND3	ZFAND3
PECR	PECR
GNAO1	GNAO1
ANXA7	ANXA7
ENSGALG00010021249	ENSGALG00010021249
ISLR	ISLR
RNF216	RNF216
XPC	XPC
TMEM169	TMEM169
FNBP1L	FNBP1L
EIF3F	EIF3F
ENSGALG00010021256	ENSGALG00010021256
RGS6	RGS6
LSM3	LSM3
CEP104	CEP104
KDM4A	KDM4A
JUP	JUP
MDGA1	MDGA1
STOML1	STOML1
CBFB	CBFB
SIPA1L1	SIPA1L1
COQ5	COQ5
LRRC47	LRRC47
ENSGALG00010021268	ENSGALG00010021268
NUDT13	NUDT13
ENSGALG00010021270	ENSGALG00010021270
ENSGALG00010021271	ENSGALG00010021271
ENSGALG00010021272	ENSGALG00010021272
ENSGALG00010021273	ENSGALG00010021273
ENSGALG00010021274	ENSGALG00010021274
MAP3K2	MAP3K2
ENSGALG00010021276	ENSGALG00010021276
CCDC27	CCDC27
ENSGALG00010021278	ENSGALG00010021278
ENSGALG00010021279	ENSGALG00010021279
ENSGALG00010021280	ENSGALG00010021280
ENSGALG00010021281	ENSGALG00010021281
ENSGALG00010021282	ENSGALG00010021282
ENSGALG00010021283	ENSGALG00010021283
ENSGALG00010021284	ENSGALG00010021284
ENSGALG00010021285	ENSGALG00010021285
ENSGALG00010021286	ENSGALG00010021286
COL17A1	COL17A1
ENSGALG00010021288	ENSGALG00010021288
ENSGALG00010021289	ENSGALG00010021289
ERCC3	ERCC3
ENSGALG00010021291	ENSGALG00010021291
ENSGALG00010021292	ENSGALG00010021292
PCNX1	PCNX1
ENSGALG00010021294	ENSGALG00010021294
ENSGALG00010021295	ENSGALG00010021295
GATC	GATC
ENSGALG00010021297	ENSGALG00010021297
RPGRIP1L	RPGRIP1L
CYP27C1	CYP27C1
ENSGALG00010021300	ENSGALG00010021300
SMURF1	SMURF1
P4HA1	P4HA1
ENSGALG00010021303	ENSGALG00010021303
ENSGALG00010021304	ENSGALG00010021304
ENSGALG00010021305	ENSGALG00010021305
ENSGALG00010021306	ENSGALG00010021306
MAP3K9	MAP3K9
ENSGALG00010021308	ENSGALG00010021308
ST3GAL3	ST3GAL3
ENSGALG00010021310	ENSGALG00010021310
TRIAP1	TRIAP1
ENSGALG00010021312	ENSGALG00010021312
KPNA7	KPNA7
ZP3	ZP3
COX6A1	COX6A1
PLA2G12B	PLA2G12B
ENSGALG00010021317	ENSGALG00010021317
TP73	TP73
ENSGALG00010021319	ENSGALG00010021319
SLC6A6	SLC6A6
ENSGALG00010021321	ENSGALG00010021321
ENSGALG00010021322	ENSGALG00010021322
ENSGALG00010021323	ENSGALG00010021323
ENSGALG00010021324	ENSGALG00010021324
ARPC1A	ARPC1A
ENSGALG00010021326	ENSGALG00010021326
IGSF1	IGSF1
ENSGALG00010021328	ENSGALG00010021328
PSMC3IP	PSMC3IP
COMMD4	COMMD4
ENSGALG00010021331	ENSGALG00010021331
OIT3	OIT3
ENSGALG00010021333	ENSGALG00010021333
ENSGALG00010021334	ENSGALG00010021334
NFATC3	NFATC3
ENSGALG00010021336	ENSGALG00010021336
ENSGALG00010021337	ENSGALG00010021337
PDIA5	PDIA5
ENSGALG00010021339	ENSGALG00010021339
ENSGALG00010021340	ENSGALG00010021340
L3MBTL1	L3MBTL1
SFR1	SFR1
ENSGALG00010021343	ENSGALG00010021343
ENSGALG00010021344	ENSGALG00010021344
NEIL1	NEIL1
RPS21	RPS21
ENSGALG00010021347	ENSGALG00010021347
SLC4A3	SLC4A3
ENSGALG00010021349	ENSGALG00010021349
CABLES2	CABLES2
ENSGALG00010021351	ENSGALG00010021351
CFAP43	CFAP43
IPO13	IPO13
ENSGALG00010021354	ENSGALG00010021354
ENSGALG00010021355	ENSGALG00010021355
ENSGALG00010021356	ENSGALG00010021356
ENSGALG00010021357	ENSGALG00010021357
MMP15	MMP15
ENSGALG00010021359	ENSGALG00010021359
PTPRN	PTPRN
WRAP73	WRAP73
ARPC1B	ARPC1B
FAM134C	FAM134C
ENSGALG00010021364	ENSGALG00010021364
ENSGALG00010021365	ENSGALG00010021365
ENSGALG00010021366	ENSGALG00010021366
GRIP2	GRIP2
ENSGALG00010021368	ENSGALG00010021368
ENSGALG00010021369	ENSGALG00010021369
ENSGALG00010021370	ENSGALG00010021370
ENSGALG00010021371	ENSGALG00010021371
CD86	CD86
CEP250	CEP250
ENSGALG00010021374	ENSGALG00010021374
TUBG1	TUBG1
ENSGALG00010021376	ENSGALG00010021376
ENSGALG00010021377	ENSGALG00010021377
KIF11	KIF11
ENSGALG00010021379	ENSGALG00010021379
ENSGALG00010021380	ENSGALG00010021380
DNAJB2	DNAJB2
TPRG1L	TPRG1L
MSI1	MSI1
ARTN	ARTN
GDF5	GDF5
ENSGALG00010021386	ENSGALG00010021386
SLC2A14	SLC2A14
DPH2	DPH2
ENSGALG00010021389	ENSGALG00010021389
GSTO2	GSTO2
ENSGALG00010021391	ENSGALG00010021391
ENSGALG00010021392	ENSGALG00010021392
CCDC174	CCDC174
MAN2C1	MAN2C1
ENSGALG00010021395	ENSGALG00010021395
ADAM20	ADAM20
ENSGALG00010021397	ENSGALG00010021397
ENSGALG00010021398	ENSGALG00010021398
ENSGALG00010021399	ENSGALG00010021399
B4GALT2	B4GALT2
PDAP1	PDAP1
ENSGALG00010021402	ENSGALG00010021402
ENSGALG00010021403	ENSGALG00010021403
UQCC1	UQCC1
IDE	IDE
ENSGALG00010021406	ENSGALG00010021406
SIN3A	SIN3A
TTC9	TTC9
MEGF6	MEGF6
ENSGALG00010021410	ENSGALG00010021410
MCU	MCU
ZNF319	ZNF319
SYNJ2BP - ENSGALG00010021413	SYNJ2BP - ENSGALG00010021413
BUD31	BUD31
SIRT4	SIRT4
PLEKHH3	PLEKHH3
STK16	STK16
ENSGALG00010021418	ENSGALG00010021418
MANSC1	MANSC1
PLXNB3	PLXNB3
GLB1L	GLB1L
ENSGALG00010021422	ENSGALG00010021422
ENSGALG00010021423	ENSGALG00010021423
PTCD1	PTCD1
PTPN9	PTPN9
SLC38A7	SLC38A7
RPLP0	RPLP0
ENSGALG00010021428	ENSGALG00010021428
MED8	MED8
ENSGALG00010021430	ENSGALG00010021430
CPSF4	CPSF4
SYT9	SYT9
ENSGALG00010021433	ENSGALG00010021433
ANKZF1	ANKZF1
GCN1	GCN1
TRHR3	TRHR3
ENSGALG00010021437	ENSGALG00010021437
GOT2	GOT2
ITPRIP	ITPRIP
CCR10	CCR10
ENSGALG00010021441	ENSGALG00010021441
ENSGALG00010021442	ENSGALG00010021442
SNUPN	SNUPN
ATG9A	ATG9A
ENSGALG00010021445	ENSGALG00010021445
HOXB8	HOXB8
OCSTAMP	OCSTAMP
SZT2	SZT2
ENSGALG00010021449	ENSGALG00010021449
OLFML1	OLFML1
ENSGALG00010021451	ENSGALG00010021451
SLC25A1	SLC25A1
ENSGALG00010021453	ENSGALG00010021453
ATP5J2	ATP5J2
CFAP58	CFAP58
ENSGALG00010021456	ENSGALG00010021456
USB1	USB1
USP30	USP30
ENSGALG00010021459	ENSGALG00010021459
ENSGALG00010021460	ENSGALG00010021460
SNX33	SNX33
SETD5	SETD5
ENSGALG00010021463	ENSGALG00010021463
ENSGALG00010021464	ENSGALG00010021464
ABCB6	ABCB6
HES4	HES4
LHFPL4	LHFPL4
ENSGALG00010021468	ENSGALG00010021468
CSPG4	CSPG4
ENSGALG00010021470	ENSGALG00010021470
NANOG	NANOG
ENSGALG00010021472	ENSGALG00010021472
SLC8A3	SLC8A3
PPFIBP2	PPFIBP2
ENSGALG00010021475	ENSGALG00010021475
ALKBH2	ALKBH2
ZFAND2B	ZFAND2B
SLC13A3	SLC13A3
SKAP1	SKAP1
ENSGALG00010021480	ENSGALG00010021480
MICU1	MICU1
TRPV6	TRPV6
UNG	UNG
MARCH5	MARCH5
SMOC1	SMOC1
ENSGALG00010021486	ENSGALG00010021486
KLHL17	KLHL17
HYI	HYI
CNPPD1	CNPPD1
ACACB	ACACB
SLC10A1	SLC10A1
PARP6	PARP6
UNC93B1	UNC93B1
SLC2A10	SLC2A10
ENSGALG00010021495	ENSGALG00010021495
MTMR14	MTMR14
PDC	PDC
B3GALT6	B3GALT6
ENSGALG00010021499	ENSGALG00010021499
FOXN4	FOXN4
SLC23A3	SLC23A3
DNAJB12	DNAJB12
KCNS1	KCNS1
ODR4	ODR4
IHH	IHH
MAX	MAX
ENSGALG00010021507	ENSGALG00010021507
ENSGALG00010021508	ENSGALG00010021508
DDIT4	DDIT4
NTSR1	NTSR1
ENSGALG00010021511	ENSGALG00010021511
CPNE9	CPNE9
SDF4	SDF4
TPR	TPR
FGF23	FGF23
SRSF5	SRSF5
ENSGALG00010021517	ENSGALG00010021517
CPEB3	CPEB3
FNTB	FNTB
ENSGALG00010021520	ENSGALG00010021520
TNFRSF4	TNFRSF4
ENSGALG00010021522	ENSGALG00010021522
CELF6	CELF6
ENSGALG00010021524	ENSGALG00010021524
ENSGALG00010021525	ENSGALG00010021525
KCNJ12	KCNJ12
ENSGALG00010021527	ENSGALG00010021527
BRPF1	BRPF1
BTAF1	BTAF1
MLF2	MLF2
RAB15	RAB15
DPP10	DPP10
SSX2IP	SSX2IP
KIFC3	KIFC3
SUSD6	SUSD6
ENSGALG00010021536	ENSGALG00010021536
GPX2	GPX2
TNFRSF18	TNFRSF18
HEXA	HEXA
STK4	STK4
CYP27A1	CYP27A1
ENSGALG00010021542	ENSGALG00010021542
PLEKHD1	PLEKHD1
ENSGALG00010021544	ENSGALG00010021544
CYB5R2	CYB5R2
OGG1	OGG1
ENSGALG00010021547	ENSGALG00010021547
ENSGALG00010021548	ENSGALG00010021548
ANAPC16	ANAPC16
MAP2K3	MAP2K3
ENSGALG00010021551	ENSGALG00010021551
ENSGALG00010021552	ENSGALG00010021552
SLC39A9	SLC39A9
SNX11	SNX11
ENSGALG00010021555	ENSGALG00010021555
CAMK1	CAMK1
ENSGALG00010021557	ENSGALG00010021557
CHURC1	CHURC1
MYO1H	MYO1H
ENSGALG00010021560	ENSGALG00010021560
TGIF2	TGIF2
LRP6	LRP6
ENSGALG00010021563	ENSGALG00010021563
PRKAG3	PRKAG3
CBX1	CBX1
ENSGALG00010021566	ENSGALG00010021566
ENSGALG00010021567	ENSGALG00010021567
TADA3	TADA3
ENSGALG00010021569	ENSGALG00010021569
KATNB1	KATNB1
ENSGALG00010021571	ENSGALG00010021571
MYL9	MYL9
NATD1	NATD1
TTLL4	TTLL4
ADGRL2	ADGRL2
ERH	ERH
ARIH1	ARIH1
ENSGALG00010021578	ENSGALG00010021578
C20H20ORF24	C20H20ORF24
KCTD10	KCTD10
ENSGALG00010021581	ENSGALG00010021581
STK36	STK36
NFE2L1	NFE2L1
OVCH2	OVCH2
ENSGALG00010021585	ENSGALG00010021585
BBS4	BBS4
ENSGALG00010021587	ENSGALG00010021587
RNF25	RNF25
gga-mir-4732	gga-mir-4732
gga-mir-1598	gga-mir-1598
gga-mir-6640	gga-mir-6640
gga-mir-1649	gga-mir-1649
DCAF7	DCAF7
ADPGK	ADPGK
UBE3B	UBE3B
gga-mir-12259	gga-mir-12259
GGT7	GGT7
gga-mir-6580	gga-mir-6580
ARPC4	ARPC4
FMN1	FMN1
LPAR5	LPAR5
ENSGALG00010021602	ENSGALG00010021602
ENSGALG00010021603	ENSGALG00010021603
SPTB	SPTB
MAP3K3	MAP3K3
RNF8	RNF8
SLC9A5	SLC9A5
ENSGALG00010021608	ENSGALG00010021608
ENSGALG00010021609	ENSGALG00010021609
TMEM11	TMEM11
GREM1	GREM1
BCS1L	BCS1L
ADGRL4	ADGRL4
ACRBP	ACRBP
FLVCR1	FLVCR1
ENSGALG00010021616	ENSGALG00010021616
SORBS1	SORBS1
NEO1	NEO1
FHOD1	FHOD1
TTLL10	TTLL10
ZNF518A	ZNF518A
PTHLH	PTHLH
FAR1	FAR1
HSD11B2	HSD11B2
HCN4	HCN4
ZNF142	ZNF142
NCOA6	NCOA6
REC114	REC114
DHRS7B	DHRS7B
VTG1	VTG1
ENSGALG00010021631	ENSGALG00010021631
LIMD2	LIMD2
CCNJ	CCNJ
PLCD4	PLCD4
FOXJ3	FOXJ3
C21H1orf159	C21H1orf159
ATP6V0D1	ATP6V0D1
SRC	SRC
SCG5	SCG5
PLEKHG3	PLEKHG3
Agrp	Agrp
NPTN	NPTN
ENSGALG00010021643	ENSGALG00010021643
TARDBP	TARDBP
ASCC1	ASCC1
RPUSD3	RPUSD3
ARHGAP11B	ARHGAP11B
BRE	BRE
PXN	PXN
CD276	CD276
RNF113B	RNF113B
BORCS5	BORCS5
PTH	PTH
ENSGALG00010021654	ENSGALG00010021654
USP22	USP22
SETD6	SETD6
JAGN1	JAGN1
STRADA	STRADA
SPOCK2	SPOCK2
RNF223	RNF223
DUSP16	DUSP16
RASGRP1	RASGRP1
CNOT9	CNOT9
TYSND1	TYSND1
CNOT1	CNOT1
CCDC47	CCDC47
TBX15	TBX15
PYGO1	PYGO1
ENSGALG00010021669	ENSGALG00010021669
BLCAP	BLCAP
TNFRSF13B	TNFRSF13B
DNTT	DNTT
GLP1R - ENSGALG00010021673	GLP1R - ENSGALG00010021673
ING4	ING4
DDX42	DDX42
TP53INP2	TP53INP2
ENSGALG00010021677	ENSGALG00010021677
DNAAF4	DNAAF4
MASP2	MASP2
PIGT	PIGT
BTBD10	BTBD10
MYL4	MYL4
HFM1	HFM1
BIN1	BIN1
DBNDD2	DBNDD2
CCPG1	CCPG1
ZNF384	ZNF384
ITPR1	ITPR1
MPRIP	MPRIP
ENSGALG00010021690	ENSGALG00010021690
PIGB	PIGB
DRC7	DRC7
PPA1	PPA1
ENSGALG00010021694	ENSGALG00010021694
FNBP4	FNBP4
FBXO47	FBXO47
PIANP	PIANP
GYPC	GYPC
SYS1	SYS1
FLCN	FLCN
DR1	DR1
PLD6	PLD6
CD82	CD82
COPS7A	COPS7A
CCDC18	CCDC18
ENSGALG00010021706	ENSGALG00010021706
DLX2	DLX2
CNTNAP5	CNTNAP5
DLX1	DLX1
ENSGALG00010021710	ENSGALG00010021710
ENSGALG00010021711	ENSGALG00010021711
ENSGALG00010021712	ENSGALG00010021712
RAB27A	RAB27A
TSPAN18	TSPAN18
MMAB	MMAB
TFCP2L1	TFCP2L1
SDC4	SDC4
SST7	SST7
BHLHE40	BHLHE40
CACNB1	CACNB1
TP53I11	TP53I11
AARS1	AARS1
COPS3	COPS3
NPFFR1	NPFFR1
SH2D6	SH2D6
ARNTL	ARNTL
MVK	MVK
TMED5	TMED5
RBPJL	RBPJL
ARL8B	ARL8B
SRM	SRM
CASR	CASR
ENSGALG00010021733	ENSGALG00010021733
PARD3B	PARD3B
PIGBOS1	PIGBOS1
EDEM1	EDEM1
AGBL2	AGBL2
PRDM11	PRDM11
EXOSC10	EXOSC10
PDLIM1	PDLIM1
RPL19	RPL19
MATN4	MATN4
SYT13	SYT13
LITAF	LITAF
RSL24D1	RSL24D1
MTOR	MTOR
AKTIP	AKTIP
CDCA7	CDCA7
CLASP1	CLASP1
HELLS	HELLS
MTCH2	MTCH2
CSTB	CSTB
MTF2	MTF2
SLC17A9	SLC17A9
MAP3K20	MAP3K20
USP42	USP42
ZP4	ZP4
RASSF10	RASSF10
NIFK	NIFK
CSTA	CSTA
MAFB	MAFB
LAMB2	LAMB2
ENSGALG00010021763	ENSGALG00010021763
FAM222A	FAM222A
EIF2AK1	EIF2AK1
AGRN	AGRN
CCDC58	CCDC58
FAM69A	FAM69A
ENSGALG00010021769	ENSGALG00010021769
RALGAPB	RALGAPB
ANKRD61	ANKRD61
TSN	TSN
ENSGALG00010021773	ENSGALG00010021773
FBXL20	FBXL20
CCDC36	CCDC36
PMS2	PMS2
ASTL	ASTL
RBL2	RBL2
UNC13C	UNC13C
ENSGALG00010021780	ENSGALG00010021780
RAPGEF4	RAPGEF4
ADAM11	ADAM11
GIT2	GIT2
ANGPTL7	ANGPTL7
CCDC71	CCDC71
FAM162A	FAM162A
VENTX	VENTX
RPL5	RPL5
CHD9	CHD9
PHF21A	PHF21A
PLEKHM2	PLEKHM2
KLHDC8B	KLHDC8B
ARHGEF1	ARHGEF1
ENSGALG00010021794	ENSGALG00010021794
NDRG3	NDRG3
ENSGALG00010021796	ENSGALG00010021796
SLC25A34	SLC25A34
RANBP10	RANBP10
ENSGALG00010021799	ENSGALG00010021799
TMEM82	TMEM82
VAMP1	VAMP1
ENSGALG00010021802	ENSGALG00010021802
TLL2	TLL2
ENSGALG00010021804	ENSGALG00010021804
FUT8	FUT8
ENSGALG00010021806	ENSGALG00010021806
CDC42	CDC42
ENSGALG00010021808	ENSGALG00010021808
ENSGALG00010021809	ENSGALG00010021809
ANKRD13A	ANKRD13A
ENSGALG00010021811	ENSGALG00010021811
TEAD1	TEAD1
WDR72	WDR72
ENSGALG00010021814	ENSGALG00010021814
ENSGALG00010021815	ENSGALG00010021815
ENSGALG00010021816	ENSGALG00010021816
EVI5	EVI5
ENSGALG00010021818	ENSGALG00010021818
ENSGALG00010021819	ENSGALG00010021819
ENSGALG00010021820	ENSGALG00010021820
PPP1R19L	PPP1R19L
ENSGALG00010021822	ENSGALG00010021822
ENSGALG00010021823	ENSGALG00010021823
ENSGALG00010021824	ENSGALG00010021824
ONECUT1	ONECUT1
FBXO40	FBXO40
CCZ1	CCZ1
ENSGALG00010021828	ENSGALG00010021828
ERCC6	ERCC6
ENSGALG00010021830	ENSGALG00010021830
ENSGALG00010021831	ENSGALG00010021831
ENSGALG00010021832	ENSGALG00010021832
ENSGALG00010021833	ENSGALG00010021833
ENSGALG00010021834	ENSGALG00010021834
NUDT8	NUDT8
ENSGALG00010021836	ENSGALG00010021836
ENSGALG00010021837	ENSGALG00010021837
ENSGALG00010021838	ENSGALG00010021838
C1orf50	C1orf50
ENSGALG00010021840	ENSGALG00010021840
CENPT	CENPT
ENSGALG00010021842	ENSGALG00010021842
ENSGALG00010021843	ENSGALG00010021843
ENSGALG00010021844	ENSGALG00010021844
ENSGALG00010021845	ENSGALG00010021845
ENSGALG00010021846	ENSGALG00010021846
P3H1	P3H1
LARGE2	LARGE2
ENSGALG00010021849	ENSGALG00010021849
ENSGALG00010021850	ENSGALG00010021850
ENSGALG00010021851	ENSGALG00010021851
ENSGALG00010021852	ENSGALG00010021852
ENSGALG00010021853	ENSGALG00010021853
TAPBPL	TAPBPL
ENSGALG00010021855	ENSGALG00010021855
ENSGALG00010021856	ENSGALG00010021856
ENSGALG00010021857	ENSGALG00010021857
ENSGALG00010021858	ENSGALG00010021858
ENSGALG00010021859	ENSGALG00010021859
ENSGALG00010021860	ENSGALG00010021860
ENSGALG00010021861	ENSGALG00010021861
PDK1	PDK1
CLDN19	CLDN19
GFI1	GFI1
ENSGALG00010021865	ENSGALG00010021865
SCNN1A	SCNN1A
CXCL12	CXCL12
ENSGALG00010021868	ENSGALG00010021868
GJC3	GJC3
ENSGALG00010021870	ENSGALG00010021870
ENSGALG00010021871	ENSGALG00010021871
ENSGALG00010021872	ENSGALG00010021872
ENSGALG00010021873	ENSGALG00010021873
TMCC1	TMCC1
TMEM72	TMEM72
ENSGALG00010021876	ENSGALG00010021876
PLEKHN1	PLEKHN1
ENSGALG00010021878	ENSGALG00010021878
CREBL2	CREBL2
ENSGALG00010021880	ENSGALG00010021880
PHF20	PHF20
ENSGALG00010021882	ENSGALG00010021882
ENSGALG00010021883	ENSGALG00010021883
ENSGALG00010021884	ENSGALG00010021884
ENSGALG00010021885	ENSGALG00010021885
ENSGALG00010021886	ENSGALG00010021886
NUTF2	NUTF2
ENSGALG00010021888	ENSGALG00010021888
ENSGALG00010021889	ENSGALG00010021889
TRH	TRH
GPR19	GPR19
NDUFV1	NDUFV1
FAM43B	FAM43B
ENSGALG00010021894	ENSGALG00010021894
ENSGALG00010021895	ENSGALG00010021895
ENSGALG00010021896	ENSGALG00010021896
ENSGALG00010021897	ENSGALG00010021897
ENSGALG00010021898	ENSGALG00010021898
ENSGALG00010021899	ENSGALG00010021899
ENSGALG00010021900	ENSGALG00010021900
ENSGALG00010021901	ENSGALG00010021901
LMTK2	LMTK2
MORC1	MORC1
ENSGALG00010021904	ENSGALG00010021904
RBSN	RBSN
ENSGALG00010021906	ENSGALG00010021906
ENSGALG00010021907	ENSGALG00010021907
EDC4	EDC4
ENSGALG00010021909	ENSGALG00010021909
ENSGALG00010021910	ENSGALG00010021910
ENSGALG00010021911	ENSGALG00010021911
ENSGALG00010021912	ENSGALG00010021912
ENSGALG00010021913	ENSGALG00010021913
ENSGALG00010021914	ENSGALG00010021914
ENSGALG00010021915	ENSGALG00010021915
MRPS25	MRPS25
ENSGALG00010021917	ENSGALG00010021917
OCM1	OCM1
PARVA	PARVA
ENSGALG00010021920	ENSGALG00010021920
ENSGALG00010021921	ENSGALG00010021921
MRPL51	MRPL51
ENSGALG00010021923	ENSGALG00010021923
NRN1L	NRN1L
ENSGALG00010021925	ENSGALG00010021925
ENSGALG00010021926	ENSGALG00010021926
ENSGALG00010021927	ENSGALG00010021927
ENSGALG00010021928	ENSGALG00010021928
ENSGALG00010021929	ENSGALG00010021929
ENSGALG00010021930	ENSGALG00010021930
ITGA6	ITGA6
RPAP2	RPAP2
PRR14L	PRR14L
EFTUD2	EFTUD2
CETP	CETP
ENSGALG00010021936	ENSGALG00010021936
ENSGALG00010021937	ENSGALG00010021937
CABP2	CABP2
ENSGALG00010021939	ENSGALG00010021939
ENSGALG00010021940	ENSGALG00010021940
ENSGALG00010021941	ENSGALG00010021941
ENSGALG00010021942	ENSGALG00010021942
OCM3	OCM3
ENSGALG00010021944	ENSGALG00010021944
C1QTNF4	C1QTNF4
ENSGALG00010021946	ENSGALG00010021946
CDK2AP2	CDK2AP2
ENSGALG00010021948	ENSGALG00010021948
ENSGALG00010021949	ENSGALG00010021949
ENSGALG00010021950	ENSGALG00010021950
PSKH1	PSKH1
ENSGALG00010021952	ENSGALG00010021952
PITPNM1	PITPNM1
ENSGALG00010021954	ENSGALG00010021954
ENSGALG00010021955	ENSGALG00010021955
ENSGALG00010021956	ENSGALG00010021956
ENSGALG00010021957	ENSGALG00010021957
BHLHA15	BHLHA15
ENSGALG00010021959	ENSGALG00010021959
CDKN1B	CDKN1B
ENSGALG00010021961	ENSGALG00010021961
ENSGALG00010021962	ENSGALG00010021962
ENSGALG00010021963	ENSGALG00010021963
ENSGALG00010021964	ENSGALG00010021964
PEX16	PEX16
ADGRA1	ADGRA1
ENSGALG00010021967	ENSGALG00010021967
ENSGALG00010021968	ENSGALG00010021968
CCDC103	CCDC103
ERGIC3	ERGIC3
ICOS	ICOS
PISD	PISD
ENSGALG00010021973	ENSGALG00010021973
GFAP	GFAP
ENSGALG00010021975	ENSGALG00010021975
ENSGALG00010021976	ENSGALG00010021976
ENSGALG00010021977	ENSGALG00010021977
NR2C2	NR2C2
ENSGALG00010021979	ENSGALG00010021979
GLMN	GLMN
ENSGALG00010021981	ENSGALG00010021981
ENSGALG00010021982	ENSGALG00010021982
CTLA4	CTLA4
ENSGALG00010021984	ENSGALG00010021984
ENSGALG00010021985	ENSGALG00010021985
ENSGALG00010021986	ENSGALG00010021986
ENSGALG00010021987	ENSGALG00010021987
FAM180B	FAM180B
NCAPD2	NCAPD2
ENSGALG00010021990	ENSGALG00010021990
ENSGALG00010021991	ENSGALG00010021991
ENSGALG00010021992	ENSGALG00010021992
ENSGALG00010021993	ENSGALG00010021993
ENSGALG00010021994	ENSGALG00010021994
CD28	CD28
ENSGALG00010021996	ENSGALG00010021996
ENSGALG00010021997	ENSGALG00010021997
ENSGALG00010021998	ENSGALG00010021998
ANKRD22	ANKRD22
C11orf94	C11orf94
ENSGALG00010022001	ENSGALG00010022001
KIF18B	KIF18B
ENSGALG00010022003	ENSGALG00010022003
ENSGALG00010022004	ENSGALG00010022004
NLRC5	NLRC5
SFI1	SFI1
ENSGALG00010022007	ENSGALG00010022007
C1orf146	C1orf146
ENSGALG00010022009	ENSGALG00010022009
ENSGALG00010022010	ENSGALG00010022010
ENSGALG00010022011	ENSGALG00010022011
ENSGALG00010022012	ENSGALG00010022012
ENSGALG00010022013	ENSGALG00010022013
ENSGALG00010022014	ENSGALG00010022014
ENSGALG00010022015	ENSGALG00010022015
ENSGALG00010022016	ENSGALG00010022016
CNP1	CNP1
ENSGALG00010022018	ENSGALG00010022018
BTBD8	BTBD8
ENSGALG00010022020	ENSGALG00010022020
TECPR1	TECPR1
STAMBPL1	STAMBPL1
ENSGALG00010022023	ENSGALG00010022023
MICAL2	MICAL2
ENSGALG00010022025	ENSGALG00010022025
ENSGALG00010022026	ENSGALG00010022026
EIF4ENIF1	EIF4ENIF1
FGD5	FGD5
ENSGALG00010022029	ENSGALG00010022029
ZNF341	ZNF341
ENSGALG00010022031	ENSGALG00010022031
KBTBD4	KBTBD4
RAPH1	RAPH1
ENSGALG00010022034	ENSGALG00010022034
ENSGALG00010022035	ENSGALG00010022035
ENSGALG00010022036	ENSGALG00010022036
DRG1	DRG1
GAPDH	GAPDH
ENSGALG00010022039	ENSGALG00010022039
ENSGALG00010022040	ENSGALG00010022040
MAPK8IP1	MAPK8IP1
AIP	AIP
ENSGALG00010022043	ENSGALG00010022043
PXMP4	PXMP4
ENSGALG00010022045	ENSGALG00010022045
CRY2	CRY2
ENSGALG00010022047	ENSGALG00010022047
ENSGALG00010022048	ENSGALG00010022048
EPHX3	EPHX3
ENSGALG00010022050	ENSGALG00010022050
BAIAP2L1	BAIAP2L1
IFFO1	IFFO1
ENSGALG00010022053	ENSGALG00010022053
ENSGALG00010022054	ENSGALG00010022054
E2F1	E2F1
ENSGALG00010022056	ENSGALG00010022056
ENSGALG00010022057	ENSGALG00010022057
NLRP3	NLRP3
NPTX2	NPTX2
ENSGALG00010022060	ENSGALG00010022060
ENSGALG00010022061	ENSGALG00010022061
MITF	MITF
ENSGALG00010022063	ENSGALG00010022063
ENSGALG00010022064	ENSGALG00010022064
PABPC1L	PABPC1L
DAD1	DAD1
TMEM130	TMEM130
ENSGALG00010022068	ENSGALG00010022068
NOP2	NOP2
ENSGALG00010022070	ENSGALG00010022070
ACTA2	ACTA2
SMTN	SMTN
PTPMT1	PTPMT1
ENSGALG00010022074	ENSGALG00010022074
ENSGALG00010022075	ENSGALG00010022075
YWHAB	YWHAB
ENSGALG00010022077	ENSGALG00010022077
ENSGALG00010022078	ENSGALG00010022078
ABI2	ABI2
ENSGALG00010022080	ENSGALG00010022080
FAS	FAS
TGFBR3	TGFBR3
MDFIC2	MDFIC2
SELENOM	SELENOM
MLLT6	MLLT6
ENSGALG00010022086	ENSGALG00010022086
SLC35C1	SLC35C1
DKK3	DKK3
ENSGALG00010022089	ENSGALG00010022089
TRRAP	TRRAP
ENSGALG00010022091	ENSGALG00010022091
CTRL	CTRL
CHD4	CHD4
ENSGALG00010022094	ENSGALG00010022094
ENSGALG00010022095	ENSGALG00010022095
ENSGALG00010022096	ENSGALG00010022096
INPP5J	INPP5J
CDC7	CDC7
ENSGALG00010022099	ENSGALG00010022099
ENTPD1	ENTPD1
CISD3	CISD3
ENSGALG00010022102	ENSGALG00010022102
ENSGALG00010022103	ENSGALG00010022103
EXOC3L1	EXOC3L1
DLG5	DLG5
ENSGALG00010022106	ENSGALG00010022106
ENSGALG00010022107	ENSGALG00010022107
USP47	USP47
ENSGALG00010022109	ENSGALG00010022109
ENSGALG00010022110	ENSGALG00010022110
PCGF2	PCGF2
ENSGALG00010022112	ENSGALG00010022112
ENSGALG00010022113	ENSGALG00010022113
ENSGALG00010022114	ENSGALG00010022114
E2F4	E2F4
CYP20A1	CYP20A1
FAM20C	FAM20C
ENSGALG00010022118	ENSGALG00010022118
ENSGALG00010022119	ENSGALG00010022119
FOXL3	FOXL3
ENSGALG00010022121	ENSGALG00010022121
PSMB3	PSMB3
ENSGALG00010022123	ENSGALG00010022123
ENSGALG00010022124	ENSGALG00010022124
CBFA2T2	CBFA2T2
gga-mir-200a	gga-mir-200a
gga-mir-12246	gga-mir-12246
PLA2G3	PLA2G3
ELMO3	ELMO3
CEND1	CEND1
ENSGALG00010022131	ENSGALG00010022131
gga-mir-429	gga-mir-429
ENSGALG00010022133	ENSGALG00010022133
CH25H	CH25H
CHST1	CHST1
gga-mir-200b	gga-mir-200b
PDDC1	PDDC1
SPAG17	SPAG17
ENSGALG00010022139	ENSGALG00010022139
gga-mir-6626	gga-mir-6626
gga-mir-34a	gga-mir-34a
TMEM208	TMEM208
MATCAP1	MATCAP1
SNTA1	SNTA1
P2RX2	P2RX2
NPPA	NPPA
ENSGALG00010022147	ENSGALG00010022147
TALDO1	TALDO1
NBEAL1	NBEAL1
CPNE2	CPNE2
PIP4K2B	PIP4K2B
ZNF644	ZNF644
ENSGALG00010022153	ENSGALG00010022153
CPN1	CPN1
ENSGALG00010022155	ENSGALG00010022155
ENSGALG00010022156	ENSGALG00010022156
EPS8L2	EPS8L2
CWC25	CWC25
KIAA2013	KIAA2013
ENSGALG00010022160	ENSGALG00010022160
CELF1	CELF1
POLE	POLE
BARHL2	BARHL2
PDGFA	PDGFA
FAM192A	FAM192A
SDHB	SDHB
WDR3	WDR3
ENSGALG00010022168	ENSGALG00010022168
TOX2	TOX2
RSPRY1	RSPRY1
FOXP1	FOXP1
GIPC2	GIPC2
RPL23	RPL23
KCNMA1	KCNMA1
ENSGALG00010022175	ENSGALG00010022175
ENSGALG00010022176	ENSGALG00010022176
ENSGALG00010022177	ENSGALG00010022177
AADACL3C	AADACL3C
ENSGALG00010022179	ENSGALG00010022179
PLLP	PLLP
ENSGALG00010022181	ENSGALG00010022181
CNTNAP1	CNTNAP1
ENSGALG00010022183	ENSGALG00010022183
PRKAR1B	PRKAR1B
ENSGALG00010022185	ENSGALG00010022185
DNAJB4	DNAJB4
ENSGALG00010022187	ENSGALG00010022187
gga-mir-128-1	gga-mir-128-1
MIR153-1	MIR153-1
ACVR1B	ACVR1B
gga-mir-375	gga-mir-375
ENSGALG00010022192	ENSGALG00010022192
GDAP2	GDAP2
ENSGALG00010022194	ENSGALG00010022194
gga-mir-1553	gga-mir-1553
PLXNA1	PLXNA1
gga-mir-1788	gga-mir-1788
gga-mir-1582	gga-mir-1582
RBM23	RBM23
DNMBP	DNMBP
ENSGALG00010022201	ENSGALG00010022201
CX3CL1	CX3CL1
DNAAF5	DNAAF5
ENSGALG00010022204	ENSGALG00010022204
GALNT18	GALNT18
ENSGALG00010022206	ENSGALG00010022206
ENSGALG00010022207	ENSGALG00010022207
CCL17	CCL17
ZFYVE19	ZFYVE19
EZH1	EZH1
ENSGALG00010022211	ENSGALG00010022211
ENSGALG00010022212	ENSGALG00010022212
IDH1	IDH1
ENSGALG00010022214	ENSGALG00010022214
ENSGALG00010022215	ENSGALG00010022215
ROMO1	ROMO1
LRMDA	LRMDA
TUBA4A	TUBA4A
EIF4E3	EIF4E3
PPP1R14D	PPP1R14D
CUTC	CUTC
ENSGALG00010022222	ENSGALG00010022222
DOK4	DOK4
NHEJ1	NHEJ1
ENSGALG00010022225	ENSGALG00010022225
FBRSL1	FBRSL1
TMEM80	TMEM80
FUBP1	FUBP1
RAPSN	RAPSN
NFS1	NFS1
ZNF503	ZNF503
GPR173	GPR173
FAM46C	FAM46C
COX15	COX15
RAMP2	RAMP2
SHF	SHF
SUN1	SUN1
COMTD1	COMTD1
DEAF1	DEAF1
SPINT1	SPINT1
POLR2C	POLR2C
USP19	USP19
ENSGALG00010022243	ENSGALG00010022243
ENTPD7	ENTPD7
PIKFYVE	PIKFYVE
RHOV	RHOV
GALNT9	GALNT9
FIGNL2	FIGNL2
DRD4	DRD4
SLC25A28	SLC25A28
WNK4	WNK4
COQ9	COQ9
ALPK3	ALPK3
ENSGALG00010022254	ENSGALG00010022254
NOC4L	NOC4L
PSMC3	PSMC3
KCNK18	KCNK18
ENSGALG00010022258	ENSGALG00010022258
GET4	GET4
ENSGALG00010022260	ENSGALG00010022260
ALOX15B	ALOX15B
ENSGALG00010022262	ENSGALG00010022262
ENSGALG00010022263	ENSGALG00010022263
SCN8A	SCN8A
ENSGALG00010022265	ENSGALG00010022265
COA3	COA3
ENSGALG00010022267	ENSGALG00010022267
ENSGALG00010022268	ENSGALG00010022268
CNTD1	CNTD1
MRGPRH	MRGPRH
SLC18A2	SLC18A2
ENSGALG00010022272	ENSGALG00010022272
ENSGALG00010022273	ENSGALG00010022273
CCDC91	CCDC91
VDAC2	VDAC2
BECN1	BECN1
ENSGALG00010022277	ENSGALG00010022277
ENSGALG00010022278	ENSGALG00010022278
EP400	EP400
PDZD8	PDZD8
ENSGALG00010022281	ENSGALG00010022281
METTL7A	METTL7A
ENSGALG00010022283	ENSGALG00010022283
ENSGALG00010022284	ENSGALG00010022284
ENSGALG00010022285	ENSGALG00010022285
ENSGALG00010022286	ENSGALG00010022286
ENSGALG00010022287	ENSGALG00010022287
ENSGALG00010022288	ENSGALG00010022288
ENSGALG00010022289	ENSGALG00010022289
NEXN	NEXN
ENSGALG00010022291	ENSGALG00010022291
ENSGALG00010022292	ENSGALG00010022292
DNAJC10	DNAJC10
ENSGALG00010022294	ENSGALG00010022294
ENSGALG00010022295	ENSGALG00010022295
CIAPIN1	CIAPIN1
VPS18	VPS18
ENSGALG00010022298	ENSGALG00010022298
MRGBP	MRGBP
ENSGALG00010022300	ENSGALG00010022300
ENSGALG00010022301	ENSGALG00010022301
ENSGALG00010022302	ENSGALG00010022302
DUSP13A	DUSP13A
ADAP1	ADAP1
ENSGALG00010022305	ENSGALG00010022305
ENSGALG00010022306	ENSGALG00010022306
ENSGALG00010022307	ENSGALG00010022307
OGFR	OGFR
WSCD2	WSCD2
DCLRE1A	DCLRE1A
DLL4	DLL4
ZNF592	ZNF592
ENSGALG00010022313	ENSGALG00010022313
DUSP13B	DUSP13B
ENSGALG00010022315	ENSGALG00010022315
INO80	INO80
PSME3	PSME3
ENSGALG00010022318	ENSGALG00010022318
ENSGALG00010022319	ENSGALG00010022319
COL9A3	COL9A3
ENSGALG00010022321	ENSGALG00010022321
ENSGALG00010022322	ENSGALG00010022322
DUSP29	DUSP29
ENSGALG00010022324	ENSGALG00010022324
MIGA1	MIGA1
COX19	COX19
ENSGALG00010022327	ENSGALG00010022327
ENSGALG00010022328	ENSGALG00010022328
CYP2AC7	CYP2AC7
ENSGALG00010022330	ENSGALG00010022330
ENSGALG00010022331	ENSGALG00010022331
KAT6B	KAT6B
AOC3	AOC3
PDE1A	PDE1A
ENSGALG00010022335	ENSGALG00010022335
ENSGALG00010022336	ENSGALG00010022336
ENSGALG00010022337	ENSGALG00010022337
ENSGALG00010022338	ENSGALG00010022338
ENSGALG00010022339	ENSGALG00010022339
GFOD2	GFOD2
ENSGALG00010022341	ENSGALG00010022341
ENSGALG00010022342	ENSGALG00010022342
GATA5	GATA5
ENSGALG00010022344	ENSGALG00010022344
USP33	USP33
ENSGALG00010022346	ENSGALG00010022346
SEC11A	SEC11A
G6PC1	G6PC1
ENSGALG00010022349	ENSGALG00010022349
ENSGALG00010022350	ENSGALG00010022350
C11orf91	C11orf91
ENSGALG00010022352	ENSGALG00010022352
SLC39A13	SLC39A13
FAR2	FAR2
ENSGALG00010022355	ENSGALG00010022355
TCFL5	TCFL5
CYP2W1 - ENSGALG00010022357	CYP2W1 - ENSGALG00010022357
ENSGALG00010022358	ENSGALG00010022358
ZZZ3	ZZZ3
ENSGALG00010022360	ENSGALG00010022360
ENSGALG00010022361	ENSGALG00010022361
ENSGALG00010022362	ENSGALG00010022362
KIF18A	KIF18A
ENSGALG00010022364	ENSGALG00010022364
PLCG1	PLCG1
AARSD1	AARSD1
ENSGALG00010022367	ENSGALG00010022367
ENSGALG00010022368	ENSGALG00010022368
ENSGALG00010022369	ENSGALG00010022369
ENSGALG00010022370	ENSGALG00010022370
ENSGALG00010022371	ENSGALG00010022371
ENSGALG00010022372	ENSGALG00010022372
AK5	AK5
ENSGALG00010022374	ENSGALG00010022374
NMB	NMB
ENSGALG00010022376	ENSGALG00010022376
ZHX3	ZHX3
ENSGALG00010022378	ENSGALG00010022378
METTL15P1	METTL15P1
ENSGALG00010022380	ENSGALG00010022380
ENSGALG00010022381	ENSGALG00010022381
CALB2	CALB2
ENSGALG00010022383	ENSGALG00010022383
ENSGALG00010022384	ENSGALG00010022384
ENSGALG00010022385	ENSGALG00010022385
SPI1	SPI1
ENSGALG00010022387	ENSGALG00010022387
CYP2W1 - ENSGALG00010022388	CYP2W1 - ENSGALG00010022388
DUOXA1L	DUOXA1L
ENSGALG00010022390	ENSGALG00010022390
ENSGALG00010022391	ENSGALG00010022391
EMILIN3	EMILIN3
ENSGALG00010022393	ENSGALG00010022393
ENSGALG00010022394	ENSGALG00010022394
PTGES3L	PTGES3L
PPP1R1C	PPP1R1C
ATF1	ATF1
ENSGALG00010022398	ENSGALG00010022398
ENSGALG00010022399	ENSGALG00010022399
NHLRC2	NHLRC2
LCAT	LCAT
ENSGALG00010022402	ENSGALG00010022402
ENSGALG00010022403	ENSGALG00010022403
ENSGALG00010022404	ENSGALG00010022404
ENSGALG00010022405	ENSGALG00010022405
ITPRID2	ITPRID2
RUNDC1	RUNDC1
RAD51AP1	RAD51AP1
CARNS1	CARNS1
ENSGALG00010022410	ENSGALG00010022410
ADRB1	ADRB1
CHAC1	CHAC1
ENSGALG00010022413	ENSGALG00010022413
ENSGALG00010022414	ENSGALG00010022414
DIP2B	DIP2B
CCDC186	CCDC186
ENSGALG00010022417	ENSGALG00010022417
ENSGALG00010022418	ENSGALG00010022418
DUOX2	DUOX2
ENSGALG00010022420	ENSGALG00010022420
CMKLR1	CMKLR1
RPS6KB2	RPS6KB2
ENSGALG00010022423	ENSGALG00010022423
ENSGALG00010022424	ENSGALG00010022424
VWA2	VWA2
EXD1	EXD1
RPL27	RPL27
ENSGALG00010022428	ENSGALG00010022428
ADK	ADK
ENSGALG00010022430	ENSGALG00010022430
LARP4	LARP4
ENSGALG00010022432	ENSGALG00010022432
LNPK	LNPK
ENSGALG00010022434	ENSGALG00010022434
PIGK	PIGK
AFAP1L2	AFAP1L2
ENSGALG00010022437	ENSGALG00010022437
RPN2	RPN2
IFI35	IFI35
SORD	SORD
FICD	FICD
ENSGALG00010022442	ENSGALG00010022442
ENSGALG00010022443	ENSGALG00010022443
ENSGALG00010022444	ENSGALG00010022444
ENSGALG00010022445	ENSGALG00010022445
ENSGALG00010022446	ENSGALG00010022446
ENSGALG00010022447	ENSGALG00010022447
C12orf4	C12orf4
ENSGALG00010022449	ENSGALG00010022449
ENSGALG00010022450	ENSGALG00010022450
CHP1	CHP1
AP3M1	AP3M1
ENSGALG00010022453	ENSGALG00010022453
ABLIM1	ABLIM1
C7orf50	C7orf50
ATP5G3	ATP5G3
ENSGALG00010022457	ENSGALG00010022457
ENSGALG00010022458	ENSGALG00010022458
FGF6	FGF6
VAT1	VAT1
ENSGALG00010022461	ENSGALG00010022461
ITGA5	ITGA5
DUSP12	DUSP12
ENSGALG00010022464	ENSGALG00010022464
ENSGALG00010022465	ENSGALG00010022465
NEDD4	NEDD4
SART3	SART3
MYBPC3	MYBPC3
ENSGALG00010022469	ENSGALG00010022469
ENSGALG00010022470	ENSGALG00010022470
ST6GALNAC5	ST6GALNAC5
QSER1	QSER1
ZNF385A	ZNF385A
VCL	VCL
ENSGALG00010022475	ENSGALG00010022475
OIP5	OIP5
ENSGALG00010022477	ENSGALG00010022477
ATP6V1A	ATP6V1A
ENSGALG00010022479	ENSGALG00010022479
PIF1	PIF1
CORO1B	CORO1B
PRTG	PRTG
TOP2A	TOP2A
ENSGALG00010022484	ENSGALG00010022484
ATF2	ATF2
FAM183A	FAM183A
ENSGALG00010022487	ENSGALG00010022487
ENSGALG00010022488	ENSGALG00010022488
NUSAP1	NUSAP1
ENSGALG00010022490	ENSGALG00010022490
ENSGALG00010022491	ENSGALG00010022491
ENSGALG00010022492	ENSGALG00010022492
NFE2	NFE2
FAM160B1	FAM160B1
ENSGALG00010022495	ENSGALG00010022495
TUBGCP2	TUBGCP2
CORO1C	CORO1C
NAA50	NAA50
ENSGALG00010022499	ENSGALG00010022499
ENSGALG00010022500	ENSGALG00010022500
ENSGALG00010022501	ENSGALG00010022501
ENSGALG00010022502	ENSGALG00010022502
ENSGALG00010022503	ENSGALG00010022503
RAD9A	RAD9A
ZNF511	ZNF511
EBNA1BP2	EBNA1BP2
ENSGALG00010022507	ENSGALG00010022507
USF3	USF3
ENSGALG00010022509	ENSGALG00010022509
ENSGALG00010022510	ENSGALG00010022510
IGFBP4	IGFBP4
PRAP1	PRAP1
NDUFAF1	NDUFAF1
ENSGALG00010022514	ENSGALG00010022514
CHRNA1	CHRNA1
TRUB1	TRUB1
HNRNPA1	HNRNPA1
ECHS1	ECHS1
ENSGALG00010022519	ENSGALG00010022519
TMOD2	TMOD2
RTF1	RTF1
TNS4	TNS4
ENSGALG00010022523	ENSGALG00010022523
SOX18	SOX18
ISCU	ISCU
PPP1CA	PPP1CA
ENSGALG00010022527	ENSGALG00010022527
SIDT1	SIDT1
CCR7	CCR7
ENSGALG00010022530	ENSGALG00010022530
ENSGALG00010022531	ENSGALG00010022531
CBX5	CBX5
TMEM119	TMEM119
CFAP57	CFAP57
ENSGALG00010022535	ENSGALG00010022535
SMUG1	SMUG1
ENSGALG00010022537	ENSGALG00010022537
WIPF1	WIPF1
LYSMD2	LYSMD2
GPR146	GPR146
ITPKA	ITPKA
ENSGALG00010022542	ENSGALG00010022542
ENSGALG00010022543	ENSGALG00010022543
SPICE1	SPICE1
CSTF3	CSTF3
MTG1	MTG1
SMARCE1	SMARCE1
ENSGALG00010022548	ENSGALG00010022548
ENSGALG00010022549	ENSGALG00010022549
TRIM45	TRIM45
GPER1	GPER1
GPR155	GPR155
PRPF6	PRPF6
SCG3	SCG3
ENSGALG00010022555	ENSGALG00010022555
ENSGALG00010022556	ENSGALG00010022556
WNT1	WNT1
NYAP2	NYAP2
SSH1	SSH1
SAMD10	SAMD10
ENSGALG00010022561	ENSGALG00010022561
GHRH	GHRH
ENSGALG00010022563	ENSGALG00010022563
VTCN1	VTCN1
ARF3	ARF3
ENSGALG00010022566	ENSGALG00010022566
PAOX	PAOX
SCRN3	SCRN3
KIAA1549L	KIAA1549L
ENSGALG00010022570	ENSGALG00010022570
RIPOR1	RIPOR1
ENSGALG00010022572	ENSGALG00010022572
AP4E1	AP4E1
ITPRIPL2	ITPRIPL2
TMEM41B	TMEM41B
ENSGALG00010022576	ENSGALG00010022576
ENSGALG00010022577	ENSGALG00010022577
ZNF512B	ZNF512B
TNFAIP8L3	TNFAIP8L3
ENSGALG00010022580	ENSGALG00010022580
TMEM125	TMEM125
ENSGALG00010022582	ENSGALG00010022582
FKBP11	FKBP11
ENSGALG00010022584	ENSGALG00010022584
CIR1	CIR1
ENSGALG00010022586	ENSGALG00010022586
ENSGALG00010022587	ENSGALG00010022587
TCP11L1	TCP11L1
ENSGALG00010022589	ENSGALG00010022589
ENSGALG00010022590	ENSGALG00010022590
ENSGALG00010022591	ENSGALG00010022591
CCDC65	CCDC65
MANBAL	MANBAL
ENSGALG00010022594	ENSGALG00010022594
ENSGALG00010022595	ENSGALG00010022595
LIPML1	LIPML1
SLCO4A1	SLCO4A1
ENSGALG00010022598	ENSGALG00010022598
RNLS	RNLS
ENSGALG00010022600	ENSGALG00010022600
CYP19A1	CYP19A1
gga-mir-1731	gga-mir-1731
ATRNL1	ATRNL1
ENSGALG00010022604	ENSGALG00010022604
SP9	SP9
gga-mir-425	gga-mir-425
ENSGALG00010022607	ENSGALG00010022607
P3H4	P3H4
RBBP8NL	RBBP8NL
gga-mir-1711	gga-mir-1711
gga-mir-191	gga-mir-191
ENSGALG00010022612	ENSGALG00010022612
ENSGALG00010022613	ENSGALG00010022613
DAO	DAO
ENSGALG00010022615	ENSGALG00010022615
GLDN	GLDN
ENSGALG00010022617	ENSGALG00010022617
ENSGALG00010022618	ENSGALG00010022618
MADD	MADD
ENSGALG00010022620	ENSGALG00010022620
ENSGALG00010022621	ENSGALG00010022621
MPPED2	MPPED2
TOP1	TOP1
ENSGALG00010022624	ENSGALG00010022624
ENSGALG00010022625	ENSGALG00010022625
ENSGALG00010022626	ENSGALG00010022626
CTCF	CTCF
SVOP	SVOP
ENSGALG00010022629	ENSGALG00010022629
ENSGALG00010022630	ENSGALG00010022630
ENSGALG00010022631	ENSGALG00010022631
ENSGALG00010022632	ENSGALG00010022632
ENSGALG00010022633	ENSGALG00010022633
ENSGALG00010022634	ENSGALG00010022634
ENSGALG00010022635	ENSGALG00010022635
ENSGALG00010022636	ENSGALG00010022636
ENSGALG00010022637	ENSGALG00010022637
ENSGALG00010022638	ENSGALG00010022638
ENSGALG00010022639	ENSGALG00010022639
ENSGALG00010022640	ENSGALG00010022640
ENSGALG00010022641	ENSGALG00010022641
SEC13	SEC13
SP3	SP3
ARMC8	ARMC8
C1orf210	C1orf210
ENSGALG00010022646	ENSGALG00010022646
SVIP	SVIP
ENSGALG00010022648	ENSGALG00010022648
PATZ1	PATZ1
NR1H3	NR1H3
ENSGALG00010022651	ENSGALG00010022651
CARMIL2	CARMIL2
ENSGALG00010022653	ENSGALG00010022653
ENSGALG00010022654	ENSGALG00010022654
NRIP3	NRIP3
FKBP10	FKBP10
MRPS35	MRPS35
ENSGALG00010022658	ENSGALG00010022658
TIE1	TIE1
METAP1D	METAP1D
ENSGALG00010022661	ENSGALG00010022661
GFRA1	GFRA1
ENSGALG00010022663	ENSGALG00010022663
TRPC4AP	TRPC4AP
ENSGALG00010022665	ENSGALG00010022665
ENSGALG00010022666	ENSGALG00010022666
PTEN	PTEN
CCDC172	CCDC172
MANSC4	MANSC4
ENSGALG00010022670	ENSGALG00010022670
DBR1	DBR1
ENSGALG00010022672	ENSGALG00010022672
KLHL42	KLHL42
ENSGALG00010022674	ENSGALG00010022674
DMBX1	DMBX1
ENSGALG00010022676	ENSGALG00010022676
ENSGALG00010022677	ENSGALG00010022677
ENSGALG00010022678	ENSGALG00010022678
ENSGALG00010022679	ENSGALG00010022679
ENSGALG00010022680	ENSGALG00010022680
PPP2R3A	PPP2R3A
EIF1	EIF1
ENSGALG00010022683	ENSGALG00010022683
MYH7B	MYH7B
ATAD1	ATAD1
ENSGALG00010022686	ENSGALG00010022686
ENSGALG00010022687	ENSGALG00010022687
ENSGALG00010022688	ENSGALG00010022688
MPL	MPL
AICDA	AICDA
ASIC2	ASIC2
ENSGALG00010022692	ENSGALG00010022692
ENSGALG00010022693	ENSGALG00010022693
ENSGALG00010022694	ENSGALG00010022694
PIK3IP1	PIK3IP1
ENSGALG00010022696	ENSGALG00010022696
ENSGALG00010022697	ENSGALG00010022697
SEMA6D	SEMA6D
ENSGALG00010022699	ENSGALG00010022699
ENSGALG00010022700	ENSGALG00010022700
ENSGALG00010022701	ENSGALG00010022701
CDC20	CDC20
ENSGALG00010022703	ENSGALG00010022703
ENSGALG00010022704	ENSGALG00010022704
CRHR1	CRHR1
ENSGALG00010022706	ENSGALG00010022706
SALL1	SALL1
SPRED1	SPRED1
RNF5	RNF5
ENSGALG00010022710	ENSGALG00010022710
LRRC49	LRRC49
DDX23	DDX23
PNLIPRP1	PNLIPRP1
ENSGALG00010022714	ENSGALG00010022714
ENSGALG00010022715	ENSGALG00010022715
ENSGALG00010022716	ENSGALG00010022716
ELOVL1	ELOVL1
C12orf43	C12orf43
MSL2	MSL2
ENSGALG00010022720	ENSGALG00010022720
ENSGALG00010022721	ENSGALG00010022721
ENSGALG00010022722	ENSGALG00010022722
ENSGALG00010022723	ENSGALG00010022723
LUZP2	LUZP2
KRT222	KRT222
ENSGALG00010022726	ENSGALG00010022726
ACP2	ACP2
ENSGALG00010022728	ENSGALG00010022728
ENSGALG00010022729	ENSGALG00010022729
ENSGALG00010022730	ENSGALG00010022730
LRRC8B	LRRC8B
ENSGALG00010022732	ENSGALG00010022732
PCCB	PCCB
ENSGALG00010022734	ENSGALG00010022734
ENSGALG00010022735	ENSGALG00010022735
ENSGALG00010022736	ENSGALG00010022736
CYLD	CYLD
ENSGALG00010022738	ENSGALG00010022738
RND1	RND1
ENSGALG00010022740	ENSGALG00010022740
HNF1A	HNF1A
IFT46	IFT46
ZNF326	ZNF326
ENSGALG00010022744	ENSGALG00010022744
PAPSS2	PAPSS2
ENSGALG00010022746	ENSGALG00010022746
NT5C3B	NT5C3B
ENSGALG00010022748	ENSGALG00010022748
HSPA12A	HSPA12A
ENSGALG00010022750	ENSGALG00010022750
SLC25A12	SLC25A12
ENSGALG00010022752	ENSGALG00010022752
BTG4	BTG4
SNX20	SNX20
MINPP1	MINPP1
ENSGALG00010022756	ENSGALG00010022756
ENSGALG00010022757	ENSGALG00010022757
ENSGALG00010022758	ENSGALG00010022758
THSD4	THSD4
ELAVL4	ELAVL4
ENSGALG00010022761	ENSGALG00010022761
ENSGALG00010022762	ENSGALG00010022762
ENSGALG00010022763	ENSGALG00010022763
MFAP5	MFAP5
KRT12	KRT12
ENSGALG00010022766	ENSGALG00010022766
CACNB3	CACNB3
ENSGALG00010022768	ENSGALG00010022768
FXYD6	FXYD6
HAT1	HAT1
SGMS1	SGMS1
ENSGALG00010022772	ENSGALG00010022772
ENSGALG00010022773	ENSGALG00010022773
A1CF	A1CF
ENSGALG00010022775	ENSGALG00010022775
CDH4	CDH4
ENSGALG00010022777	ENSGALG00010022777
GDF11	GDF11
BSND	BSND
DYNC1I2	DYNC1I2
ENSGALG00010022781	ENSGALG00010022781
TMPRSS13	TMPRSS13
STAG1	STAG1
DMRTA2	DMRTA2
ENSGALG00010022785	ENSGALG00010022785
KRT40	KRT40
ENO4	ENO4
CYBRD1	CYBRD1
ENSGALG00010022789	ENSGALG00010022789
ENSGALG00010022790	ENSGALG00010022790
PCSK9	PCSK9
DDB2	DDB2
ENSGALG00010022793	ENSGALG00010022793
RPRML	RPRML
TAF4	TAF4
RIMKLB	RIMKLB
EFHD1	EFHD1
ENSGALG00010022798	ENSGALG00010022798
DCAF17	DCAF17
KLHL10	KLHL10
LSM14B	LSM14B
ENSGALG00010022802	ENSGALG00010022802
ENSGALG00010022803	ENSGALG00010022803
SNX19	SNX19
ENSGALG00010022805	ENSGALG00010022805
SPPL3	SPPL3
ADCY6 - ENSGALG00010022807	ADCY6 - ENSGALG00010022807
PSMA7	PSMA7
MYO1E	MYO1E
ENSGALG00010022810	ENSGALG00010022810
GIGYF2	GIGYF2
ENSGALG00010022812	ENSGALG00010022812
USP24	USP24
ENSGALG00010022814	ENSGALG00010022814
LRRC8D	LRRC8D
METTL8	METTL8
KRT23	KRT23
ENSGALG00010022818	ENSGALG00010022818
PACSIN3	PACSIN3
SHTN1	SHTN1
ENSGALG00010022821	ENSGALG00010022821
KCNJ13	KCNJ13
IGHMBP2	IGHMBP2
PUS1	PUS1
SS18L1	SS18L1
SNORC	SNORC
CMTR2	CMTR2
PRKG1	PRKG1
ENSGALG00010022829	ENSGALG00010022829
MTG2	MTG2
LRRC8C	LRRC8C
ENSGALG00010022832	ENSGALG00010022832
HRH3	HRH3
CHRNA7	CHRNA7
DD1CR	DD1CR
ENSGALG00010022836	ENSGALG00010022836
ITGB3	ITGB3
ARFGAP2	ARFGAP2
SYT12	SYT12
MARVELD1	MARVELD1
ENSGALG00010022841	ENSGALG00010022841
PHC1	PHC1
ENSGALG00010022843	ENSGALG00010022843
ENSGALG00010022844	ENSGALG00010022844
HYDIN	HYDIN
ENSGALG00010022846	ENSGALG00010022846
ENSGALG00010022847	ENSGALG00010022847
SGIP1	SGIP1
ENSGALG00010022849	ENSGALG00010022849
ULK1	ULK1
ENSGALG00010022851	ENSGALG00010022851
ENSGALG00010022852	ENSGALG00010022852
ENSGALG00010022853	ENSGALG00010022853
ENSGALG00010022854	ENSGALG00010022854
ENSGALG00010022855	ENSGALG00010022855
ENSGALG00010022856	ENSGALG00010022856
ENSGALG00010022857	ENSGALG00010022857
HERC4	HERC4
ENSGALG00010022859	ENSGALG00010022859
MOB3C	MOB3C
ENSGALG00010022861	ENSGALG00010022861
ACADS	ACADS
FAM81A	FAM81A
CSTPP1	CSTPP1
ENSGALG00010022865	ENSGALG00010022865
KLHL11	KLHL11
ATPAF1	ATPAF1
VAC14	VAC14
ENSGALG00010022869	ENSGALG00010022869
ENSGALG00010022870	ENSGALG00010022870
ENSGALG00010022871	ENSGALG00010022871
KRT13	KRT13
NGEF	NGEF
EFCAB14	EFCAB14
SPON1	SPON1
ENSGALG00010022876	ENSGALG00010022876
KYAT3	KYAT3
ENSGALG00010022878	ENSGALG00010022878
ENSGALG00010022879	ENSGALG00010022879
ENSGALG00010022880	ENSGALG00010022880
CCNB1	CCNB1
ENSGALG00010022882	ENSGALG00010022882
ENSGALG00010022883	ENSGALG00010022883
ENSGALG00010022884	ENSGALG00010022884
M6PR	M6PR
PLA2G15	PLA2G15
ENSGALG00010022887	ENSGALG00010022887
OSBPL2	OSBPL2
ENSGALG00010022889	ENSGALG00010022889
ENSGALG00010022890	ENSGALG00010022890
NTM	NTM
ENSGALG00010022892	ENSGALG00010022892
ENSGALG00010022893	ENSGALG00010022893
ENSGALG00010022894	ENSGALG00010022894
ENSGALG00010022895	ENSGALG00010022895
ENSGALG00010022896	ENSGALG00010022896
ENSGALG00010022897	ENSGALG00010022897
ENSGALG00010022898	ENSGALG00010022898
ENSGALG00010022899	ENSGALG00010022899
MMP17	MMP17
ENSGALG00010022901	ENSGALG00010022901
ENSGALG00010022902	ENSGALG00010022902
ENSGALG00010022903	ENSGALG00010022903
ENSGALG00010022904	ENSGALG00010022904
ENSGALG00010022905	ENSGALG00010022905
ENSGALG00010022906	ENSGALG00010022906
ENSGALG00010022907	ENSGALG00010022907
ENSGALG00010022908	ENSGALG00010022908
ENSGALG00010022909	ENSGALG00010022909
ENSGALG00010022910	ENSGALG00010022910
SMPD3	SMPD3
ENSGALG00010022912	ENSGALG00010022912
ENSGALG00010022913	ENSGALG00010022913
ENSGALG00010022914	ENSGALG00010022914
ENSGALG00010022915	ENSGALG00010022915
ENSGALG00010022916	ENSGALG00010022916
CYP4B7	CYP4B7
ENSGALG00010022918	ENSGALG00010022918
ACLY	ACLY
ENSGALG00010022920	ENSGALG00010022920
ENSGALG00010022921	ENSGALG00010022921
ATOH7	ATOH7
CD63	CD63
ENSGALG00010022924	ENSGALG00010022924
ENSGALG00010022925	ENSGALG00010022925
ENSGALG00010022926	ENSGALG00010022926
ENSGALG00010022927	ENSGALG00010022927
RNF111	RNF111
LRP4	LRP4
GTF2B	GTF2B
RDH5	RDH5
OPCML	OPCML
UNC119B	UNC119B
ENSGALG00010022934	ENSGALG00010022934
ENSGALG00010022935	ENSGALG00010022935
ENSGALG00010022936	ENSGALG00010022936
BLOC1S1	BLOC1S1
ENSGALG00010022938	ENSGALG00010022938
ENSGALG00010022939	ENSGALG00010022939
ENSGALG00010022940	ENSGALG00010022940
ENSGALG00010022941	ENSGALG00010022941
NEU2	NEU2
ENSGALG00010022943	ENSGALG00010022943
ENSGALG00010022944	ENSGALG00010022944
KCNA4	KCNA4
KRT17	KRT17
ENSGALG00010022947	ENSGALG00010022947
PDZK1IP1	PDZK1IP1
INSC	INSC
ITGA7	ITGA7
ENSGALG00010022951	ENSGALG00010022951
ENSGALG00010022952	ENSGALG00010022952
ENSGALG00010022953	ENSGALG00010022953
ADRM1	ADRM1
ENSGALG00010022955	ENSGALG00010022955
PBLD	PBLD
SLTM	SLTM
SFSWAP	SFSWAP
ADAMTS8	ADAMTS8
ENSGALG00010022960	ENSGALG00010022960
FSHB	FSHB
ENSGALG00010022962	ENSGALG00010022962
ENSGALG00010022963	ENSGALG00010022963
ENSGALG00010022964	ENSGALG00010022964
ENSGALG00010022965	ENSGALG00010022965
ENSGALG00010022966	ENSGALG00010022966
ADAMTS15	ADAMTS15
ENSGALG00010022968	ENSGALG00010022968
TTN	TTN
ENSGALG00010022970	ENSGALG00010022970
CKAP5	CKAP5
ENSGALG00010022972	ENSGALG00010022972
ENSGALG00010022973	ENSGALG00010022973
INPP5D	INPP5D
ENSGALG00010022975	ENSGALG00010022975
FAM63B	FAM63B
ENSGALG00010022977	ENSGALG00010022977
ARL14EP	ARL14EP
LAMA5	LAMA5
ENSGALG00010022980	ENSGALG00010022980
HNRNPH3	HNRNPH3
ENSGALG00010022982	ENSGALG00010022982
PKN2	PKN2
ENSGALG00010022984	ENSGALG00010022984
ENSGALG00010022985	ENSGALG00010022985
ALG9	ALG9
F2	F2
ENSGALG00010022988	ENSGALG00010022988
ENSGALG00010022989	ENSGALG00010022989
SLC25A22	SLC25A22
TAL1	TAL1
SLC7A6	SLC7A6
ENSGALG00010022993	ENSGALG00010022993
LIPC	LIPC
ENSGALG00010022995	ENSGALG00010022995
SCT	SCT
ARHGAP1	ARHGAP1
ENSGALG00010022998	ENSGALG00010022998
ENSGALG00010022999	ENSGALG00010022999
ENSGALG00010023000	ENSGALG00010023000
ENSGALG00010023001	ENSGALG00010023001
ATG16L1	ATG16L1
ENSGALG00010023003	ENSGALG00010023003
ENSGALG00010023004	ENSGALG00010023004
IRF7	IRF7
ENSGALG00010023006	ENSGALG00010023006
LMO4	LMO4
CDHR5	CDHR5
ENSGALG00010023009	ENSGALG00010023009
ENSGALG00010023010	ENSGALG00010023010
ENSGALG00010023011	ENSGALG00010023011
ENSGALG00010023012	ENSGALG00010023012
ENSGALG00010023013	ENSGALG00010023013
ENSGALG00010023014	ENSGALG00010023014
METTL2B	METTL2B
ENSGALG00010023016	ENSGALG00010023016
BUB1B	BUB1B
U2 - ENSGALG00010023018	U2 - ENSGALG00010023018
CABP5	CABP5
OVST	OVST
ENSGALG00010023021	ENSGALG00010023021
gga-mir-6686	gga-mir-6686
gga-mir-1682	gga-mir-1682
PRMT7	PRMT7
ENSGALG00010023025	ENSGALG00010023025
PHRF1	PHRF1
gga-mir-33-2	gga-mir-33-2
TMEM61	TMEM61
ENSGALG00010023029	ENSGALG00010023029
HS2ST1	HS2ST1
gga-mir-1551	gga-mir-1551
ENSGALG00010023032	ENSGALG00010023032
gga-mir-365b	gga-mir-365b
ENSGALG00010023034	ENSGALG00010023034
gga-mir-1644	gga-mir-1644
gga-mir-193b	gga-mir-193b
ENSGALG00010023037	ENSGALG00010023037
gga-mir-2129	gga-mir-2129
ENSGALG00010023039	ENSGALG00010023039
gga-mir-12224	gga-mir-12224
CD151	CD151
ENSGALG00010023042	ENSGALG00010023042
CNP	CNP
gga-mir-3533	gga-mir-3533
gga-mir-1781	gga-mir-1781
SLC7A6OS	SLC7A6OS
ENSGALG00010023047	ENSGALG00010023047
ARFGAP1	ARFGAP1
gga-mir-1786	gga-mir-1786
RUFY2	RUFY2
gga-mir-1615	gga-mir-1615
RAD54L	RAD54L
MAN1A2	MAN1A2
AQP9	AQP9
ENSGALG00010023055	ENSGALG00010023055
SAG	SAG
PAFAH1B2	PAFAH1B2
PPARA	PPARA
SELENOF	SELENOF
ALDH1A2	ALDH1A2
ENSGALG00010023061	ENSGALG00010023061
STX2	STX2
ENSGALG00010023063	ENSGALG00010023063
ATG13	ATG13
DNA2	DNA2
TLR21	TLR21
C5H15ORF62	C5H15ORF62
CDPF1	CDPF1
DEPTOR - ENSGALG00010023069	DEPTOR - ENSGALG00010023069
SIDT2	SIDT2
POLR2M	POLR2M
ENSGALG00010023072	ENSGALG00010023072
POMGNT1	POMGNT1
CCNT1	CCNT1
PKDREJ	PKDREJ
DNAJC7	DNAJC7
KANSL2	KANSL2
TAGLN	TAGLN
SLC25A16	SLC25A16
MCRS1	MCRS1
PRLHR2	PRLHR2
ENSGALG00010023082	ENSGALG00010023082
HARBI1	HARBI1
ENSGALG00010023084	ENSGALG00010023084
ENSGALG00010023085	ENSGALG00010023085
PCSK7	PCSK7
SH3GLB1	SH3GLB1
ENSGALG00010023088	ENSGALG00010023088
ENSGALG00010023089	ENSGALG00010023089
LRRC41	LRRC41
ENSGALG00010023091	ENSGALG00010023091
ENSGALG00010023092	ENSGALG00010023092
POP5	POP5
CCDC32	CCDC32
ENSGALG00010023095	ENSGALG00010023095
SPATS2	SPATS2
LURAP1	LURAP1
ENSGALG00010023098	ENSGALG00010023098
DNAJC22	DNAJC22
ENSGALG00010023100	ENSGALG00010023100
CLCA2	CLCA2
RNF10	RNF10
DGKD	DGKD
ENSGALG00010023104	ENSGALG00010023104
ENSGALG00010023105	ENSGALG00010023105
ENSGALG00010023106	ENSGALG00010023106
ZC3HAV1	ZC3HAV1
TET1	TET1
ENSGALG00010023109	ENSGALG00010023109
LIMA1	LIMA1
ENSGALG00010023111	ENSGALG00010023111
PCMT1L	PCMT1L
MYZAP	MYZAP
UQCRHL	UQCRHL
RPLP2	RPLP2
PROC	PROC
RPUSD2	RPUSD2
PIDD1	PIDD1
NDRG4	NDRG4
CHRM4	CHRM4
ENSGALG00010023121	ENSGALG00010023121
ENSGALG00010023122	ENSGALG00010023122
RNF214	RNF214
NSUN4	NSUN4
COL20A1	COL20A1
CGNL1	CGNL1
CERS5	CERS5
IWS1	IWS1
ENSGALG00010023129	ENSGALG00010023129
DYNLT5	DYNLT5
SOX6	SOX6
ENSGALG00010023132	ENSGALG00010023132
ENSGALG00010023133	ENSGALG00010023133
KNL1	KNL1
GINS3	GINS3
MDK	MDK
ETV6	ETV6
ENSGALG00010023138	ENSGALG00010023138
ENSGALG00010023139	ENSGALG00010023139
CCAR1	CCAR1
ENSGALG00010023141	ENSGALG00010023141
TLK2	TLK2
gga-mir-6657	gga-mir-6657
C11orf58	C11orf58
DNAI4	DNAI4
gga-mir-1674	gga-mir-1674
RAD51	RAD51
gga-mir-1815	gga-mir-1815
ADGRD1	ADGRD1
gga-mir-6604	gga-mir-6604
ENSGALG00010023151	ENSGALG00010023151
gga-mir-202	gga-mir-202
ENSGALG00010023153	ENSGALG00010023153
gga-mir-107	gga-mir-107
CCDC113	CCDC113
gga-mir-146b	gga-mir-146b
STOX1	STOX1
ENSGALG00010023158	ENSGALG00010023158
DAW1	DAW1
ENSGALG00010023160	ENSGALG00010023160
ODF2L	ODF2L
CHRNA4	CHRNA4
CRTAC1	CRTAC1
NKIRAS2	NKIRAS2
CSNK2A2	CSNK2A2
KDM2A	KDM2A
GPD1	GPD1
SPHKAP	SPHKAP
RAN	RAN
TCF12	TCF12
ENSGALG00010023171	ENSGALG00010023171
DHX58	DHX58
ENSGALG00010023173	ENSGALG00010023173
KCNQ2	KCNQ2
GRK2	GRK2
ENSGALG00010023176	ENSGALG00010023176
LZTS2	LZTS2
CFAP20	CFAP20
KAT2A	KAT2A
EEF1A2	EEF1A2
PLEKHA7	PLEKHA7
EPHB6	EPHB6
ENSGALG00010023183	ENSGALG00010023183
SMARCD1	SMARCD1
FBXW4	FBXW4
MIER1	MIER1
ENSGALG00010023187	ENSGALG00010023187
KIF1BP	KIF1BP
RMDN3	RMDN3
SF3B3	SF3B3
ENSGALG00010023191	ENSGALG00010023191
TDRD1	TDRD1
PPDPF	PPDPF
MRC2	MRC2
ENSGALG00010023195	ENSGALG00010023195
DGKZ	DGKZ
ENSGALG00010023197	ENSGALG00010023197
PTK6	PTK6
RPS13	RPS13
VPS26A	VPS26A
ZNF280D	ZNF280D
PID1	PID1
COG4	COG4
SRGN	SRGN
DNAJC17	DNAJC17
HSPB9	HSPB9
MNS1	MNS1
BACE1	BACE1
PIK3C2A	PIK3C2A
ZNHIT6	ZNHIT6
TLK1	TLK1
RIMBP2	RIMBP2
FCSK	FCSK
SUPV3L1	SUPV3L1
TRIP12	TRIP12
SLC35D1	SLC35D1
CREB3L1	CREB3L1
SSH3	SSH3
TEX9	TEX9
ST3GAL2	ST3GAL2
AMY1A	AMY1A
ENSGALG00010023222	ENSGALG00010023222
CEP164	CEP164
OR8U1	OR8U1
PDPR	PDPR
ENSGALG00010023226	ENSGALG00010023226
RNPC3	RNPC3
GORASP2	GORASP2
HKDC1	HKDC1
ENSGALG00010023230	ENSGALG00010023230
ASIC1	ASIC1
OR1052	OR1052
SEZ6L	SEZ6L
RFX7	RFX7
ENSGALG00010023235	ENSGALG00010023235
COR1	COR1
GAD1	GAD1
NUCB2	NUCB2
RBPMS2	RBPMS2
PIWIL1	PIWIL1
ENSGALG00010023241	ENSGALG00010023241
MYT1	MYT1
HK1	HK1
PPIB	PPIB
TANC2	TANC2
SP5	SP5
ENSGALG00010023247	ENSGALG00010023247
PRDM10	PRDM10
IL12RB2	IL12RB2
FZD10	FZD10
ENSGALG00010023251	ENSGALG00010023251
GLG1	GLG1
TACR2	TACR2
MYO3B	MYO3B
SNX22	SNX22
NPBWR2	NPBWR2
PAK6	PAK6
ENSGALG00010023258	ENSGALG00010023258
TSPAN15	TSPAN15
ENSGALG00010023260	ENSGALG00010023260
SNX1	SNX1
POLD4	POLD4
SRP14	SRP14
RACGAP1	RACGAP1
RAB5C	RAB5C
RFWD3	RFWD3
DSCAML1	DSCAML1
KCNJ11	KCNJ11
OPRL1	OPRL1
ENSGALG00010023270	ENSGALG00010023270
PATL2	PATL2
MLKL	MLKL
HDAC7	HDAC7
ZBTB38	ZBTB38
TWIST3	TWIST3
ABCC8	ABCC8
KCNH4	KCNH4
SPRN	SPRN
FA2H	FA2H
ENSGALG00010023280	ENSGALG00010023280
B2M	B2M
SERBP1	SERBP1
ENSGALG00010023283	ENSGALG00010023283
ENSGALG00010023284	ENSGALG00010023284
SLC48A1	SLC48A1
HCRT	HCRT
RGS19	RGS19
ENSGALG00010023288	ENSGALG00010023288
NFRKB	NFRKB
SLC16A14	SLC16A14
ENSGALG00010023291	ENSGALG00010023291
ENSGALG00010023292	ENSGALG00010023292
COL11A1	COL11A1
ENSGALG00010023294	ENSGALG00010023294
ENSGALG00010023295	ENSGALG00010023295
ENSGALG00010023296	ENSGALG00010023296
ENSGALG00010023297	ENSGALG00010023297
ENSGALG00010023298	ENSGALG00010023298
PASK	PASK
ENSGALG00010023300	ENSGALG00010023300
ENSGALG00010023301	ENSGALG00010023301
ENSGALG00010023302	ENSGALG00010023302
ENSGALG00010023303	ENSGALG00010023303
ENSGALG00010023304	ENSGALG00010023304
PLCB2	PLCB2
ENSGALG00010023306	ENSGALG00010023306
TERB2	TERB2
ENSGALG00010023308	ENSGALG00010023308
PIK3R3	PIK3R3
ENSGALG00010023310	ENSGALG00010023310
ETS1	ETS1
UBR3	UBR3
ENSGALG00010023313	ENSGALG00010023313
CYB561	CYB561
ENSGALG00010023315	ENSGALG00010023315
ENSGALG00010023316	ENSGALG00010023316
RAPGEF3	RAPGEF3
ENSGALG00010023318	ENSGALG00010023318
EIF2AK4	EIF2AK4
ENSGALG00010023320	ENSGALG00010023320
ENSGALG00010023321	ENSGALG00010023321
PRKAB1	PRKAB1
ENSGALG00010023323	ENSGALG00010023323
LAG3	LAG3
ENSGALG00010023325	ENSGALG00010023325
ENSGALG00010023326	ENSGALG00010023326
ENSGALG00010023327	ENSGALG00010023327
TCEA2	TCEA2
ENSGALG00010023329	ENSGALG00010023329
TSPAN1	TSPAN1
CD4	CD4
PPP1R7	PPP1R7
ENDOU	ENDOU
RPS17	RPS17
WDR59	WDR59
GPR162	GPR162
FLI1	FLI1
HDLBP	HDLBP
ENSGALG00010023339	ENSGALG00010023339
P3H3	P3H3
ENSGALG00010023341	ENSGALG00010023341
FITM2	FITM2
TMEM233	TMEM233
ENSGALG00010023344	ENSGALG00010023344
ENSGALG00010023345	ENSGALG00010023345
ENSGALG00010023346	ENSGALG00010023346
STAT5A	STAT5A
ENSGALG00010023348	ENSGALG00010023348
ENSGALG00010023349	ENSGALG00010023349
ZNRF1	ZNRF1
GNB3	GNB3
ENSGALG00010023352	ENSGALG00010023352
ENSGALG00010023353	ENSGALG00010023353
SEPTIN2	SEPTIN2
ENSGALG00010023355	ENSGALG00010023355
MKNK1	MKNK1
ENSGALG00010023357	ENSGALG00010023357
ENSGALG00010023358	ENSGALG00010023358
CDCA3	CDCA3
ENSGALG00010023360	ENSGALG00010023360
ENSGALG00010023361	ENSGALG00010023361
GADD45A	GADD45A
CPEB1	CPEB1
CTRB1	CTRB1
ENSGALG00010023365	ENSGALG00010023365
GDAP1L1	GDAP1L1
ENSGALG00010023367	ENSGALG00010023367
ENSGALG00010023368	ENSGALG00010023368
ACE	ACE
ENSGALG00010023370	ENSGALG00010023370
CTRB2	CTRB2
ENSGALG00010023372	ENSGALG00010023372
ENSGALG00010023373	ENSGALG00010023373
ENSGALG00010023374	ENSGALG00010023374
ST14	ST14
ENSGALG00010023376	ENSGALG00010023376
OSER1	OSER1
ENSGALG00010023378	ENSGALG00010023378
CCDC60	CCDC60
USP5	USP5
HOXB7	HOXB7
ENSGALG00010023382	ENSGALG00010023382
HOXB6	HOXB6
AP3B2	AP3B2
ENSGALG00010023385	ENSGALG00010023385
NEUROD4	NEUROD4
ENSGALG00010023387	ENSGALG00010023387
FARP2	FARP2
GNG12	GNG12
HSPB8	HSPB8
ENSGALG00010023391	ENSGALG00010023391
TPI1	TPI1
ENSGALG00010023393	ENSGALG00010023393
HOXB5	HOXB5
ENSGALG00010023395	ENSGALG00010023395
ENSGALG00010023396	ENSGALG00010023396
ENSGALG00010023397	ENSGALG00010023397
ENSGALG00010023398	ENSGALG00010023398
SRRM4	SRRM4
ENSGALG00010023400	ENSGALG00010023400
LRRC23	LRRC23
ENSGALG00010023402	ENSGALG00010023402
ENSGALG00010023403	ENSGALG00010023403
ENSGALG00010023404	ENSGALG00010023404
DNAJA2	DNAJA2
ENSGALG00010023406	ENSGALG00010023406
ENSGALG00010023407	ENSGALG00010023407
ZBTB44	ZBTB44
ENSGALG00010023409	ENSGALG00010023409
ENSGALG00010023410	ENSGALG00010023410
ADPRHL	ADPRHL
GSS	GSS
ENSGALG00010023413	ENSGALG00010023413
SUDS3	SUDS3
HOXB4	HOXB4
ENSGALG00010023416	ENSGALG00010023416
ENSGALG00010023417	ENSGALG00010023417
ENSGALG00010023418	ENSGALG00010023418
ENSGALG00010023419	ENSGALG00010023419
ENSGALG00010023420	ENSGALG00010023420
OLFM3	OLFM3
WLS	WLS
ENSGALG00010023423	ENSGALG00010023423
ENSGALG00010023424	ENSGALG00010023424
ENSGALG00010023425	ENSGALG00010023425
KCNJ1	KCNJ1
ENSGALG00010023427	ENSGALG00010023427
HOXB3	HOXB3
BMF	BMF
ENSGALG00010023430	ENSGALG00010023430
BCAR1	BCAR1
TMOD3	TMOD3
ENSGALG00010023433	ENSGALG00010023433
ATN1	ATN1
ENSGALG00010023435	ENSGALG00010023435
ENSGALG00010023436	ENSGALG00010023436
KCNJ5	KCNJ5
HOXB2	HOXB2
ACSS2	ACSS2
ENSGALG00010023440	ENSGALG00010023440
CCDC9B	CCDC9B
STK25	STK25
ENSGALG00010023443	ENSGALG00010023443
ENSGALG00010023444	ENSGALG00010023444
ENSGALG00010023445	ENSGALG00010023445
ENSGALG00010023446	ENSGALG00010023446
C12orf57	C12orf57
FAM219B	FAM219B
ENSGALG00010023449	ENSGALG00010023449
ENSGALG00010023450	ENSGALG00010023450
ENSGALG00010023451	ENSGALG00010023451
ENSGALG00010023452	ENSGALG00010023452
ARHGAP32	ARHGAP32
HOXB1	HOXB1
CFDP1	CFDP1
MPI	MPI
ENSGALG00010023457	ENSGALG00010023457
ENSGALG00010023458	ENSGALG00010023458
ENSGALG00010023459	ENSGALG00010023459
ENSGALG00010023460	ENSGALG00010023460
ENSGALG00010023461	ENSGALG00010023461
ENSGALG00010023462	ENSGALG00010023462
ENSGALG00010023463	ENSGALG00010023463
ENSGALG00010023464	ENSGALG00010023464
ENSGALG00010023465	ENSGALG00010023465
CLCF1	CLCF1
ENSGALG00010023467	ENSGALG00010023467
ENSGALG00010023468	ENSGALG00010023468
ENSGALG00010023469	ENSGALG00010023469
ENSGALG00010023470	ENSGALG00010023470
ENSGALG00010023471	ENSGALG00010023471
PTPN6	PTPN6
BOK	BOK
ENSGALG00010023474	ENSGALG00010023474
ENSGALG00010023475	ENSGALG00010023475
SCAMP2	SCAMP2
ENSGALG00010023477	ENSGALG00010023477
TAOK3	TAOK3
MCCC2L	MCCC2L
ENSGALG00010023480	ENSGALG00010023480
ENSGALG00010023481	ENSGALG00010023481
MTCL2	MTCL2
ENSGALG00010023483	ENSGALG00010023483
ENSGALG00010023484	ENSGALG00010023484
BARX2	BARX2
ENSGALG00010023486	ENSGALG00010023486
ENSGALG00010023487	ENSGALG00010023487
ENSGALG00010023488	ENSGALG00010023488
ETV5	ETV5
PHB2	PHB2
ENSGALG00010023491	ENSGALG00010023491
ENSGALG00010023492	ENSGALG00010023492
ENSGALG00010023493	ENSGALG00010023493
ENSGALG00010023494	ENSGALG00010023494
ENSGALG00010023495	ENSGALG00010023495
PLEKHA3	PLEKHA3
ENSGALG00010023497	ENSGALG00010023497
DISP2	DISP2
PEBP1	PEBP1
ENSGALG00010023500	ENSGALG00010023500
ENSGALG00010023501	ENSGALG00010023501
ENSGALG00010023502	ENSGALG00010023502
ENSGALG00010023503	ENSGALG00010023503
ENSGALG00010023504	ENSGALG00010023504
ENSGALG00010023505	ENSGALG00010023505
RPE65	RPE65
TMEM45B - ENSGALG00010023507	TMEM45B - ENSGALG00010023507
ENSGALG00010023508	ENSGALG00010023508
ENSGALG00010023509	ENSGALG00010023509
ASPHD1	ASPHD1
ENSGALG00010023511	ENSGALG00010023511
ENSGALG00010023512	ENSGALG00010023512
CDCA9	CDCA9
ULK3	ULK3
ENSGALG00010023515	ENSGALG00010023515
ENSGALG00010023516	ENSGALG00010023516
ENSGALG00010023517	ENSGALG00010023517
METTL5	METTL5
DGKG	DGKG
ENSGALG00010023520	ENSGALG00010023520
ENSGALG00010023521	ENSGALG00010023521
EMG1	EMG1
ENSGALG00010023523	ENSGALG00010023523
ENSGALG00010023524	ENSGALG00010023524
ENSGALG00010023525	ENSGALG00010023525
KNSTRN	KNSTRN
TMEM98	TMEM98
ENSGALG00010023528	ENSGALG00010023528
ENSGALG00010023529	ENSGALG00010023529
ENSGALG00010023530	ENSGALG00010023530
CPLX3	CPLX3
ENSGALG00010023532	ENSGALG00010023532
FKBP7	FKBP7
ENSGALG00010023534	ENSGALG00010023534
ENSGALG00010023535	ENSGALG00010023535
ENSGALG00010023536	ENSGALG00010023536
ENSGALG00010023537	ENSGALG00010023537
ENSGALG00010023538	ENSGALG00010023538
ENSGALG00010023539	ENSGALG00010023539
ENSGALG00010023540	ENSGALG00010023540
PRSS2	PRSS2
ENSGALG00010023542	ENSGALG00010023542
TMEM45BL	TMEM45BL
SSB	SSB
PTPRT	PTPRT
SLC11A2	SLC11A2
ENSGALG00010023547	ENSGALG00010023547
ENSGALG00010023548	ENSGALG00010023548
ENSGALG00010023549	ENSGALG00010023549
ENSGALG00010023550	ENSGALG00010023550
ARHGAP27	ARHGAP27
SGPP2	SGPP2
ENSGALG00010023553	ENSGALG00010023553
ENSGALG00010023554	ENSGALG00010023554
HPS4	HPS4
IVD	IVD
ENSGALG00010023557	ENSGALG00010023557
ENSGALG00010023558	ENSGALG00010023558
PJVK	PJVK
ENSGALG00010023560	ENSGALG00010023560
ENSGALG00010023561	ENSGALG00010023561
ENSGALG00010023562	ENSGALG00010023562
ENSGALG00010023563	ENSGALG00010023563
ENSGALG00010023564	ENSGALG00010023564
ENSGALG00010023565	ENSGALG00010023565
ENSGALG00010023566	ENSGALG00010023566
ENSGALG00010023567	ENSGALG00010023567
ENSGALG00010023568	ENSGALG00010023568
LPCAT3	LPCAT3
ENSGALG00010023570	ENSGALG00010023570
APLP2	APLP2
MYBL2	MYBL2
ENSGALG00010023573	ENSGALG00010023573
DEPDC1	DEPDC1
ENSGALG00010023575	ENSGALG00010023575
ENSGALG00010023576	ENSGALG00010023576
ENSGALG00010023577	ENSGALG00010023577
SRRD	SRRD
ENSGALG00010023579	ENSGALG00010023579
RDM1	RDM1
ENSGALG00010023581	ENSGALG00010023581
ENSGALG00010023582	ENSGALG00010023582
ENSGALG00010023583	ENSGALG00010023583
ENSGALG00010023584	ENSGALG00010023584
TFIP11	TFIP11
ENSGALG00010023586	ENSGALG00010023586
SLC12A3	SLC12A3
FARSB	FARSB
ENSGALG00010023589	ENSGALG00010023589
S1PR1	S1PR1
ENSGALG00010023591	ENSGALG00010023591
BAHD1	BAHD1
CSK	CSK
ENSGALG00010023594	ENSGALG00010023594
ENSGALG00010023595	ENSGALG00010023595
ENSGALG00010023596	ENSGALG00010023596
MOGAT1	MOGAT1
IL10RA	IL10RA
ENSGALG00010023599	ENSGALG00010023599
CHST14	CHST14
TPST2	TPST2
GH	GH
C1S	C1S
ENSGALG00010023604	ENSGALG00010023604
INSYN1	INSYN1
LRRC7	LRRC7
ENSGALG00010023607	ENSGALG00010023607
ENSGALG00010023608	ENSGALG00010023608
ENSGALG00010023609	ENSGALG00010023609
ENSGALG00010023610	ENSGALG00010023610
ENSGALG00010023611	ENSGALG00010023611
GPT2	GPT2
COPB1	COPB1
ENSGALG00010023614	ENSGALG00010023614
PRSS3	PRSS3
ENSGALG00010023616	ENSGALG00010023616
ENSGALG00010023617	ENSGALG00010023617
CRYBA4	CRYBA4
ENSGALG00010023619	ENSGALG00010023619
IRS1	IRS1
CD79B	CD79B
ENSGALG00010023622	ENSGALG00010023622
OSBPL6	OSBPL6
PSMA1	PSMA1
ENSGALG00010023625	ENSGALG00010023625
LOXL1	LOXL1
IFT52	IFT52
ENSGALG00010023628	ENSGALG00010023628
ENSGALG00010023629	ENSGALG00010023629
ENSGALG00010023630	ENSGALG00010023630
ENSGALG00010023631	ENSGALG00010023631
ENSGALG00010023632	ENSGALG00010023632
ENSGALG00010023633	ENSGALG00010023633
ENSGALG00010023634	ENSGALG00010023634
SCN4A	SCN4A
PDE3B	PDE3B
RHBDD1	RHBDD1
DCTN2	DCTN2
KLHL23	KLHL23
ENSGALG00010023640	ENSGALG00010023640
LRRC40	LRRC40
PAX6	PAX6
SCN4B	SCN4B
ENSGALG00010023644	ENSGALG00010023644
ENSGALG00010023645	ENSGALG00010023645
DPH5	DPH5
ENSGALG00010023647	ENSGALG00010023647
SCN2B	SCN2B
ENSGALG00010023649	ENSGALG00010023649
ENSGALG00010023650	ENSGALG00010023650
ENSGALG00010023651	ENSGALG00010023651
SLC30A7	SLC30A7
ENSGALG00010023653	ENSGALG00010023653
ENSGALG00010023654	ENSGALG00010023654
C1R	C1R
ENSGALG00010023656	ENSGALG00010023656
ENSGALG00010023657	ENSGALG00010023657
ENSGALG00010023658	ENSGALG00010023658
ENSGALG00010023659	ENSGALG00010023659
CRYBB1	CRYBB1
ENSGALG00010023661	ENSGALG00010023661
ENSGALG00010023662	ENSGALG00010023662
PHOSPHO2	PHOSPHO2
SLC6A9	SLC6A9
C16orf87	C16orf87
C15orf39	C15orf39
ENSGALG00010023667	ENSGALG00010023667
RCN1	RCN1
ENSGALG00010023669	ENSGALG00010023669
EXTL2	EXTL2
ENSGALG00010023671	ENSGALG00010023671
ENSGALG00010023672	ENSGALG00010023672
SGK2	SGK2
ENSGALG00010023674	ENSGALG00010023674
ENSGALG00010023675	ENSGALG00010023675
ENSGALG00010023676	ENSGALG00010023676
MN1	MN1
ENSGALG00010023678	ENSGALG00010023678
ENSGALG00010023679	ENSGALG00010023679
MPZL3	MPZL3
OIP5-AS1	OIP5-AS1
ENSGALG00010023682	ENSGALG00010023682
ENSGALG00010023683	ENSGALG00010023683
SLC32A1	SLC32A1
ENSGALG00010023685	ENSGALG00010023685
MYLK3	MYLK3
ENSGALG00010023687	ENSGALG00010023687
ENSGALG00010023688	ENSGALG00010023688
WT1	WT1
ENSGALG00010023690	ENSGALG00010023690
ENSGALG00010023691	ENSGALG00010023691
ENSGALG00010023692	ENSGALG00010023692
SRSF11	SRSF11
PPCDC	PPCDC
CLSTN3	CLSTN3
LRRC4C	LRRC4C
ENSGALG00010023697	ENSGALG00010023697
ENSGALG00010023698	ENSGALG00010023698
PPIG	PPIG
ENSGALG00010023700	ENSGALG00010023700
ENSGALG00010023701	ENSGALG00010023701
COL4A4	COL4A4
PITPNB	PITPNB
ANKRD13C	ANKRD13C
ENSGALG00010023705	ENSGALG00010023705
CDK5RAP3	CDK5RAP3
MPZL2	MPZL2
ENSGALG00010023708	ENSGALG00010023708
ENSGALG00010023709	ENSGALG00010023709
CDC14A	CDC14A
ENSGALG00010023711	ENSGALG00010023711
ARHGAP40	ARHGAP40
ENSGALG00010023713	ENSGALG00010023713
EIF3M	EIF3M
CD3E	CD3E
FASTKD1	FASTKD1
ENSGALG00010023717	ENSGALG00010023717
ENSGALG00010023718	ENSGALG00010023718
ENSGALG00010023719	ENSGALG00010023719
SCAMP5	SCAMP5
ENSGALG00010023721	ENSGALG00010023721
PRR15L	PRR15L
ENSGALG00010023723	ENSGALG00010023723
CYP2R1	CYP2R1
ENSGALG00010023725	ENSGALG00010023725
PNPO	PNPO
ENSGALG00010023727	ENSGALG00010023727
ENSGALG00010023728	ENSGALG00010023728
ENSGALG00010023729	ENSGALG00010023729
SP2	SP2
ACTR5	ACTR5
TM2D1	TM2D1
ORC6	ORC6
ENSGALG00010023734	ENSGALG00010023734
ENSGALG00010023735	ENSGALG00010023735
KIF5A	KIF5A
ENSGALG00010023737	ENSGALG00010023737
ENSGALG00010023738	ENSGALG00010023738
ENSGALG00010023739	ENSGALG00010023739
PPP1R16B	PPP1R16B
ENSGALG00010023741	ENSGALG00010023741
SP6	SP6
CD3D	CD3D
MT4	MT4
ENSGALG00010023745	ENSGALG00010023745
TTC28	TTC28
ENSGALG00010023747	ENSGALG00010023747
ENSGALG00010023748	ENSGALG00010023748
RPP25	RPP25
FAM83D	FAM83D
PRRG4	PRRG4
C1QL1	C1QL1
ENSGALG00010023753	ENSGALG00010023753
ENSGALG00010023754	ENSGALG00010023754
ENSGALG00010023755	ENSGALG00010023755
ENSGALG00010023756	ENSGALG00010023756
ENSGALG00010023757	ENSGALG00010023757
ENSGALG00010023758	ENSGALG00010023758
CALCA	CALCA
ZW10	ZW10
ENSGALG00010023761	ENSGALG00010023761
BBS5	BBS5
ENSGALG00010023763	ENSGALG00010023763
COX5A	COX5A
ENSGALG00010023765	ENSGALG00010023765
ENSGALG00010023766	ENSGALG00010023766
VCAM1	VCAM1
ENSGALG00010023768	ENSGALG00010023768
ENSGALG00010023769	ENSGALG00010023769
SCRN2	SCRN2
gga-mir-6683	gga-mir-6683
gga-mir-1725	gga-mir-1725
OVOA	OVOA
gga-mir-1617	gga-mir-1617
ENSGALG00010023775	ENSGALG00010023775
ENSGALG00010023776	ENSGALG00010023776
OAZ2	OAZ2
FANCF	FANCF
gga-mir-6706	gga-mir-6706
MIR129-2	MIR129-2
COL4A3	COL4A3
TMPRSS5	TMPRSS5
VPS35	VPS35
LRRC46	LRRC46
gga-mir-6544	gga-mir-6544
ENSGALG00010023786	ENSGALG00010023786
gga-mir-6685	gga-mir-6685
RTCA	RTCA
ENSGALG00010023789	ENSGALG00010023789
ENSGALG00010023790	ENSGALG00010023790
VTI1B	VTI1B
ZNF609	ZNF609
RBM45	RBM45
MT3	MT3
SNORD98	SNORD98
U2 - ENSGALG00010023796	U2 - ENSGALG00010023796
gga-mir-6577	gga-mir-6577
ARCN1	ARCN1
NMT1	NMT1
PEX5	PEX5
ENSGALG00010023801	ENSGALG00010023801
SYNJ2BP - ENSGALG00010023802	SYNJ2BP - ENSGALG00010023802
gga-mir-1624	gga-mir-1624
gga-mir-1772	gga-mir-1772
GALNT6	GALNT6
PATJ	PATJ
MRPL10	MRPL10
DHX35	DHX35
CDON	CDON
ENSGALG00010023810	ENSGALG00010023810
MRPL44	MRPL44
ENSGALG00010023812	ENSGALG00010023812
CELA1	CELA1
ENSGALG00010023814	ENSGALG00010023814
PLCD3	PLCD3
OLFR6	OLFR6
BBS2	BBS2
ALOX5	ALOX5
BIN2	BIN2
CYP1C1	CYP1C1
KANK4	KANK4
CHEK2	CHEK2
MUC2	MUC2
ENSGALG00010023824	ENSGALG00010023824
ENSGALG00010023825	ENSGALG00010023825
DBT	DBT
ENSGALG00010023827	ENSGALG00010023827
CHEK1	CHEK1
USP1	USP1
AGFG1	AGFG1
SATB2	SATB2
ENSGALG00010023832	ENSGALG00010023832
PIP4K2C	PIP4K2C
ENSGALG00010023834	ENSGALG00010023834
INAFM2	INAFM2
NDUFS3	NDUFS3
STT3A	STT3A
ENSGALG00010023838	ENSGALG00010023838
ENSGALG00010023839	ENSGALG00010023839
SMAGP	SMAGP
OSBPL7	OSBPL7
ENSGALG00010023842	ENSGALG00010023842
ENSGALG00010023843	ENSGALG00010023843
ENSGALG00010023844	ENSGALG00010023844
ENSGALG00010023845	ENSGALG00010023845
ENSGALG00010023846	ENSGALG00010023846
PIK3AP1	PIK3AP1
ENSGALG00010023848	ENSGALG00010023848
ENSGALG00010023849	ENSGALG00010023849
DAZAP2	DAZAP2
HSCB	HSCB
LRRC39	LRRC39
ENSGALG00010023853	ENSGALG00010023853
SHCBP1	SHCBP1
ENSGALG00010023855	ENSGALG00010023855
ENSGALG00010023856	ENSGALG00010023856
ACBD4	ACBD4
ENSGALG00010023858	ENSGALG00010023858
ENSGALG00010023859	ENSGALG00010023859
TRIP4	TRIP4
SLC2A11L5	SLC2A11L5
TRMT13	TRMT13
EYA2	EYA2
EPHA1	EPHA1
ENSGALG00010023865	ENSGALG00010023865
AMBRA1	AMBRA1
ENSGALG00010023867	ENSGALG00010023867
ENSGALG00010023868	ENSGALG00010023868
DOCK7	DOCK7
ENSGALG00010023870	ENSGALG00010023870
UQCRFS1	UQCRFS1
CCL20	CCL20
ENSGALG00010023873	ENSGALG00010023873
HEXIM1	HEXIM1
ENSGALG00010023875	ENSGALG00010023875
ENSGALG00010023876	ENSGALG00010023876
ENSGALG00010023877	ENSGALG00010023877
ENSGALG00010023878	ENSGALG00010023878
EI24	EI24
ENSGALG00010023880	ENSGALG00010023880
VSTM2B	VSTM2B
ENSGALG00010023882	ENSGALG00010023882
TBX21	TBX21
C2orf69	C2orf69
ANGPTL3	ANGPTL3
CYP2C18	CYP2C18
RASA2	RASA2
CTH	CTH
SAMD8	SAMD8
SASS6	SASS6
ENSGALG00010023891	ENSGALG00010023891
ENSGALG00010023892	ENSGALG00010023892
ENSGALG00010023893	ENSGALG00010023893
ENSGALG00010023894	ENSGALG00010023894
ENSGALG00010023895	ENSGALG00010023895
POP4	POP4
ENSGALG00010023897	ENSGALG00010023897
ENSGALG00010023898	ENSGALG00010023898
ENSGALG00010023899	ENSGALG00010023899
ENSGALG00010023900	ENSGALG00010023900
ENSGALG00010023901	ENSGALG00010023901
PTGER3	PTGER3
TBKBP1	TBKBP1
ENSGALG00010023904	ENSGALG00010023904
ENSGALG00010023905	ENSGALG00010023905
ENSGALG00010023906	ENSGALG00010023906
ENSGALG00010023907	ENSGALG00010023907
ENSGALG00010023908	ENSGALG00010023908
FOXRED1	FOXRED1
RNF7	RNF7
TFCP2	TFCP2
ENSGALG00010023912	ENSGALG00010023912
ZMYND8	ZMYND8
CCDC117	CCDC117
ENSGALG00010023915	ENSGALG00010023915
ENSGALG00010023916	ENSGALG00010023916
ZRANB2	ZRANB2
MFSD14A	MFSD14A
ENSGALG00010023919	ENSGALG00010023919
ENSGALG00010023920	ENSGALG00010023920
GRK7	GRK7
ENSGALG00010023922	ENSGALG00010023922
CSNK1G1	CSNK1G1
ENSGALG00010023924	ENSGALG00010023924
NCOA3	NCOA3
ZYX	ZYX
KPNB1	KPNB1
ENSGALG00010023928	ENSGALG00010023928
ENSGALG00010023929	ENSGALG00010023929
SRPRA	SRPRA
CSRNP2	CSRNP2
ENSGALG00010023932	ENSGALG00010023932
ENSGALG00010023933	ENSGALG00010023933
ENSGALG00010023934	ENSGALG00010023934
ENSGALG00010023935	ENSGALG00010023935
ENSGALG00010023936	ENSGALG00010023936
XBP1	XBP1
ENSGALG00010023938	ENSGALG00010023938
ENSGALG00010023939	ENSGALG00010023939
ATP1B3	ATP1B3
ENSGALG00010023941	ENSGALG00010023941
NEGR1	NEGR1
ENSGALG00010023943	ENSGALG00010023943
ENSGALG00010023944	ENSGALG00010023944
LETMD1	LETMD1
ZNRF3	ZNRF3
ENSGALG00010023947	ENSGALG00010023947
SULF2	SULF2
ENSGALG00010023949	ENSGALG00010023949
ENSGALG00010023950	ENSGALG00010023950
ENSGALG00010023951	ENSGALG00010023951
ENSGALG00010023952	ENSGALG00010023952
SLC35A3	SLC35A3
PLEKHF1	PLEKHF1
C1QL4	C1QL4
KREMEN1	KREMEN1
YBX3	YBX3
ENSGALG00010023958	ENSGALG00010023958
ENSGALG00010023959	ENSGALG00010023959
ENSGALG00010023960	ENSGALG00010023960
ENSGALG00010023961	ENSGALG00010023961
FPGT	FPGT
ENSGALG00010023963	ENSGALG00010023963
ENSGALG00010023964	ENSGALG00010023964
ENSGALG00010023965	ENSGALG00010023965
PEAK1	PEAK1
PRPH	PRPH
TYW5	TYW5
ENSGALG00010023969	ENSGALG00010023969
ENSGALG00010023970	ENSGALG00010023970
SBSPONL	SBSPONL
ENSGALG00010023972	ENSGALG00010023972
ENSGALG00010023973	ENSGALG00010023973
PREX1	PREX1
ENSGALG00010023975	ENSGALG00010023975
ENSGALG00010023976	ENSGALG00010023976
ENSGALG00010023977	ENSGALG00010023977
TFDP2	TFDP2
FAM118B	FAM118B
ENSGALG00010023980	ENSGALG00010023980
ENSGALG00010023981	ENSGALG00010023981
ENSGALG00010023982	ENSGALG00010023982
SUSD2	SUSD2
FMNL1	FMNL1
ENSGALG00010023985	ENSGALG00010023985
SYCE3	SYCE3
TNNI3K	TNNI3K
ENSGALG00010023988	ENSGALG00010023988
ENSGALG00010023989	ENSGALG00010023989
ENSGALG00010023990	ENSGALG00010023990
TSPAN3	TSPAN3
FAM131B	FAM131B
C19orf12	C19orf12
ENSGALG00010023994	ENSGALG00010023994
ENSGALG00010023995	ENSGALG00010023995
MYO7B	MYO7B
ARFGEF2	ARFGEF2
GSC2	GSC2
DGCR14	DGCR14
ENSGALG00010024000	ENSGALG00010024000
ENSGALG00010024001	ENSGALG00010024001
DGCR2	DGCR2
ERICH3	ERICH3
EIF4B	EIF4B
STYK1	STYK1
ENSGALG00010024006	ENSGALG00010024006
ENSGALG00010024007	ENSGALG00010024007
CCNE1	CCNE1
CSE1L	CSE1L
ENSGALG00010024010	ENSGALG00010024010
AGPS	AGPS
ENSGALG00010024012	ENSGALG00010024012
PTPRJ	PTPRJ
ENSGALG00010024014	ENSGALG00010024014
ENSGALG00010024015	ENSGALG00010024015
CRYZ	CRYZ
TYW3	TYW3
KRT18	KRT18
MAP3K14	MAP3K14
MAIP1	MAIP1
IGLL1	IGLL1
ENSGALG00010024022	ENSGALG00010024022
LHX8	LHX8
AGL	AGL
CLCN1	CLCN1
TIRAP	TIRAP
ENSGALG00010024027	ENSGALG00010024027
ENSGALG00010024028	ENSGALG00010024028
SCAPER	SCAPER
STAU1	STAU1
LIMS2	LIMS2
ENSGALG00010024032	ENSGALG00010024032
ENSGALG00010024033	ENSGALG00010024033
LRP2	LRP2
OSBPL5	OSBPL5
ENSGALG00010024036	ENSGALG00010024036
ENSGALG00010024037	ENSGALG00010024037
NKD1	NKD1
MRPL45	MRPL45
ENSGALG00010024040	ENSGALG00010024040
ENSGALG00010024041	ENSGALG00010024041
DCPS	DCPS
ENSGALG00010024043	ENSGALG00010024043
ENSGALG00010024044	ENSGALG00010024044
PSTPIP1	PSTPIP1
ENSGALG00010024046	ENSGALG00010024046
ENSGALG00010024047	ENSGALG00010024047
ENSGALG00010024048	ENSGALG00010024048
RCN2	RCN2
ENSGALG00010024050	ENSGALG00010024050
ENSGALG00010024051	ENSGALG00010024051
ENSGALG00010024052	ENSGALG00010024052
ISL2	ISL2
ENSGALG00010024054	ENSGALG00010024054
ENSGALG00010024055	ENSGALG00010024055
ENSGALG00010024056	ENSGALG00010024056
HSD3B1	HSD3B1
SLC44A5	SLC44A5
ENSGALG00010024059	ENSGALG00010024059
FRRS1	FRRS1
ENSGALG00010024061	ENSGALG00010024061
ST3GAL4	ST3GAL4
BRD7	BRD7
GPR17	GPR17
ENSGALG00010024065	ENSGALG00010024065
ENSGALG00010024066	ENSGALG00010024066
ENSGALG00010024067	ENSGALG00010024067
CASP2	CASP2
ENSGALG00010024069	ENSGALG00010024069
ENSGALG00010024070	ENSGALG00010024070
ENSGALG00010024071	ENSGALG00010024071
ENSGALG00010024072	ENSGALG00010024072
RABGGTB	RABGGTB
ADCY7	ADCY7
SPATS2L	SPATS2L
ENSGALG00010024076	ENSGALG00010024076
SFT2D3	SFT2D3
KIRREL3	KIRREL3
ENSGALG00010024079	ENSGALG00010024079
PAPD5	PAPD5
CARS	CARS
ENSGALG00010024082	ENSGALG00010024082
PALMD	PALMD
ENSGALG00010024084	ENSGALG00010024084
ENSGALG00010024085	ENSGALG00010024085
GABARAPL1	GABARAPL1
ENSGALG00010024087	ENSGALG00010024087
ENSGALG00010024088	ENSGALG00010024088
ENSGALG00010024089	ENSGALG00010024089
SNORD97	SNORD97
ETFA	ETFA
ENSGALG00010024092	ENSGALG00010024092
ENSGALG00010024093	ENSGALG00010024093
SNORA23	SNORA23
RBM12	RBM12
MYO1D	MYO1D
gga-mir-1463	gga-mir-1463
gga-mir-1808	gga-mir-1808
ENSGALG00010024099	ENSGALG00010024099
gga-mir-1775	gga-mir-1775
CNEP1R1	CNEP1R1
SGF29	SGF29
gga-mir-12277	gga-mir-12277
PLPPR5	PLPPR5
gga-mir-1760	gga-mir-1760
WDR33	WDR33
NFE2L2	NFE2L2
gga-mir-6579-2	gga-mir-6579-2
ENSGALG00010024109	ENSGALG00010024109
CPNE1	CPNE1
ENSGALG00010024111	ENSGALG00010024111
NAP1L4	NAP1L4
ENSGALG00010024113	ENSGALG00010024113
TMEM52B	TMEM52B
POLR2D	POLR2D
MCAM	MCAM
ENSGALG00010024117	ENSGALG00010024117
TMEM266	TMEM266
AMMECR1L	AMMECR1L
ENSGALG00010024120	ENSGALG00010024120
NRG4	NRG4
SOCS7	SOCS7
PLPPR4	PLPPR4
DIDO1	DIDO1
ENSGALG00010024125	ENSGALG00010024125
CDK5R1	CDK5R1
ENSGALG00010024127	ENSGALG00010024127
PHLDA2	PHLDA2
GID8	GID8
ENSGALG00010024130	ENSGALG00010024130
ENSGALG00010024131	ENSGALG00010024131
ENSGALG00010024132	ENSGALG00010024132
PSMD11	PSMD11
ENSGALG00010024134	ENSGALG00010024134
FBXO22	FBXO22
SAP130	SAP130
ENSGALG00010024137	ENSGALG00010024137
CBL	CBL
SLC22A18	SLC22A18
KRT6A	KRT6A
YTHDF1	YTHDF1
DNAJC6	DNAJC6
UBE2Q2	UBE2Q2
HNRNPA3	HNRNPA3
RAP1GAP3	RAP1GAP3
CDKN1C	CDKN1C
ENSGALG00010024147	ENSGALG00010024147
UGGT1	UGGT1
TCIRG1	TCIRG1
NHERF4	NHERF4
LEPROT	LEPROT
ZNF423	ZNF423
KCNQ1	KCNQ1
VPS29L	VPS29L
SNX7	SNX7
KRT75	KRT75
CHRNB4	CHRNB4
ENSGALG00010024158	ENSGALG00010024158
NLRX1	NLRX1
VPREB3	VPREB3
ENSGALG00010024161	ENSGALG00010024161
SRCIN1	SRCIN1
HS6ST1	HS6ST1
SNAP29	SNAP29
LEPR	LEPR
ENSGALG00010024166	ENSGALG00010024166
CHRNA3	CHRNA3
BIRC7	BIRC7
FAM168B	FAM168B
NUP160	NUP160
ENSGALG00010024171	ENSGALG00010024171
ABCG4	ABCG4
CBLN1	CBLN1
PLEKHB2	PLEKHB2
DHRS9	DHRS9
ENSGALG00010024176	ENSGALG00010024176
ENSGALG00010024177	ENSGALG00010024177
N4BP1	N4BP1
ATG4C	ATG4C
HINFP	HINFP
FOXD3	FOXD3
ENSGALG00010024182	ENSGALG00010024182
MTX2	MTX2
ENSGALG00010024184	ENSGALG00010024184
CHRNA5	CHRNA5
HAO2	HAO2
ENSGALG00010024187	ENSGALG00010024187
TSSC4	TSSC4
KAT7	KAT7
WARS2	WARS2
DPYD	DPYD
ALG6	ALG6
GSTK1	GSTK1
NKAIN4	NKAIN4
PSMA4	PSMA4
MRPL21	MRPL21
KRT7	KRT7
PI4KA	PI4KA
SLC35B1	SLC35B1
GCHFR	GCHFR
IREB2	IREB2
ENSGALG00010024202	ENSGALG00010024202
SPOP	SPOP
PTBP2	PTBP2
ANKRD13D	ANKRD13D
KRT80	KRT80
KCTD18	KCTD18
SERPIND1	SERPIND1
RWDD3	RWDD3
NXPH3	NXPH3
TRPM5	TRPM5
RIMS4	RIMS4
ENSGALG00010024213	ENSGALG00010024213
CRABP1	CRABP1
ENSGALG00010024215	ENSGALG00010024215
ENSGALG00010024216	ENSGALG00010024216
ENSGALG00010024217	ENSGALG00010024217
NGFR	NGFR
ENSGALG00010024219	ENSGALG00010024219
SIAH1	SIAH1
ENSGALG00010024221	ENSGALG00010024221
KCNK15	KCNK15
ENSGALG00010024223	ENSGALG00010024223
ENSGALG00010024224	ENSGALG00010024224
BCDIN3D	BCDIN3D
POU2AF1	POU2AF1
MUC6	MUC6
ENSGALG00010024228	ENSGALG00010024228
TTC36	TTC36
LONP2	LONP2
ENSGALG00010024231	ENSGALG00010024231
ENSGALG00010024232	ENSGALG00010024232
FAIM2	FAIM2
ENSGALG00010024234	ENSGALG00010024234
ENSGALG00010024235	ENSGALG00010024235
ENSGALG00010024236	ENSGALG00010024236
ENSGALG00010024237	ENSGALG00010024237
ATF7	ATF7
ENSGALG00010024239	ENSGALG00010024239
WDR61	WDR61
NPFF	NPFF
KMT2A	KMT2A
MPP3	MPP3
ENSGALG00010024244	ENSGALG00010024244
TARBP2	TARBP2
ENSGALG00010024246	ENSGALG00010024246
ENSGALG00010024247	ENSGALG00010024247
ENSGALG00010024248	ENSGALG00010024248
ENSGALG00010024249	ENSGALG00010024249
AP2A2	AP2A2
ENSGALG00010024251	ENSGALG00010024251
ENSGALG00010024252	ENSGALG00010024252
ENSGALG00010024253	ENSGALG00010024253
ENSGALG00010024254	ENSGALG00010024254
C27H17ORF105	C27H17ORF105
ENSGALG00010024256	ENSGALG00010024256
ENSGALG00010024257	ENSGALG00010024257
DNAJA4	DNAJA4
ATP5L	ATP5L
ENSGALG00010024260	ENSGALG00010024260
ENSGALG00010024261	ENSGALG00010024261
ENSGALG00010024262	ENSGALG00010024262
PHKB	PHKB
AMER3	AMER3
ENSGALG00010024265	ENSGALG00010024265
ENSGALG00010024266	ENSGALG00010024266
MAP3K12	MAP3K12
ENSGALG00010024268	ENSGALG00010024268
ENSGALG00010024269	ENSGALG00010024269
RAB18L	RAB18L
ENSGALG00010024271	ENSGALG00010024271
ENSGALG00010024272	ENSGALG00010024272
ENSGALG00010024273	ENSGALG00010024273
ACSBG1	ACSBG1
ENSGALG00010024275	ENSGALG00010024275
ENSGALG00010024276	ENSGALG00010024276
ITGB3BP	ITGB3BP
ENSGALG00010024278	ENSGALG00010024278
ENSGALG00010024279	ENSGALG00010024279
DUSP3	DUSP3
ENSGALG00010024281	ENSGALG00010024281
HIC2	HIC2
UBE4A	UBE4A
ENSGALG00010024284	ENSGALG00010024284
CCND2	CCND2
ADA	ADA
ENSGALG00010024287	ENSGALG00010024287
CHID1	CHID1
ENSGALG00010024289	ENSGALG00010024289
SOST	SOST
ENSGALG00010024291	ENSGALG00010024291
ENSGALG00010024292	ENSGALG00010024292
ENSGALG00010024293	ENSGALG00010024293
ENSGALG00010024294	ENSGALG00010024294
ENSGALG00010024295	ENSGALG00010024295
ENSGALG00010024296	ENSGALG00010024296
ENSGALG00010024297	ENSGALG00010024297
ENSGALG00010024298	ENSGALG00010024298
ENSGALG00010024299	ENSGALG00010024299
MEOX1	MEOX1
ENSGALG00010024301	ENSGALG00010024301
ENSGALG00010024302	ENSGALG00010024302
ENSGALG00010024303	ENSGALG00010024303
PKIG	PKIG
ENSGALG00010024305	ENSGALG00010024305
ENSGALG00010024306	ENSGALG00010024306
ENSGALG00010024307	ENSGALG00010024307
ENSGALG00010024308	ENSGALG00010024308
ABCB11	ABCB11
ENSGALG00010024310	ENSGALG00010024310
KLHL6	KLHL6
ENSGALG00010024312	ENSGALG00010024312
SERINC3	SERINC3
ITFG1	ITFG1
ENSGALG00010024315	ENSGALG00010024315
ENSGALG00010024316	ENSGALG00010024316
ENSGALG00010024317	ENSGALG00010024317
ENSGALG00010024318	ENSGALG00010024318
ENSGALG00010024319	ENSGALG00010024319
ENSGALG00010024320	ENSGALG00010024320
UBE2L3	UBE2L3
IDH3A	IDH3A
TTPAL	TTPAL
ENSGALG00010024324	ENSGALG00010024324
PCBP2	PCBP2
KLHL24	KLHL24
PPP1R1B	PPP1R1B
YDJC	YDJC
ENSGALG00010024329	ENSGALG00010024329
SDF2L1	SDF2L1
ENSGALG00010024331	ENSGALG00010024331
EFCAB7	EFCAB7
ETV4	ETV4
USP28	USP28
AMHR2	AMHR2
TSPAN4	TSPAN4
ENSGALG00010024337	ENSGALG00010024337
NDUFA9	NDUFA9
TOP3B	TOP3B
NETO2	NETO2
ENSGALG00010024341	ENSGALG00010024341
HNF4A	HNF4A
POLR2L	POLR2L
YEATS2	YEATS2
STARD3	STARD3
PPM1F	PPM1F
OTOG	OTOG
ENSGALG00010024348	ENSGALG00010024348
R3HDML	R3HDML
PGM1	PGM1
SP1	SP1
MAP6D1	MAP6D1
UMOD	UMOD
C2CD2L	C2CD2L
ENSGALG00010024355	ENSGALG00010024355
PARL	PARL
ENSGALG00010024357	ENSGALG00010024357
MAPK3	MAPK3
ENSGALG00010024359	ENSGALG00010024359
FTL	FTL
H2AFX	H2AFX
DHX8	DHX8
EDEM2	EDEM2
ENSGALG00010024364	ENSGALG00010024364
ENSGALG00010024365	ENSGALG00010024365
PARD6A	PARD6A
ENSGALG00010024367	ENSGALG00010024367
DPAGT1	DPAGT1
MYOD1	MYOD1
HERPUD1	HERPUD1
YPEL1	YPEL1
ENSGALG00010024372	ENSGALG00010024372
TCAP	TCAP
ENSGALG00010024374	ENSGALG00010024374
ENSGALG00010024375	ENSGALG00010024375
ENSGALG00010024376	ENSGALG00010024376
CIB2	CIB2
ZDHHC1	ZDHHC1
ENSGALG00010024379	ENSGALG00010024379
PNMT	PNMT
ENSGALG00010024381	ENSGALG00010024381
ENSGALG00010024382	ENSGALG00010024382
DUSP28	DUSP28
ENSGALG00010024384	ENSGALG00010024384
ENSGALG00010024385	ENSGALG00010024385
TPPP3	TPPP3
PPIL2	PPIL2
ENSGALG00010024388	ENSGALG00010024388
AAAS	AAAS
ENSGALG00010024390	ENSGALG00010024390
TBC1D2B	TBC1D2B
CHMP4B	CHMP4B
OGFOD1	OGFOD1
ENSGALG00010024394	ENSGALG00010024394
ENSGALG00010024395	ENSGALG00010024395
ENSGALG00010024396	ENSGALG00010024396
ENSGALG00010024397	ENSGALG00010024397
PHB1	PHB1
ROR1	ROR1
KCNA1	KCNA1
KCNC1	KCNC1
GPC1	GPC1
HMBS	HMBS
ENSGALG00010024404	ENSGALG00010024404
ENSGALG00010024405	ENSGALG00010024405
NUDT21	NUDT21
HIRA	HIRA
ENSGALG00010024408	ENSGALG00010024408
ENSGALG00010024409	ENSGALG00010024409
MYG1	MYG1
ENSGALG00010024411	ENSGALG00010024411
PIGU	PIGU
AMFR	AMFR
ENSGALG00010024414	ENSGALG00010024414
SIK2	SIK2
VDR	VDR
ENSGALG00010024417	ENSGALG00010024417
TLDC2	TLDC2
PGAP3	PGAP3
TMEM106C	TMEM106C
DAPK2	DAPK2
ENSGALG00010024422	ENSGALG00010024422
SERGEF	SERGEF
SAMHD1	SAMHD1
MRPL40	MRPL40
PHAF1	PHAF1
C22orf39	C22orf39
SAAL1	SAAL1
ENSGALG00010024429	ENSGALG00010024429
ZNF652	ZNF652
FEZ1	FEZ1
ENSGALG00010024432	ENSGALG00010024432
ENSGALG00010024433	ENSGALG00010024433
B3GNT9	B3GNT9
ENSGALG00010024435	ENSGALG00010024435
ENSGALG00010024436	ENSGALG00010024436
HERC1	HERC1
RBL1	RBL1
UFD1L	UFD1L
PKNOX2	PKNOX2
SAA	SAA
ENSGALG00010024442	ENSGALG00010024442
ENSGALG00010024443	ENSGALG00010024443
ENSGALG00010024444	ENSGALG00010024444
ENSGALG00010024445	ENSGALG00010024445
GRM4	GRM4
ENSGALG00010024447	ENSGALG00010024447
ENSGALG00010024448	ENSGALG00010024448
CACHD1	CACHD1
ENSGALG00010024450	ENSGALG00010024450
PHOSPHO1	PHOSPHO1
SLC16A1	SLC16A1
HTR3A	HTR3A
HPS5	HPS5
ENSGALG00010024455	ENSGALG00010024455
ENSGALG00010024456	ENSGALG00010024456
CHD6	CHD6
ENSGALG00010024458	ENSGALG00010024458
AHCYL1	AHCYL1
IMP4	IMP4
ENSGALG00010024461	ENSGALG00010024461
ZBTB32	ZBTB32
FBXL22	FBXL22
ENSGALG00010024464	ENSGALG00010024464
SENP1	SENP1
ADGRG3	ADGRG3
ENSGALG00010024467	ENSGALG00010024467
ENSGALG00010024468	ENSGALG00010024468
GTF2H1	GTF2H1
ENSGALG00010024470	ENSGALG00010024470
CCDC61	CCDC61
LDHA	LDHA
RAVER2	RAVER2
STRIP1	STRIP1
ADGRG1	ADGRG1
KCNB1	KCNB1
ENSGALG00010024477	ENSGALG00010024477
ENSGALG00010024478	ENSGALG00010024478
ERBB2	ERBB2
CDC45	CDC45
SNORD21	SNORD21
USP3	USP3
ALX3	ALX3
gga-mir-6561	gga-mir-6561
gga-mir-6647	gga-mir-6647
GPR37L1	GPR37L1
gga-mir-137	gga-mir-137
ADGRG5	ADGRG5
gga-mir-1761	gga-mir-1761
TGM3	TGM3
gga-mir-1665	gga-mir-1665
NTF3	NTF3
JAK1	JAK1
DDAH1	DDAH1
CLDN5	CLDN5
UEVLD	UEVLD
ABI3	ABI3
CCDC102A	CCDC102A
CA12	CA12
GNGT2	GNGT2
ARL8A	ARL8A
VPS8	VPS8
ENSGALG00010024503	ENSGALG00010024503
CASC3	CASC3
DNASE2B	DNASE2B
RAB8B	RAB8B
ENSGALG00010024507	ENSGALG00010024507
RPS27L	RPS27L
SEPTIN5	SEPTIN5
CNN3	CNN3
ENSGALG00010024511	ENSGALG00010024511
CCNDBP1	CCNDBP1
SPTY2D1	SPTY2D1
FAF1	FAF1
C3orf70	C3orf70
EHHADH	EHHADH
LACTB	LACTB
ENSGALG00010024518	ENSGALG00010024518
MIEN1	MIEN1
MAP3K13	MAP3K13
HEPACAM	HEPACAM
DNTTIP2	DNTTIP2
TOX3	TOX3
TMEM41A	TMEM41A
GP1BB	GP1BB
TGM6	TGM6
ATP6V0B	ATP6V0B
TBX1	TBX1
GRB7	GRB7
ENSGALG00010024530	ENSGALG00010024530
CEP63	CEP63
TMEM86A	TMEM86A
CDKN2C	CDKN2C
VWF	VWF
ENSGALG00010024535	ENSGALG00010024535
URI1	URI1
EPB42	EPB42
BRDT	BRDT
RAPGEFL1	RAPGEFL1
PTPN5	PTPN5
WIPF2	WIPF2
ZNFX1	ZNFX1
ENSGALG00010024543	ENSGALG00010024543
ZNF536	ZNF536
PHACTR3	PHACTR3
KY	KY
PFKM	PFKM
CDC6	CDC6
GNB1L	GNB1L
KCNA10	KCNA10
RNF11	RNF11
CD81	CD81
ASB8	ASB8
ST6GALNAC3	ST6GALNAC3
EPHB1	EPHB1
ENSGALG00010024556	ENSGALG00010024556
TSPAN32	TSPAN32
PFDN5	PFDN5
ENSGALG00010024559	ENSGALG00010024559
A4GNT	A4GNT
ROBO3	ROBO3
ENSGALG00010024562	ENSGALG00010024562
ESPL1	ESPL1
PPP1R3D	PPP1R3D
FAM217B	FAM217B
MTSS2	MTSS2
IKZF3	IKZF3
DZIP1L	DZIP1L
ASCL2	ASCL2
TPM1	TPM1
KCNA3	KCNA3
CLDN18	CLDN18
ENSGALG00010024573	ENSGALG00010024573
INS	INS
TXNRD2	TXNRD2
CSAD	CSAD
CRYGS	CRYGS
ENSGALG00010024578	ENSGALG00010024578
ZNF740	ZNF740
IGF2	IGF2
RARA	RARA
TLN2	TLN2
ITGB7	ITGB7
ENSGALG00010024584	ENSGALG00010024584
TBCCD1	TBCCD1
DLGAP4	DLGAP4
ENSGALG00010024587	ENSGALG00010024587
TTC39A	TTC39A
ADORA1	ADORA1
MRPL23	MRPL23
ZPBP2	ZPBP2
COMT	COMT
SRSF6	SRSF6
TNNI2	TNNI2
MYBPHL	MYBPHL
EPS15	EPS15
DNAJB11	DNAJB11
LRRC3C	LRRC3C
ENSGALG00010024599	ENSGALG00010024599
CD9	CD9
C2CD4A	C2CD4A
PROCR	PROCR
ENSGALG00010024603	ENSGALG00010024603
MFSD5	MFSD5
LSP1P1	LSP1P1
ENSGALG00010024606	ENSGALG00010024606
RARG	RARG
DENND2D	DENND2D
PRR33	PRR33
PFKL	PFKL
ENSGALG00010024611	ENSGALG00010024611
ENSGALG00010024612	ENSGALG00010024612
ORMDL3	ORMDL3
ENSGALG00010024614	ENSGALG00010024614
SYT8	SYT8
ARVCF	ARVCF
ENSGALG00010024617	ENSGALG00010024617
VPS13C	VPS13C
ENSGALG00010024619	ENSGALG00010024619
MSANTD2	MSANTD2
THRA	THRA
PRMT1	PRMT1
NRDC	NRDC
CTSD	CTSD
SPRYD3	SPRYD3
TSHZ3	TSHZ3
CEPT1	CEPT1
TANGO2	TANGO2
ENSGALG00010024629	ENSGALG00010024629
CFAP410	CFAP410
EPB41L1	EPB41L1
IFITM10	IFITM10
NRGN	NRGN
ENSGALG00010024634	ENSGALG00010024634
ENSGALG00010024635	ENSGALG00010024635
PANX3	PANX3
DUSP8	DUSP8
ZNF507	ZNF507
AAR2	AAR2
GSDMA	GSDMA
TRA2B	TRA2B
RAB3B	RAB3B
ETV7	ETV7
EIF6	EIF6
ZC3HAV1L	ZC3HAV1L
RORA	RORA
RPUSD4	RPUSD4
MMP24	MMP24
NCOR2	NCOR2
PRKAG1	PRKAG1
PSMD3	PSMD3
PUS3	PUS3
RFLNA	RFLNA
CCDC92	CCDC92
IGF2BP2	IGF2BP2
HYLS1	HYLS1
DPY19L3	DPY19L3
CSF3	CSF3
BEND5	BEND5
KMT2D	KMT2D
ENSGALG00010024661	ENSGALG00010024661
MOB2	MOB2
ICE2	ICE2
DNAH10	DNAH10
MAP1LC3A	MAP1LC3A
MED24	MED24
RBM7	RBM7
ENSGALG00010024668	ENSGALG00010024668
STIL	STIL
SENP2	SENP2
KCTD20	KCTD20
DYNLRB1	DYNLRB1
REXO2	REXO2
DHH	DHH
NR1D1	NR1D1
ENSGALG00010024676	ENSGALG00010024676
LMBR1L	LMBR1L
AMOTL2	AMOTL2
MSL1	MSL1
BRSK1	BRSK1
ATP6V0A2	ATP6V0A2
ENSGALG00010024682	ENSGALG00010024682
SHISA4	SHISA4
ENSGALG00010024684	ENSGALG00010024684
ENSGALG00010024685	ENSGALG00010024685
CMPK1	CMPK1
RYK	RYK
CADM1	CADM1
FOXD2	FOXD2
TUBA1C	TUBA1C
TCTN2	TCTN2
DRAM2	DRAM2
ANXA2	ANXA2
GTF2H3	GTF2H3
TRABD2B	TRABD2B
TRADD	TRADD
IGF2BP1	IGF2BP1
ENSGALG00010024698	ENSGALG00010024698
FBXL8	FBXL8
TOLLIP	TOLLIP
EIF2B1	EIF2B1
C26H1orf106	C26H1orf106
HSF4	HSF4
FOXB1	FOXB1
SLCO2A1	SLCO2A1
ENSGALG00010024706	ENSGALG00010024706
ENSGALG00010024707	ENSGALG00010024707
BNIP2	BNIP2
TEAD4	TEAD4
HSDL1	HSDL1
DDX55	DDX55
LRIF1	LRIF1
RND2	RND2
SRPRB	SRPRB
DNAAF1	DNAAF1
GTF2A2	GTF2A2
TF	TF
ENSGALG00010024718	ENSGALG00010024718
PYM1	PYM1
BUD13	BUD13
ENSGALG00010024721	ENSGALG00010024721
BRCA1	BRCA1
ITCH	ITCH
HOXD3	HOXD3
GCNT3	GCNT3
TMED2	TMED2
ENSGALG00010024727	ENSGALG00010024727
SLC5A9	SLC5A9
FOXM1	FOXM1
AQP12A	AQP12A
AOX1	AOX1
AHCY	AHCY
MBTPS1	MBTPS1
ZPR1	ZPR1
OTUD7A	OTUD7A
DGKA	DGKA
STK38	STK38
NBR1	NBR1
ASIP	ASIP
SLC38A8	SLC38A8
RILPL2	RILPL2
PAK2	PAK2
ENSGALG00010024743	ENSGALG00010024743
KLF13	KLF13
PMEL	PMEL
HOXD4	HOXD4
TULP3	TULP3
TRPM1	TRPM1
APOA5	APOA5
APOA4	APOA4
MTMR10	MTMR10
MPP2	MPP2
HOXD8	HOXD8
EIF2S2	EIF2S2
PIGX	PIGX
CDK2	CDK2
PPFIA1	PPFIA1
SPATA6	SPATA6
APOC3	APOC3
ENSGALG00010024760	ENSGALG00010024760
OSGIN1	OSGIN1
FAN1	FAN1
HOXD9	HOXD9
ENSGALG00010024764	ENSGALG00010024764
SNRNP35	SNRNP35
ENSGALG00010024766	ENSGALG00010024766
CTTN	CTTN
ENSGALG00010024768	ENSGALG00010024768
RALY	RALY
CDC27	CDC27
AOX2	AOX2
KIAA1324	KIAA1324
APOA1	APOA1
ENSGALG00010024774	ENSGALG00010024774
ITFG2	ITFG2
MPHOSPH10	MPHOSPH10
ENSGALG00010024777	ENSGALG00010024777
RAB5B	RAB5B
ENSGALG00010024779	ENSGALG00010024779
HOXD11	HOXD11
CEP19	CEP19
HOXD12	HOXD12
UBE2T	UBE2T
ENSGALG00010024784	ENSGALG00010024784
MCEE	MCEE
PDCD5	PDCD5
SARS1	SARS1
SIK3	SIK3
SUOX	SUOX
HOXD13	HOXD13
SHANK2	SHANK2
BZW1	BZW1
FKBP4	FKBP4
DDX6	DDX6
NRROS	NRROS
ACTBL2	ACTBL2
IKZF4	IKZF4
FBXO45	FBXO45
ENSGALG00010024799	ENSGALG00010024799
ENSGALG00010024800	ENSGALG00010024800
CXCR5	CXCR5
CD59	CD59
CLK1	CLK1
WDR53	WDR53
ENSGALG00010024805	ENSGALG00010024805
ANKRD27	ANKRD27
PPIL3	PPIL3
CELSR2	CELSR2
KANSL1	KANSL1
ADIPOR1	ADIPOR1
NIF3L1	NIF3L1
SBNO1	SBNO1
RNF168	RNF168
APBA2	APBA2
GBX1	GBX1
NFIA	NFIA
UCKL1	UCKL1
FBXO3	FBXO3
H2BK1	H2BK1
NUDT19	NUDT19
NECAP1	NECAP1
RPS26	RPS26
ASB10	ASB10
DNAJC5	DNAJC5
UBXN7	UBXN7
RBM33	RBM33
ENSGALG00010024827	ENSGALG00010024827
TIMM17B	TIMM17B
ERBB3	ERBB3
ORC2	ORC2
SLC7A9	SLC7A9
HTR5A	HTR5A
MAPT	MAPT
INSIG1	INSIG1
FAM189A1	FAM189A1
TXNDC12	TXNDC12
TNFRSF1A	TNFRSF1A
EN2	EN2
PA2G4	PA2G4
BTF3L4	BTF3L4
ENSGALG00010024841	ENSGALG00010024841
ZFYVE9	ZFYVE9
BCL9L	BCL9L
TM4SF19	TM4SF19
HYCC2	HYCC2
LMO2	LMO2
PPIL1	PPIL1
ESYT1	ESYT1
CENATAC	CENATAC
CDK2AP1	CDK2AP1
CPNE5	CPNE5
CEP89	CEP89
TJP1	TJP1
C12orf65	C12orf65
CAPRIN1	CAPRIN1
SORT1	SORT1
SLC37A4	SLC37A4
SLC25A39	SLC25A39
TARSL2	TARSL2
NEU4	NEU4
ORC1	ORC1
METTL16	METTL16
LMOD1	LMOD1
MPHOSPH9	MPHOSPH9
SNAP47	SNAP47
TRAPPC4	TRAPPC4
TM2D3	TM2D3
FAAP24	FAAP24
NDUFB3	NDUFB3
TPD52L2	TPD52L2
POLQ	POLQ
RUNDC3A	RUNDC3A
HYOU1	HYOU1
JMJD4	JMJD4
GAL3ST2	GAL3ST2
CFLAR	CFLAR
PRPF38A	PRPF38A
RHPN2	RHPN2
D2HGDH	D2HGDH
NAT10	NAT10
CASP10	CASP10
MYL6	MYL6
ING5	ING5
ZBTB46	ZBTB46
SLC4A1	SLC4A1
ABTB2	ABTB2
CASP18	CASP18
PITPNM2	PITPNM2
SLC2A4RG	SLC2A4RG
SMARCC2	SMARCC2
PKP1	PKP1
ENSGALG00010024892	ENSGALG00010024892
ARL6IP4	ARL6IP4
TUT4	TUT4
WDR88	WDR88
RNF41	RNF41
ADAL	ADAL
NABP2	NABP2
OGFOD2	OGFOD2
DTYMK	DTYMK
ZGPAT	ZGPAT
LARP6	LARP6
CASP8	CASP8
ALS2CL	ALS2CL
GPX7	GPX7
ENSGALG00010024906	ENSGALG00010024906
PHLDB1	PHLDB1
ENSGALG00010024908	ENSGALG00010024908
SLC39A5	SLC39A5
UBTF	UBTF
CAT	CAT
ENSGALG00010024912	ENSGALG00010024912
ENSGALG00010024913	ENSGALG00010024913
ENSGALG00010024914	ENSGALG00010024914
STXBP5L	STXBP5L
ENSGALG00010024916	ENSGALG00010024916
TRAK2	TRAK2
ATG4B	ATG4B
ANKRD52	ANKRD52
VIPR2	VIPR2
STRADB	STRADB
DRD2	DRD2
ENSGALG00010024923	ENSGALG00010024923
MNX1	MNX1
GTF2E1	GTF2E1
ELF5	ELF5
NOM1	NOM1
THAP4	THAP4
ENSGALG00010024929	ENSGALG00010024929
TMEM237	TMEM237
UBE3C	UBE3C
ANKK1	ANKK1
CS	CS
G6PC3	G6PC3
KLHL30	KLHL30
EHF	EHF
ILKAP	ILKAP
ENSGALG00010024938	ENSGALG00010024938
COQ10A	COQ10A
RABL3	RABL3
PDHX	PDHX
DNAJB6	DNAJB6
ABCB9	ABCB9
ENSGALG00010024944	ENSGALG00010024944
APIP	APIP
KIF1A	KIF1A
MPP4	MPP4
HGD	HGD
PAN2	PAN2
NCAM1	NCAM1
ENSGALG00010024951	ENSGALG00010024951
ENSGALG00010024952	ENSGALG00010024952
NCAPG2	NCAPG2
ENSGALG00010024954	ENSGALG00010024954
ENSGALG00010024955	ENSGALG00010024955
VPS37B	VPS37B
ENSGALG00010024957	ENSGALG00010024957
ENSGALG00010024958	ENSGALG00010024958
AGXT	AGXT
ARFRP1	ARFRP1
LSM12	LSM12
MAB21L4	MAB21L4
TNFRSF6B	TNFRSF6B
ITM2C	ITM2C
STAT2	STAT2
AGAP3	AGAP3
ENSGALG00010024967	ENSGALG00010024967
TMEM101	TMEM101
ENSGALG00010024969	ENSGALG00010024969
CAB39	CAB39
ENSGALG00010024971	ENSGALG00010024971
ENSGALG00010024972	ENSGALG00010024972
RTEL1	RTEL1
CD44	CD44
ENSGALG00010024975	ENSGALG00010024975
ENSGALG00010024976	ENSGALG00010024976
LRP3	LRP3
ENSGALG00010024978	ENSGALG00010024978
ENSGALG00010024979	ENSGALG00010024979
ENSGALG00010024980	ENSGALG00010024980
PPY	PPY
BHLHE23	BHLHE23
APOF	APOF
FAM159A	FAM159A
ENSGALG00010024985	ENSGALG00010024985
PTS	PTS
ENSGALG00010024987	ENSGALG00010024987
RNF32	RNF32
TIMELESS	TIMELESS
ENSGALG00010024990	ENSGALG00010024990
ENSGALG00010024991	ENSGALG00010024991
ENSGALG00010024992	ENSGALG00010024992
ENSGALG00010024993	ENSGALG00010024993
NDUFB4	NDUFB4
ENSGALG00010024995	ENSGALG00010024995
COA7	COA7
HES6 - ENSGALG00010024997	HES6 - ENSGALG00010024997
ENSGALG00010024998	ENSGALG00010024998
ENSGALG00010024999	ENSGALG00010024999
ENSGALG00010025000	ENSGALG00010025000
ENSGALG00010025001	ENSGALG00010025001
ENSGALG00010025002	ENSGALG00010025002
ENSGALG00010025003	ENSGALG00010025003
ENSGALG00010025004	ENSGALG00010025004
HIP1R	HIP1R
ENSGALG00010025006	ENSGALG00010025006
ZYG11A	ZYG11A
ENSGALG00010025008	ENSGALG00010025008
ENSGALG00010025009	ENSGALG00010025009
SLC7A10	SLC7A10
ENSGALG00010025011	ENSGALG00010025011
CRH2	CRH2
ENSGALG00010025013	ENSGALG00010025013
ENSGALG00010025014	ENSGALG00010025014
ENSGALG00010025015	ENSGALG00010025015
ENSGALG00010025016	ENSGALG00010025016
ENSGALG00010025017	ENSGALG00010025017
ENSGALG00010025018	ENSGALG00010025018
MIP	MIP
ENSGALG00010025020	ENSGALG00010025020
ENSGALG00010025021	ENSGALG00010025021
ENSGALG00010025022	ENSGALG00010025022
ENSGALG00010025023	ENSGALG00010025023
ENSGALG00010025024	ENSGALG00010025024
ENSGALG00010025025	ENSGALG00010025025
DENR	DENR
ENSGALG00010025027	ENSGALG00010025027
HES6 - ENSGALG00010025028	HES6 - ENSGALG00010025028
ENSGALG00010025029	ENSGALG00010025029
ENSGALG00010025030	ENSGALG00010025030
ECHDC2	ECHDC2
FSTL1	FSTL1
ENSGALG00010025033	ENSGALG00010025033
ENSGALG00010025034	ENSGALG00010025034
ENSGALG00010025035	ENSGALG00010025035
ENSGALG00010025036	ENSGALG00010025036
ENSGALG00010025037	ENSGALG00010025037
ENSGALG00010025038	ENSGALG00010025038
CEBPA	CEBPA
ENSGALG00010025040	ENSGALG00010025040
ENSGALG00010025041	ENSGALG00010025041
BCO2	BCO2
ENSGALG00010025043	ENSGALG00010025043
TMEM9	TMEM9
ENSGALG00010025045	ENSGALG00010025045
ENSGALG00010025046	ENSGALG00010025046
PER2	PER2
ESYT2	ESYT2
ENSGALG00010025049	ENSGALG00010025049
ENSGALG00010025050	ENSGALG00010025050
ENSGALG00010025051	ENSGALG00010025051
ENSGALG00010025052	ENSGALG00010025052
ENSGALG00010025053	ENSGALG00010025053
ENSGALG00010025054	ENSGALG00010025054
ALS2	ALS2
RBMS2	RBMS2
SCP2	SCP2
ENSGALG00010025058	ENSGALG00010025058
ENSGALG00010025059	ENSGALG00010025059
GPR156	GPR156
ENSGALG00010025061	ENSGALG00010025061
ENSGALG00010025062	ENSGALG00010025062
TEX12	TEX12
GPN3	GPN3
ENSGALG00010025065	ENSGALG00010025065
ENSGALG00010025066	ENSGALG00010025066
SLC1A2	SLC1A2
ENSGALG00010025068	ENSGALG00010025068
PODN	PODN
ENSGALG00010025070	ENSGALG00010025070
CDK15	CDK15
VAMP2	VAMP2
IL18	IL18
ENSGALG00010025074	ENSGALG00010025074
ENSGALG00010025075	ENSGALG00010025075
ENSGALG00010025076	ENSGALG00010025076
ENSGALG00010025077	ENSGALG00010025077
SLC1A7	SLC1A7
ENSGALG00010025079	ENSGALG00010025079
BAZ2A	BAZ2A
ENSGALG00010025081	ENSGALG00010025081
ENSGALG00010025082	ENSGALG00010025082
ENSGALG00010025083	ENSGALG00010025083
ENSGALG00010025084	ENSGALG00010025084
ENSGALG00010025085	ENSGALG00010025085
ENSGALG00010025086	ENSGALG00010025086
ENSGALG00010025087	ENSGALG00010025087
ENSGALG00010025088	ENSGALG00010025088
ENSGALG00010025089	ENSGALG00010025089
ENSGALG00010025090	ENSGALG00010025090
ENSGALG00010025091	ENSGALG00010025091
COL1A1	COL1A1
ENSGALG00010025093	ENSGALG00010025093
ENSGALG00010025094	ENSGALG00010025094
ENSGALG00010025095	ENSGALG00010025095
ENSGALG00010025096	ENSGALG00010025096
LMBR1	LMBR1
ATP5B	ATP5B
ENSGALG00010025099	ENSGALG00010025099
ENSGALG00010025100	ENSGALG00010025100
ENSGALG00010025101	ENSGALG00010025101
ARPC3	ARPC3
GSK3A	GSK3A
ENSGALG00010025104	ENSGALG00010025104
ENSGALG00010025105	ENSGALG00010025105
ENSGALG00010025106	ENSGALG00010025106
ENSGALG00010025107	ENSGALG00010025107
ENSGALG00010025108	ENSGALG00010025108
ENSGALG00010025109	ENSGALG00010025109
ENSGALG00010025110	ENSGALG00010025110
ENSGALG00010025111	ENSGALG00010025111
ENSGALG00010025112	ENSGALG00010025112
SDHD	SDHD
CEBPG	CEBPG
MGAT4C - ENSGALG00010025115	MGAT4C - ENSGALG00010025115
ANAPC7	ANAPC7
ENSGALG00010025117	ENSGALG00010025117
ENSGALG00010025118	ENSGALG00010025118
ENSGALG00010025119	ENSGALG00010025119
ENSGALG00010025120	ENSGALG00010025120
WDR60	WDR60
ENSGALG00010025122	ENSGALG00010025122
ENSGALG00010025123	ENSGALG00010025123
ENSGALG00010025124	ENSGALG00010025124
PIK3CB	PIK3CB
ENSGALG00010025126	ENSGALG00010025126
PAMR1	PAMR1
ENSGALG00010025128	ENSGALG00010025128
ENSGALG00010025129	ENSGALG00010025129
ATP2A2	ATP2A2
SUMO1	SUMO1
ENSGALG00010025132	ENSGALG00010025132
ENSGALG00010025133	ENSGALG00010025133
ENSGALG00010025134	ENSGALG00010025134
ENSGALG00010025135	ENSGALG00010025135
ENSGALG00010025136	ENSGALG00010025136
ENSGALG00010025137	ENSGALG00010025137
CFAP91	CFAP91
COPB2	COPB2
ENSGALG00010025140	ENSGALG00010025140
ENSGALG00010025141	ENSGALG00010025141
ENSGALG00010025142	ENSGALG00010025142
ENSGALG00010025143	ENSGALG00010025143
PIH1D2	PIH1D2
CPT2	CPT2
ENSGALG00010025146	ENSGALG00010025146
COX17	COX17
ENSGALG00010025148	ENSGALG00010025148
IFT81	IFT81
ENSGALG00010025150	ENSGALG00010025150
ENSGALG00010025151	ENSGALG00010025151
ENSGALG00010025152	ENSGALG00010025152
ENSGALG00010025153	ENSGALG00010025153
TMEM183A	TMEM183A
C8H1orf123	C8H1orf123
DLAT	DLAT
NOP58	NOP58
ENSGALG00010025158	ENSGALG00010025158
ENSGALG00010025159	ENSGALG00010025159
MRPS22	MRPS22
MAGOH	MAGOH
ENSGALG00010025162	ENSGALG00010025162
LDLRAD3	LDLRAD3
C11ORF52	C11ORF52
ENSGALG00010025165	ENSGALG00010025165
ENSGALG00010025166	ENSGALG00010025166
PTGES3	PTGES3
POPDC2	POPDC2
RBP2	RBP2
COMMD9	COMMD9
ENSGALG00010025171	ENSGALG00010025171
RBP1	RBP1
ENSGALG00010025173	ENSGALG00010025173
ENSGALG00010025174	ENSGALG00010025174
ENSGALG00010025175	ENSGALG00010025175
ENSGALG00010025176	ENSGALG00010025176
ENSGALG00010025177	ENSGALG00010025177
ENSGALG00010025178	ENSGALG00010025178
ENSGALG00010025179	ENSGALG00010025179
ENSGALG00010025180	ENSGALG00010025180
ENSGALG00010025181	ENSGALG00010025181
PLA1A	PLA1A
ENSGALG00010025183	ENSGALG00010025183
ENSGALG00010025184	ENSGALG00010025184
ENSGALG00010025185	ENSGALG00010025185
TMEM120B	TMEM120B
ENSGALG00010025187	ENSGALG00010025187
PPFIA4	PPFIA4
ENSGALG00010025189	ENSGALG00010025189
PRR5L	PRR5L
ENSGALG00010025191	ENSGALG00010025191
CRYAB	CRYAB
ENSGALG00010025193	ENSGALG00010025193
ENSGALG00010025194	ENSGALG00010025194
P2RX7	P2RX7
ENSGALG00010025196	ENSGALG00010025196
ENSGALG00010025197	ENSGALG00010025197
ENSGALG00010025198	ENSGALG00010025198
ENSGALG00010025199	ENSGALG00010025199
PEPD	PEPD
ENSGALG00010025201	ENSGALG00010025201
ENSGALG00010025202	ENSGALG00010025202
ENSGALG00010025203	ENSGALG00010025203
TRAF6	TRAF6
ENSGALG00010025205	ENSGALG00010025205
ENSGALG00010025206	ENSGALG00010025206
BMPR2	BMPR2
ENSGALG00010025208	ENSGALG00010025208
ENSGALG00010025209	ENSGALG00010025209
HSPB2	HSPB2
RAG1	RAG1
P2RX4	P2RX4
ENSGALG00010025213	ENSGALG00010025213
LRP8	LRP8
MYOG	MYOG
DPP6	DPP6
ENSGALG00010025217	ENSGALG00010025217
ENSGALG00010025218	ENSGALG00010025218
NACA	NACA
NHLH2	NHLH2
ENSGALG00010025221	ENSGALG00010025221
FAM117B	FAM117B
CFAP68	CFAP68
ENSGALG00010025224	ENSGALG00010025224
DMRTB1	DMRTB1
ENSGALG00010025226	ENSGALG00010025226
ENSGALG00010025227	ENSGALG00010025227
FDXACB1	FDXACB1
ENSGALG00010025229	ENSGALG00010025229
CHST8	CHST8
ENSGALG00010025231	ENSGALG00010025231
PRIM1	PRIM1
WDR12	WDR12
ENSGALG00010025234	ENSGALG00010025234
ENSGALG00010025235	ENSGALG00010025235
ENSGALG00010025236	ENSGALG00010025236
ENSGALG00010025237	ENSGALG00010025237
IGSF9B	IGSF9B
RAG2	RAG2
ENSGALG00010025240	ENSGALG00010025240
ENSGALG00010025241	ENSGALG00010025241
CLSTN2	CLSTN2
PAXIP1	PAXIP1
ENSGALG00010025244	ENSGALG00010025244
RAP1A	RAP1A
ENSGALG00010025246	ENSGALG00010025246
SGCA	SGCA
C11orf74	C11orf74
ENSGALG00010025249	ENSGALG00010025249
GLIS1	GLIS1
ENSGALG00010025251	ENSGALG00010025251
PPP1R9B	PPP1R9B
ENSGALG00010025253	ENSGALG00010025253
ENSGALG00010025254	ENSGALG00010025254
ENSGALG00010025255	ENSGALG00010025255
ANAPC5	ANAPC5
LPCAT2	LPCAT2
ENSGALG00010025258	ENSGALG00010025258
SHH	SHH
ENSGALG00010025260	ENSGALG00010025260
ENSGALG00010025261	ENSGALG00010025261
CARF	CARF
SAMD14	SAMD14
ENSGALG00010025264	ENSGALG00010025264
TRIM42	TRIM42
ENSGALG00010025266	ENSGALG00010025266
ENSGALG00010025267	ENSGALG00010025267
ZBTB39	ZBTB39
ENSGALG00010025269	ENSGALG00010025269
NDC1	NDC1
RNF34	RNF34
NCAPD3	NCAPD3
ENSGALG00010025273	ENSGALG00010025273
PDK2	PDK2
ENSGALG00010025275	ENSGALG00010025275
SNORA71	SNORA71
ENSGALG00010025277	ENSGALG00010025277
gga-mir-12216	gga-mir-12216
gga-mir-6660	gga-mir-6660
HSPB11	HSPB11
ENSGALG00010025281	ENSGALG00010025281
gga-mir-204-2	gga-mir-204-2
ENSGALG00010025283	ENSGALG00010025283
ENSGALG00010025284	ENSGALG00010025284
gga-mir-1794	gga-mir-1794
ITGA3	ITGA3
gga-mir-7478 - ENSGALG00010025287	gga-mir-7478 - ENSGALG00010025287
gga-mir-6703	gga-mir-6703
KDM2B	KDM2B
gga-mir-6692	gga-mir-6692
DUS2	DUS2
ATP1A1	ATP1A1
gga-mir-1574	gga-mir-1574
ENSGALG00010025294	ENSGALG00010025294
gga-mir-1623	gga-mir-1623
gga-mir-2128	gga-mir-2128
SPSB2	SPSB2
ENSGALG00010025298	ENSGALG00010025298
gga-mir-1688	gga-mir-1688
gga-mir-6575	gga-mir-6575
MORN3	MORN3
gga-mir-6625	gga-mir-6625
TMCC2	TMCC2
DDX28	DDX28
GPR182	GPR182
gga-mir-190a	gga-mir-190a
gga-mir-1670	gga-mir-1670
ENSGALG00010025308	ENSGALG00010025308
GALR1L	GALR1L
ENSGALG00010025310	ENSGALG00010025310
ENSGALG00010025311	ENSGALG00010025311
PLEKHM3	PLEKHM3
DIO1	DIO1
ENSGALG00010025314	ENSGALG00010025314
LRRC42	LRRC42
SLC25A36	SLC25A36
ENSGALG00010025317	ENSGALG00010025317
NUAK2	NUAK2
LDLRAD1	LDLRAD1
JAM3	JAM3
ENSGALG00010025321	ENSGALG00010025321
ENSGALG00010025322	ENSGALG00010025322
KLHDC8A	KLHDC8A
ENSGALG00010025324	ENSGALG00010025324
DPEP2	DPEP2
ENSGALG00010025326	ENSGALG00010025326
TMEM59	TMEM59
ENSGALG00010025328	ENSGALG00010025328
MYO1A	MYO1A
USH1C	USH1C
ENSGALG00010025331	ENSGALG00010025331
ENSGALG00010025332	ENSGALG00010025332
FZD5	FZD5
RHOF	RHOF
ENSGALG00010025335	ENSGALG00010025335
ADAM10	ADAM10
NEMP1	NEMP1
FADD	FADD
ENSGALG00010025339	ENSGALG00010025339
METTL21A	METTL21A
VPS26B	VPS26B
TCEANC2	TCEANC2
NAB2	NAB2
ENSGALG00010025344	ENSGALG00010025344
CCM2	CCM2
PXYLP1	PXYLP1
ENSGALG00010025347	ENSGALG00010025347
HIPK1	HIPK1
SETD1A	SETD1A
ENSGALG00010025350	ENSGALG00010025350
CREB1	CREB1
ENSGALG00010025352	ENSGALG00010025352
SLC12A4	SLC12A4
ENSGALG00010025354	ENSGALG00010025354
STAT6	STAT6
ENSGALG00010025356	ENSGALG00010025356
OLFML3	OLFML3
INCENP	INCENP
CDCP2	CDCP2
THYN1	THYN1
ENSGALG00010025361	ENSGALG00010025361
G6PC2	G6PC2
ENSGALG00010025363	ENSGALG00010025363
EPHA4	EPHA4
SIKE1	SIKE1
ENSGALG00010025366	ENSGALG00010025366
ENSGALG00010025367	ENSGALG00010025367
LRP1	LRP1
ENSGALG00010025369	ENSGALG00010025369
HPD	HPD
U1 - ENSGALG00010025371	U1 - ENSGALG00010025371
ENSGALG00010025372	ENSGALG00010025372
CYB5RL	CYB5RL
ENSGALG00010025374	ENSGALG00010025374
ENSGALG00010025375	ENSGALG00010025375
ENSGALG00010025376	ENSGALG00010025376
MYO1G	MYO1G
PAX3	PAX3
ACAD8	ACAD8
SPC25	SPC25
MRPL37	MRPL37
MAB21L3	MAB21L3
ENSGALG00010025383	ENSGALG00010025383
SYCP1	SYCP1
ENSGALG00010025385	ENSGALG00010025385
TPCN2	TPCN2
PSMD9	PSMD9
gga-mir-133a-2	gga-mir-133a-2
SNED1	SNED1
BCL7A	BCL7A
gga-mir-1773	gga-mir-1773
SLC6A2	SLC6A2
gga-mir-124a-2	gga-mir-124a-2
TSHB	TSHB
gga-mir-1453	gga-mir-1453
gga-mir-6674	gga-mir-6674
HOXC13	HOXC13
TSPAN2	TSPAN2
gga-mir-1798	gga-mir-1798
SLC22A15	SLC22A15
gga-mir-12242	gga-mir-12242
gga-mir-6681	gga-mir-6681
ENSGALG00010025403	ENSGALG00010025403
CERS6	CERS6
TAMALIN	TAMALIN
ENSGALG00010025406	ENSGALG00010025406
MLXIP	MLXIP
gga-mir-1a-1	gga-mir-1a-1
gga-mir-499	gga-mir-499
gga-mir-1614	gga-mir-1614
gga-mir-6664	gga-mir-6664
gga-mir-1746	gga-mir-1746
NECAB3	NECAB3
MMP2	MMP2
ENSGALG00010025415	ENSGALG00010025415
ENSGALG00010025416	ENSGALG00010025416
B3GAT1	B3GAT1
CASQ2	CASQ2
CCND1	CCND1
STK39	STK39
NR4A1	NR4A1
SSBP3	SSBP3
NGF	NGF
IRX6	IRX6
ENSGALG00010025425	ENSGALG00010025425
SMARCD3	SMARCD3
SLC35G2	SLC35G2
VANGL1	VANGL1
SCN3B	SCN3B
IRX5	IRX5
ENSGALG00010025431	ENSGALG00010025431
IRX3	IRX3
CHPF2	CHPF2
SYT6	SYT6
SCLY	SCLY
ENSGALG00010025436	ENSGALG00010025436
ENSGALG00010025437	ENSGALG00010025437
EXOSC6	EXOSC6
ENSGALG00010025439	ENSGALG00010025439
ENSGALG00010025440	ENSGALG00010025440
ENSGALG00010025441	ENSGALG00010025441
ABCF2	ABCF2
ENSGALG00010025443	ENSGALG00010025443
ENSGALG00010025444	ENSGALG00010025444
B3GNT4	B3GNT4
ENSGALG00010025446	ENSGALG00010025446
ENSGALG00010025447	ENSGALG00010025447
CHD1L	CHD1L
ENSGALG00010025449	ENSGALG00010025449
ENSGALG00010025450	ENSGALG00010025450
LRRC43	LRRC43
TRIM33	TRIM33
ENSGALG00010025453	ENSGALG00010025453
ENSGALG00010025454	ENSGALG00010025454
ENSGALG00010025455	ENSGALG00010025455
ENSGALG00010025456	ENSGALG00010025456
ENSGALG00010025457	ENSGALG00010025457
BCAS2	BCAS2
DIABLO	DIABLO
ENSGALG00010025460	ENSGALG00010025460
ENSGALG00010025461	ENSGALG00010025461
ENSGALG00010025462	ENSGALG00010025462
ENSGALG00010025463	ENSGALG00010025463
VPS33A	VPS33A
ENSGALG00010025465	ENSGALG00010025465
ENSGALG00010025466	ENSGALG00010025466
ENSGALG00010025467	ENSGALG00010025467
ENSGALG00010025468	ENSGALG00010025468
ENSGALG00010025469	ENSGALG00010025469
ORAOV1	ORAOV1
ENSGALG00010025471	ENSGALG00010025471
ZCCHC8	ZCCHC8
PARS2	PARS2
ENSGALG00010025474	ENSGALG00010025474
ENSGALG00010025475	ENSGALG00010025475
ENSGALG00010025476	ENSGALG00010025476
ENSGALG00010025477	ENSGALG00010025477
ENSGALG00010025478	ENSGALG00010025478
ENSGALG00010025479	ENSGALG00010025479
FGF19	FGF19
TMEM39A	TMEM39A
ENSGALG00010025482	ENSGALG00010025482
FGF4	FGF4
ENSGALG00010025484	ENSGALG00010025484
DENND2C	DENND2C
B3GALT1	B3GALT1
FGF3	FGF3
SLC4A8	SLC4A8
ENSGALG00010025489	ENSGALG00010025489
ENSGALG00010025490	ENSGALG00010025490
ZMYND11	ZMYND11
ENSGALG00010025492	ENSGALG00010025492
ENSGALG00010025493	ENSGALG00010025493
ENSGALG00010025494	ENSGALG00010025494
ENSGALG00010025495	ENSGALG00010025495
ATG101	ATG101
ENSGALG00010025497	ENSGALG00010025497
ENSGALG00010025498	ENSGALG00010025498
STAC3	STAC3
ENSGALG00010025500	ENSGALG00010025500
ENSGALG00010025501	ENSGALG00010025501
ENSGALG00010025502	ENSGALG00010025502
ENSGALG00010025503	ENSGALG00010025503
AMPD1	AMPD1
SCN9A	SCN9A
R3HDM2	R3HDM2
ATP12A	ATP12A
ENSGALG00010025508	ENSGALG00010025508
ENSGALG00010025509	ENSGALG00010025509
ENSGALG00010025510	ENSGALG00010025510
ENSGALG00010025511	ENSGALG00010025511
NRAS	NRAS
RSRC2	RSRC2
ENSGALG00010025514	ENSGALG00010025514
ENSGALG00010025515	ENSGALG00010025515
ENSGALG00010025516	ENSGALG00010025516
ENSGALG00010025517	ENSGALG00010025517
ENSGALG00010025518	ENSGALG00010025518
ENSGALG00010025519	ENSGALG00010025519
ACOT11	ACOT11
ENSGALG00010025521	ENSGALG00010025521
SUMO3	SUMO3
B4GALT4	B4GALT4
ENSGALG00010025524	ENSGALG00010025524
ENSGALG00010025525	ENSGALG00010025525
ENSGALG00010025526	ENSGALG00010025526
KNTC1	KNTC1
ENSGALG00010025528	ENSGALG00010025528
ENSGALG00010025529	ENSGALG00010025529
ENSGALG00010025530	ENSGALG00010025530
B4GALT3 - ENSGALG00010025531	B4GALT3 - ENSGALG00010025531
ENSGALG00010025532	ENSGALG00010025532
INHBC	INHBC
ENSGALG00010025534	ENSGALG00010025534
ENSGALG00010025535	ENSGALG00010025535
CIMAP2	CIMAP2
ENSGALG00010025537	ENSGALG00010025537
ANO1	ANO1
ENSGALG00010025539	ENSGALG00010025539
ENSGALG00010025540	ENSGALG00010025540
TTC21B	TTC21B
ENSGALG00010025542	ENSGALG00010025542
ENSGALG00010025543	ENSGALG00010025543
CSDE1	CSDE1
ENSGALG00010025545	ENSGALG00010025545
INHBE	INHBE
ENSGALG00010025547	ENSGALG00010025547
B3GAT1L	B3GAT1L
DHCR24	DHCR24
ENSGALG00010025550	ENSGALG00010025550
ENSGALG00010025551	ENSGALG00010025551
HOXC12	HOXC12
UBE2G2	UBE2G2
DIP2C	DIP2C
ENSGALG00010025555	ENSGALG00010025555
ENSGALG00010025556	ENSGALG00010025556
VPS29	VPS29
GALNT3	GALNT3
SLC6A17	SLC6A17
ENSGALG00010025560	ENSGALG00010025560
ENSGALG00010025561	ENSGALG00010025561
GRAMD1B	GRAMD1B
TSPEAR	TSPEAR
RAD9B	RAD9B
ENSGALG00010025565	ENSGALG00010025565
ENSGALG00010025566	ENSGALG00010025566
ENSGALG00010025567	ENSGALG00010025567
MYL3	MYL3
PPTC7	PPTC7
ENSGALG00010025570	ENSGALG00010025570
SRSF3	SRSF3
ENSGALG00010025572	ENSGALG00010025572
CLMP	CLMP
ARHGAP31	ARHGAP31
TRPM2	TRPM2
ENSGALG00010025576	ENSGALG00010025576
PTH2R	PTH2R
ORMDL2	ORMDL2
CSRNP3	CSRNP3
RASSF7	RASSF7
ENSGALG00010025581	ENSGALG00010025581
DMAP1	DMAP1
ENSGALG00010025583	ENSGALG00010025583
ENSGALG00010025584	ENSGALG00010025584
SARNP	SARNP
TCTN1	TCTN1
LRRC56	LRRC56
ENSGALG00010025588	ENSGALG00010025588
ENSGALG00010025589	ENSGALG00010025589
HRAS	HRAS
OTOS	OTOS
HSPA8	HSPA8
AQP2	AQP2
UPK1B	UPK1B
ERI3	ERI3
ENSGALG00010025596	ENSGALG00010025596
SCN2A	SCN2A
ENSGALG00010025598	ENSGALG00010025598
COPS9	COPS9
ENSGALG00010025600	ENSGALG00010025600
ENSGALG00010025601	ENSGALG00010025601
ENSGALG00010025602	ENSGALG00010025602
ENSGALG00010025603	ENSGALG00010025603
HVCN1	HVCN1
ENSGALG00010025605	ENSGALG00010025605
CCDC12	CCDC12
ENSGALG00010025607	ENSGALG00010025607
ENSGALG00010025608	ENSGALG00010025608
ENSGALG00010025609	ENSGALG00010025609
RNH1	RNH1
ENSGALG00010025611	ENSGALG00010025611
TMEM53	TMEM53
CDKN1A	CDKN1A
BSX	BSX
AQP5	AQP5
ENSGALG00010025616	ENSGALG00010025616
ENSGALG00010025617	ENSGALG00010025617
ADIPOQ	ADIPOQ
ENSGALG00010025619	ENSGALG00010025619
ENSGALG00010025620	ENSGALG00010025620
PPP1CC	PPP1CC
ENSGALG00010025622	ENSGALG00010025622
ENSGALG00010025623	ENSGALG00010025623
ARMH1	ARMH1
ENSGALG00010025625	ENSGALG00010025625
ENSGALG00010025626	ENSGALG00010025626
ENSGALG00010025627	ENSGALG00010025627
SCN3A	SCN3A
ST6GAL1	ST6GAL1
ENSGALG00010025630	ENSGALG00010025630
CCDC63	CCDC63
ENSGALG00010025632	ENSGALG00010025632
ENSGALG00010025633	ENSGALG00010025633
ENSGALG00010025634	ENSGALG00010025634
CHKA	CHKA
ENSGALG00010025636	ENSGALG00010025636
C6orf89	C6orf89
ENSGALG00010025638	ENSGALG00010025638
MYL2	MYL2
SLC38A11	SLC38A11
ENSGALG00010025641	ENSGALG00010025641
RPS8	RPS8
ENSGALG00010025643	ENSGALG00010025643
ENSGALG00010025644	ENSGALG00010025644
NBEAL2	NBEAL2
ENSGALG00010025646	ENSGALG00010025646
JHY	JHY
ENSGALG00010025648	ENSGALG00010025648
ENSGALG00010025649	ENSGALG00010025649
PPP1R1A	PPP1R1A
ENSGALG00010025651	ENSGALG00010025651
KMT5B	KMT5B
IGSF11	IGSF11
CRTAM	CRTAM
ENSGALG00010025655	ENSGALG00010025655
ENSGALG00010025656	ENSGALG00010025656
ENSGALG00010025657	ENSGALG00010025657
PDE1B	PDE1B
COBLL1	COBLL1
KIF2C	KIF2C
SNRPE	SNRPE
ENSGALG00010025662	ENSGALG00010025662
ENSGALG00010025663	ENSGALG00010025663
GPR55	GPR55
ENSGALG00010025665	ENSGALG00010025665
CUX2	CUX2
TAS2R40	TAS2R40
ENSGALG00010025668	ENSGALG00010025668
ENSGALG00010025669	ENSGALG00010025669
ENSGALG00010025670	ENSGALG00010025670
ENSGALG00010025671	ENSGALG00010025671
ENSGALG00010025672	ENSGALG00010025672
ENSGALG00010025673	ENSGALG00010025673
GRB14	GRB14
ENSGALG00010025675	ENSGALG00010025675
ENSGALG00010025676	ENSGALG00010025676
ENSGALG00010025677	ENSGALG00010025677
ENSGALG00010025678	ENSGALG00010025678
ENSGALG00010025679	ENSGALG00010025679
ENSGALG00010025680	ENSGALG00010025680
ENSGALG00010025681	ENSGALG00010025681
ENSGALG00010025682	ENSGALG00010025682
ENSGALG00010025683	ENSGALG00010025683
ENSGALG00010025684	ENSGALG00010025684
NCKAP1L	NCKAP1L
ENSGALG00010025686	ENSGALG00010025686
ENSGALG00010025687	ENSGALG00010025687
BEST4	BEST4
ENSGALG00010025689	ENSGALG00010025689
ENSGALG00010025690	ENSGALG00010025690
ENSGALG00010025691	ENSGALG00010025691
ENSGALG00010025692	ENSGALG00010025692
ENSGALG00010025693	ENSGALG00010025693
ENSGALG00010025694	ENSGALG00010025694
ENSGALG00010025695	ENSGALG00010025695
MTCH1	MTCH1
ENSGALG00010025697	ENSGALG00010025697
ENSGALG00010025698	ENSGALG00010025698
ENSGALG00010025699	ENSGALG00010025699
ENSGALG00010025700	ENSGALG00010025700
ENSGALG00010025701	ENSGALG00010025701
GTSF2	GTSF2
UBASH3B	UBASH3B
ENSGALG00010025704	ENSGALG00010025704
ACSL3	ACSL3
ENSGALG00010025706	ENSGALG00010025706
ENSGALG00010025707	ENSGALG00010025707
HOXC8	HOXC8
ENSGALG00010025709	ENSGALG00010025709
ENSGALG00010025710	ENSGALG00010025710
ENSGALG00010025711	ENSGALG00010025711
ENSGALG00010025712	ENSGALG00010025712
ENSGALG00010025713	ENSGALG00010025713
ENSGALG00010025714	ENSGALG00010025714
ENSGALG00010025715	ENSGALG00010025715
ENSGALG00010025716	ENSGALG00010025716
ENSGALG00010025717	ENSGALG00010025717
ENSGALG00010025718	ENSGALG00010025718
HOXC11	HOXC11
FAM109A	FAM109A
ENSGALG00010025721	ENSGALG00010025721
ENSGALG00010025722	ENSGALG00010025722
SETD2	SETD2
ENSGALG00010025724	ENSGALG00010025724
ENSGALG00010025725	ENSGALG00010025725
ENSGALG00010025726	ENSGALG00010025726
GLI1	GLI1
ENSGALG00010025728	ENSGALG00010025728
ENSGALG00010025729	ENSGALG00010025729
ENSGALG00010025730	ENSGALG00010025730
ENSGALG00010025731	ENSGALG00010025731
ENSGALG00010025732	ENSGALG00010025732
ENSGALG00010025733	ENSGALG00010025733
PLK3	PLK3
ENSGALG00010025735	ENSGALG00010025735
KIF9	KIF9
C11orf24	C11orf24
SOX13	SOX13
ENSGALG00010025739	ENSGALG00010025739
ENSGALG00010025740	ENSGALG00010025740
ENSGALG00010025741	ENSGALG00010025741
ENSGALG00010025742	ENSGALG00010025742
SH2B3	SH2B3
ENSGALG00010025744	ENSGALG00010025744
COX14	COX14
ENSGALG00010025746	ENSGALG00010025746
ENSGALG00010025747	ENSGALG00010025747
ETNK2	ETNK2
ENSGALG00010025749	ENSGALG00010025749
ENSGALG00010025750	ENSGALG00010025750
ENSGALG00010025751	ENSGALG00010025751
ENSGALG00010025752	ENSGALG00010025752
SORL1	SORL1
ENSGALG00010025754	ENSGALG00010025754
ENSGALG00010025755	ENSGALG00010025755
ENSGALG00010025756	ENSGALG00010025756
ENSGALG00010025757	ENSGALG00010025757
ENSGALG00010025758	ENSGALG00010025758
SNORA50A - ENSGALG00010025759	SNORA50A - ENSGALG00010025759
ENSGALG00010025760	ENSGALG00010025760
SNORA50A - ENSGALG00010025761	SNORA50A - ENSGALG00010025761
ENSGALG00010025762	ENSGALG00010025762
ENSGALG00010025763	ENSGALG00010025763
U6 - ENSGALG00010025764	U6 - ENSGALG00010025764
ENSGALG00010025765	ENSGALG00010025765
ENSGALG00010025766	ENSGALG00010025766
ENSGALG00010025767	ENSGALG00010025767
gga-mir-12219	gga-mir-12219
ENSGALG00010025769	ENSGALG00010025769
gga-mir-1643	gga-mir-1643
ENSGALG00010025771	ENSGALG00010025771
ENSGALG00010025772	ENSGALG00010025772
gga-mir-1791	gga-mir-1791
ENSGALG00010025774	ENSGALG00010025774
gga-mir-138-2	gga-mir-138-2
ENSGALG00010025776	ENSGALG00010025776
gga-mir-1789	gga-mir-1789
ENSGALG00010025778	ENSGALG00010025778
ENSGALG00010025779	ENSGALG00010025779
ENSGALG00010025780	ENSGALG00010025780
ENSGALG00010025781	ENSGALG00010025781
ENSGALG00010025782	ENSGALG00010025782
ENSGALG00010025783	ENSGALG00010025783
ENSGALG00010025784	ENSGALG00010025784
ENSGALG00010025785	ENSGALG00010025785
ENSGALG00010025786	ENSGALG00010025786
KCNE4	KCNE4
ENSGALG00010025788	ENSGALG00010025788
ENSGALG00010025789	ENSGALG00010025789
LRP5	LRP5
FIGN	FIGN
ENSGALG00010025792	ENSGALG00010025792
ENSGALG00010025793	ENSGALG00010025793
ENSGALG00010025794	ENSGALG00010025794
ENSGALG00010025795	ENSGALG00010025795
ENSGALG00010025796	ENSGALG00010025796
ENSGALG00010025797	ENSGALG00010025797
ENSGALG00010025798	ENSGALG00010025798
SC5D	SC5D
ARL2BP	ARL2BP
PTPN7	PTPN7
ENSGALG00010025802	ENSGALG00010025802
ENSGALG00010025803	ENSGALG00010025803
ENSGALG00010025804	ENSGALG00010025804
ATXN2	ATXN2
TECTA	TECTA
ENSGALG00010025807	ENSGALG00010025807
ENSGALG00010025808	ENSGALG00010025808
ENSGALG00010025809	ENSGALG00010025809
ENSGALG00010025810	ENSGALG00010025810
ENSGALG00010025811	ENSGALG00010025811
ENSGALG00010025812	ENSGALG00010025812
ENSGALG00010025813	ENSGALG00010025813
ENSGALG00010025814	ENSGALG00010025814
ENSGALG00010025815	ENSGALG00010025815
EVX2	EVX2
DYNLT4	DYNLT4
ENSGALG00010025818	ENSGALG00010025818
ENSGALG00010025819	ENSGALG00010025819
ENSGALG00010025820	ENSGALG00010025820
ENSGALG00010025821	ENSGALG00010025821
KLF7	KLF7
ENSGALG00010025823	ENSGALG00010025823
ENSGALG00010025824	ENSGALG00010025824
ENSGALG00010025825	ENSGALG00010025825
ENSGALG00010025826	ENSGALG00010025826
ENSGALG00010025827	ENSGALG00010025827
ENSGALG00010025828	ENSGALG00010025828
ENSGALG00010025829	ENSGALG00010025829
TBCEL	TBCEL
BRAP	BRAP
ENKD1	ENKD1
ENSGALG00010025833	ENSGALG00010025833
ENSGALG00010025834	ENSGALG00010025834
PPP6R3	PPP6R3
ENSGALG00010025836	ENSGALG00010025836
ENSGALG00010025837	ENSGALG00010025837
ENSGALG00010025838	ENSGALG00010025838
ENSGALG00010025839	ENSGALG00010025839
ENSGALG00010025840	ENSGALG00010025840
ENSGALG00010025841	ENSGALG00010025841
ENSGALG00010025842	ENSGALG00010025842
ENSGALG00010025843	ENSGALG00010025843
ENSGALG00010025844	ENSGALG00010025844
ENSGALG00010025845	ENSGALG00010025845
GRIK4	GRIK4
DEF6	DEF6
ENSGALG00010025848	ENSGALG00010025848
OBSCN	OBSCN
ENSGALG00010025850	ENSGALG00010025850
ENSGALG00010025851	ENSGALG00010025851
BTBD19	BTBD19
ENSGALG00010025853	ENSGALG00010025853
ENSGALG00010025854	ENSGALG00010025854
CPO	CPO
ENSGALG00010025856	ENSGALG00010025856
ENSGALG00010025857	ENSGALG00010025857
ENSGALG00010025858	ENSGALG00010025858
ENSGALG00010025859	ENSGALG00010025859
ENSGALG00010025860	ENSGALG00010025860
ENSGALG00010025861	ENSGALG00010025861
PTCH2	PTCH2
ENSGALG00010025863	ENSGALG00010025863
ENSGALG00010025864	ENSGALG00010025864
LGR6	LGR6
ENSGALG00010025866	ENSGALG00010025866
ENSGALG00010025867	ENSGALG00010025867
ENSGALG00010025868	ENSGALG00010025868
FASTKD2	FASTKD2
ENSGALG00010025870	ENSGALG00010025870
ENSGALG00010025871	ENSGALG00010025871
ENSGALG00010025872	ENSGALG00010025872
ENSGALG00010025873	ENSGALG00010025873
MDH1B	MDH1B
ENSGALG00010025875	ENSGALG00010025875
ENSGALG00010025876	ENSGALG00010025876
ENSGALG00010025877	ENSGALG00010025877
ENSGALG00010025878	ENSGALG00010025878
ENSGALG00010025879	ENSGALG00010025879
ENSGALG00010025880	ENSGALG00010025880
GAL	GAL
LDHD	LDHD
ENSGALG00010025883	ENSGALG00010025883
ENSGALG00010025884	ENSGALG00010025884
ENSGALG00010025885	ENSGALG00010025885
ALDH2	ALDH2
ZNF76	ZNF76
ENSGALG00010025888	ENSGALG00010025888
TESMIN	TESMIN
SCG2	SCG2
NUP93	NUP93
ZC3H11A	ZC3H11A
ENSGALG00010025893	ENSGALG00010025893
DYTN	DYTN
ENSGALG00010025895	ENSGALG00010025895
ENSGALG00010025896	ENSGALG00010025896
MAPKAPK5	MAPKAPK5
ENSGALG00010025898	ENSGALG00010025898
ENSGALG00010025899	ENSGALG00010025899
FAM237A	FAM237A
ENSGALG00010025901	ENSGALG00010025901
ENSGALG00010025902	ENSGALG00010025902
ENSGALG00010025903	ENSGALG00010025903
RPL10A	RPL10A
CPT1A	CPT1A
ENSGALG00010025906	ENSGALG00010025906
ARHGEF12	ARHGEF12
ENSGALG00010025908	ENSGALG00010025908
ENSGALG00010025909	ENSGALG00010025909
HEATR3	HEATR3
SNORD59A	SNORD59A
gga-mir-7477	gga-mir-7477
EIF2B3	EIF2B3
ENSGALG00010025914	ENSGALG00010025914
gga-mir-12287	gga-mir-12287
gga-mir-196-3	gga-mir-196-3
SCUBE3	SCUBE3
gga-mir-12267	gga-mir-12267
RGS9BP	RGS9BP
GTSF1	GTSF1
gga-mir-148b	gga-mir-148b
ENSGALG00010025922	ENSGALG00010025922
gga-mir-6619	gga-mir-6619
TMEM116	TMEM116
KLHL18	KLHL18
ENSGALG00010025926	ENSGALG00010025926
ENSGALG00010025927	ENSGALG00010025927
ENSGALG00010025928	ENSGALG00010025928
NELFE	NELFE
ENSGALG00010025930	ENSGALG00010025930
TMEM136	TMEM136
AP1S3	AP1S3
SKIC2	SKIC2
ENSGALG00010025934	ENSGALG00010025934
CATH3	CATH3
GOSR2	GOSR2
ENSGALG00010025937	ENSGALG00010025937
ERP29	ERP29
TMEM136-1	TMEM136-1
HECTD3	HECTD3
ENSGALG00010025941	ENSGALG00010025941
ENSGALG00010025942	ENSGALG00010025942
CATH1	CATH1
ENSGALG00010025944	ENSGALG00010025944
ENSGALG00010025945	ENSGALG00010025945
KRT5	KRT5
CATHB1	CATHB1
WNT9B	WNT9B
GPATCH1	GPATCH1
ENSGALG00010025950	ENSGALG00010025950
TBRG4	TBRG4
ENSGALG00010025952	ENSGALG00010025952
CCDC160	CCDC160
TUBA1A	TUBA1A
ENSGALG00010025955	ENSGALG00010025955
ENSGALG00010025956	ENSGALG00010025956
ENSGALG00010025957	ENSGALG00010025957
HOXC9	HOXC9
UROD	UROD
GPR1	GPR1
ENSGALG00010025961	ENSGALG00010025961
ENSGALG00010025962	ENSGALG00010025962
OAF	OAF
HOXC10	HOXC10
ENSGALG00010025965	ENSGALG00010025965
ENSGALG00010025966	ENSGALG00010025966
ENSGALG00010025967	ENSGALG00010025967
FADS2	FADS2
ENSGALG00010025969	ENSGALG00010025969
KLHL12	KLHL12
TRAFD1	TRAFD1
WNT3	WNT3
ENSGALG00010025973	ENSGALG00010025973
EEF1B2	EEF1B2
ENSGALG00010025975	ENSGALG00010025975
NAA25	NAA25
ENSGALG00010025977	ENSGALG00010025977
TRIM29	TRIM29
ENSGALG00010025979	ENSGALG00010025979
HECTD4	HECTD4
ENSGALG00010025981	ENSGALG00010025981
SERPINE2	SERPINE2
RNF26	RNF26
NDUFS1	NDUFS1
CHCHD10	CHCHD10
RAB3IL1	RAB3IL1
ENSGALG00010025987	ENSGALG00010025987
NSF	NSF
ENSGALG00010025989	ENSGALG00010025989
FAM124B	FAM124B
ENSGALG00010025991	ENSGALG00010025991
MMP11	MMP11
MEIOC	MEIOC
INO80D	INO80D
BEST1	BEST1
CUL3	CUL3
CCDC43	CCDC43
SMARCB1	SMARCB1
DBF4B	DBF4B
ENSGALG00010026000	ENSGALG00010026000
ANKS1A	ANKS1A
FTH1	FTH1
NECTIN1	NECTIN1
ENSGALG00010026004	ENSGALG00010026004
DERL3	DERL3
ITGA2B	ITGA2B
ENSGALG00010026007	ENSGALG00010026007
NRP2	NRP2
ENSGALG00010026009	ENSGALG00010026009
ZSWIM5	ZSWIM5
GJC2	GJC2
ENSGALG00010026012	ENSGALG00010026012
RABIF	RABIF
SOX14	SOX14
ENSGALG00010026015	ENSGALG00010026015
SLC2A11	SLC2A11
PLEKHM1	PLEKHM1
FOXL2	FOXL2
ENSGALG00010026019	ENSGALG00010026019
ENSGALG00010026020	ENSGALG00010026020
ENSGALG00010026021	ENSGALG00010026021
SCARNA10	SCARNA10
THY1	THY1
ENSGALG00010026024	ENSGALG00010026024
ENSGALG00010026025	ENSGALG00010026025
NEUROD1	NEUROD1
SLC2A11L1	SLC2A11L1
U7 - ENSGALG00010026028	U7 - ENSGALG00010026028
ENSGALG00010026029	ENSGALG00010026029
IBA57	IBA57
gga-mir-12212	gga-mir-12212
ENSGALG00010026032	ENSGALG00010026032
ENSGALG00010026033	ENSGALG00010026033
gga-mir-6609	gga-mir-6609
ENSGALG00010026035	ENSGALG00010026035
TUBA5	TUBA5
ENSGALG00010026037	ENSGALG00010026037
ENSGALG00010026038	ENSGALG00010026038
ENSGALG00010026039	ENSGALG00010026039
GUK1	GUK1
ENSGALG00010026041	ENSGALG00010026041
ENSGALG00010026042	ENSGALG00010026042
ENSGALG00010026043	ENSGALG00010026043
CERKL	CERKL
ENSGALG00010026045	ENSGALG00010026045
ENSGALG00010026046	ENSGALG00010026046
ENSGALG00010026047	ENSGALG00010026047
gga-mir-6606	gga-mir-6606
ENSGALG00010026049	ENSGALG00010026049
ENSGALG00010026050	ENSGALG00010026050
TAF11	TAF11
HOXB13	HOXB13
ENSGALG00010026053	ENSGALG00010026053
gga-mir-1727	gga-mir-1727
ENSGALG00010026055	ENSGALG00010026055
ENSGALG00010026056	ENSGALG00010026056
gga-mir-3539	gga-mir-3539
gga-let-7b	gga-let-7b
ENSGALG00010026059	ENSGALG00010026059
ENSGALG00010026060	ENSGALG00010026060
MPEG1	MPEG1
ITGA4	ITGA4
ENSGALG00010026063	ENSGALG00010026063
ENSGALG00010026064	ENSGALG00010026064
ENSGALG00010026065	ENSGALG00010026065
SELENOP2	SELENOP2
gga-let-7a-3	gga-let-7a-3
BLTP3A	BLTP3A
ENSGALG00010026069	ENSGALG00010026069
ENSGALG00010026070	ENSGALG00010026070
ENSGALG00010026071	ENSGALG00010026071
ENSGALG00010026072	ENSGALG00010026072
HPDL	HPDL
ENSGALG00010026074	ENSGALG00010026074
ENSGALG00010026075	ENSGALG00010026075
C2H1orf35	C2H1orf35
ENSGALG00010026077	ENSGALG00010026077
UBE2E3	UBE2E3
ENSGALG00010026079	ENSGALG00010026079
ENSGALG00010026080	ENSGALG00010026080
KPNA1	KPNA1
ENSGALG00010026082	ENSGALG00010026082
MUTYH	MUTYH
ENSGALG00010026084	ENSGALG00010026084
SLC2A11L4	SLC2A11L4
ENSGALG00010026086	ENSGALG00010026086
ENSGALG00010026087	ENSGALG00010026087
SNRPC	SNRPC
ENSGALG00010026089	ENSGALG00010026089
USP2	USP2
DTX4	DTX4
ENSGALG00010026092	ENSGALG00010026092
TOE1	TOE1
C6orf106	C6orf106
MIF	MIF
ENSGALG00010026096	ENSGALG00010026096
ARF1	ARF1
STAT3	STAT3
ENSGALG00010026099	ENSGALG00010026099
ENSGALG00010026100	ENSGALG00010026100
ENSGALG00010026101	ENSGALG00010026101
IPO9	IPO9
ENSGALG00010026103	ENSGALG00010026103
DDX51	DDX51
CNTF	CNTF
TESK2	TESK2
ENSGALG00010026107	ENSGALG00010026107
ENSGALG00010026108	ENSGALG00010026108
SPDEF	SPDEF
ENSGALG00010026110	ENSGALG00010026110
ENSGALG00010026111	ENSGALG00010026111
ZFP91	ZFP91
MFRP	MFRP
CWC22	CWC22
MMACHC	MMACHC
DLX3	DLX3
LZTR1	LZTR1
ENSGALG00010026118	ENSGALG00010026118
ENSGALG00010026119	ENSGALG00010026119
C1QTNF5	C1QTNF5
GSTT1L	GSTT1L
NEUROD2	NEUROD2
ENSGALG00010026123	ENSGALG00010026123
PACSIN1	PACSIN1
ENSGALG00010026125	ENSGALG00010026125
ENSGALG00010026126	ENSGALG00010026126
ENSGALG00010026127	ENSGALG00010026127
PRDX1	PRDX1
ENSGALG00010026129	ENSGALG00010026129
ENSGALG00010026130	ENSGALG00010026130
ENSGALG00010026131	ENSGALG00010026131
DDTL	DDTL
ENSGALG00010026133	ENSGALG00010026133
ENSGALG00010026134	ENSGALG00010026134
ENSGALG00010026135	ENSGALG00010026135
ENSGALG00010026136	ENSGALG00010026136
LPXN	LPXN
ENSGALG00010026138	ENSGALG00010026138
ENSGALG00010026139	ENSGALG00010026139
ENSGALG00010026140	ENSGALG00010026140
WNT3A	WNT3A
ENSGALG00010026142	ENSGALG00010026142
RNPEP	RNPEP
ENSGALG00010026144	ENSGALG00010026144
ENSGALG00010026145	ENSGALG00010026145
ENSGALG00010026146	ENSGALG00010026146
ENSGALG00010026147	ENSGALG00010026147
RPS10	RPS10
LASP1	LASP1
ENSGALG00010026150	ENSGALG00010026150
ENSGALG00010026151	ENSGALG00010026151
ENSGALG00010026152	ENSGALG00010026152
ENSGALG00010026153	ENSGALG00010026153
ZNF385B	ZNF385B
ENSGALG00010026155	ENSGALG00010026155
ENSGALG00010026156	ENSGALG00010026156
ENSGALG00010026157	ENSGALG00010026157
ENSGALG00010026158	ENSGALG00010026158
ENSGALG00010026159	ENSGALG00010026159
ENSGALG00010026160	ENSGALG00010026160
ENSGALG00010026161	ENSGALG00010026161
MED1	MED1
CTNND1	CTNND1
ENSGALG00010026164	ENSGALG00010026164
ENSGALG00010026165	ENSGALG00010026165
WNT9A	WNT9A
CABIN1	CABIN1
ENSGALG00010026168	ENSGALG00010026168
ENSGALG00010026169	ENSGALG00010026169
ENSGALG00010026170	ENSGALG00010026170
ENSGALG00010026171	ENSGALG00010026171
ENSGALG00010026172	ENSGALG00010026172
CDK12	CDK12
ENSGALG00010026174	ENSGALG00010026174
ENSGALG00010026175	ENSGALG00010026175
ENSGALG00010026176	ENSGALG00010026176
ENSGALG00010026177	ENSGALG00010026177
ENSGALG00010026178	ENSGALG00010026178
ENSGALG00010026179	ENSGALG00010026179
ENSGALG00010026180	ENSGALG00010026180
ENSGALG00010026181	ENSGALG00010026181
ENSGALG00010026182	ENSGALG00010026182
SESTD1	SESTD1
NUDT3	NUDT3
ENSGALG00010026185	ENSGALG00010026185
ENSGALG00010026186	ENSGALG00010026186
ENSGALG00010026187	ENSGALG00010026187
ENSGALG00010026188	ENSGALG00010026188
ENSGALG00010026189	ENSGALG00010026189
ENSGALG00010026190	ENSGALG00010026190
ENSGALG00010026191	ENSGALG00010026191
SMIM29	SMIM29
ENSGALG00010026193	ENSGALG00010026193
ENSGALG00010026194	ENSGALG00010026194
ENSGALG00010026195	ENSGALG00010026195
ENSGALG00010026196	ENSGALG00010026196
ENSGALG00010026197	ENSGALG00010026197
ENSGALG00010026198	ENSGALG00010026198
TBX6	TBX6
ENSGALG00010026200	ENSGALG00010026200
ENSGALG00010026201	ENSGALG00010026201
ENSGALG00010026202	ENSGALG00010026202
TMX2	TMX2
ENSGALG00010026204	ENSGALG00010026204
ENSGALG00010026205	ENSGALG00010026205
ENSGALG00010026206	ENSGALG00010026206
ENSGALG00010026207	ENSGALG00010026207
ENSGALG00010026208	ENSGALG00010026208
MED19	MED19
ENSGALG00010026210	ENSGALG00010026210
ENSGALG00010026211	ENSGALG00010026211
ENSGALG00010026212	ENSGALG00010026212
AKR1A1	AKR1A1
ENSGALG00010026214	ENSGALG00010026214
ENSGALG00010026215	ENSGALG00010026215
ENSGALG00010026216	ENSGALG00010026216
ENSGALG00010026217	ENSGALG00010026217
FTSJ3	FTSJ3
ENSGALG00010026219	ENSGALG00010026219
ENSGALG00010026220	ENSGALG00010026220
CRKL	CRKL
ENSGALG00010026222	ENSGALG00010026222
ENSGALG00010026223	ENSGALG00010026223
ENSGALG00010026224	ENSGALG00010026224
ENSGALG00010026225	ENSGALG00010026225
ENSGALG00010026226	ENSGALG00010026226
ENSGALG00010026227	ENSGALG00010026227
ENSGALG00010026228	ENSGALG00010026228
CRHR2	CRHR2
ENSGALG00010026230	ENSGALG00010026230
ENSGALG00010026231	ENSGALG00010026231
PSMC5	PSMC5
ENSGALG00010026233	ENSGALG00010026233
ZDHHC5	ZDHHC5
ENSGALG00010026235	ENSGALG00010026235
ENSGALG00010026236	ENSGALG00010026236
KLHL22	KLHL22
ENSGALG00010026238	ENSGALG00010026238
GIP	GIP
ENSGALG00010026240	ENSGALG00010026240
ENSGALG00010026241	ENSGALG00010026241
CCDC141	CCDC141
ENSGALG00010026243	ENSGALG00010026243
CLP1	CLP1
ENSGALG00010026245	ENSGALG00010026245
ENSGALG00010026246	ENSGALG00010026246
ENSGALG00010026247	ENSGALG00010026247
ENSGALG00010026248	ENSGALG00010026248
YPEL4	YPEL4
ENSGALG00010026250	ENSGALG00010026250
ENSGALG00010026251	ENSGALG00010026251
ENO2	ENO2
ENSGALG00010026253	ENSGALG00010026253
ENSGALG00010026254	ENSGALG00010026254
ENSGALG00010026255	ENSGALG00010026255
ENSGALG00010026256	ENSGALG00010026256
ENSGALG00010026257	ENSGALG00010026257
ENSGALG00010026258	ENSGALG00010026258
MED15	MED15
ENSGALG00010026260	ENSGALG00010026260
TTC30B	TTC30B
NAV1	NAV1
ENSGALG00010026263	ENSGALG00010026263
FZD7	FZD7
ENSGALG00010026265	ENSGALG00010026265
ENSGALG00010026266	ENSGALG00010026266
ENSGALG00010026267	ENSGALG00010026267
GARS1	GARS1
ENSGALG00010026269	ENSGALG00010026269
ENSGALG00010026270	ENSGALG00010026270
ENSGALG00010026271	ENSGALG00010026271
LRRC58	LRRC58
ENSGALG00010026273	ENSGALG00010026273
ENSGALG00010026274	ENSGALG00010026274
ENSGALG00010026275	ENSGALG00010026275
ENSGALG00010026276	ENSGALG00010026276
SMARCD2	SMARCD2
ENSGALG00010026278	ENSGALG00010026278
ENSGALG00010026279	ENSGALG00010026279
ENSGALG00010026280	ENSGALG00010026280
ENSGALG00010026281	ENSGALG00010026281
ENSGALG00010026282	ENSGALG00010026282
ENSGALG00010026283	ENSGALG00010026283
ENSGALG00010026284	ENSGALG00010026284
ENSGALG00010026285	ENSGALG00010026285
ENSGALG00010026286	ENSGALG00010026286
NASP	NASP
ENSGALG00010026288	ENSGALG00010026288
ENSGALG00010026289	ENSGALG00010026289
ENSGALG00010026290	ENSGALG00010026290
SERPING1	SERPING1
ENSGALG00010026292	ENSGALG00010026292
ENSGALG00010026293	ENSGALG00010026293
ENSGALG00010026294	ENSGALG00010026294
SMPD4	SMPD4
ENSGALG00010026296	ENSGALG00010026296
ENSGALG00010026297	ENSGALG00010026297
SNF8	SNF8
ENSGALG00010026299	ENSGALG00010026299
HMGA1	HMGA1
ENSGALG00010026301	ENSGALG00010026301
ENSGALG00010026302	ENSGALG00010026302
ENSGALG00010026303	ENSGALG00010026303
ENSGALG00010026304	ENSGALG00010026304
ATP5MC1	ATP5MC1
ENSGALG00010026306	ENSGALG00010026306
ENSGALG00010026307	ENSGALG00010026307
ENSGALG00010026308	ENSGALG00010026308
ENSGALG00010026309	ENSGALG00010026309
ENSGALG00010026310	ENSGALG00010026310
ENSGALG00010026311	ENSGALG00010026311
ENSGALG00010026312	ENSGALG00010026312
ENSGALG00010026313	ENSGALG00010026313
ENSGALG00010026314	ENSGALG00010026314
SYT2	SYT2
ENSGALG00010026316	ENSGALG00010026316
ENSGALG00010026317	ENSGALG00010026317
ENSGALG00010026318	ENSGALG00010026318
ENSGALG00010026319	ENSGALG00010026319
ENSGALG00010026320	ENSGALG00010026320
GPBP1L1	GPBP1L1
ENSGALG00010026322	ENSGALG00010026322
ENSGALG00010026323	ENSGALG00010026323
ENSGALG00010026324	ENSGALG00010026324
TMEM69	TMEM69
ENSGALG00010026326	ENSGALG00010026326
ENSGALG00010026327	ENSGALG00010026327
ENSGALG00010026328	ENSGALG00010026328
ENSGALG00010026329	ENSGALG00010026329
ENSGALG00010026330	ENSGALG00010026330
ENSGALG00010026331	ENSGALG00010026331
ENSGALG00010026332	ENSGALG00010026332
ENSGALG00010026333	ENSGALG00010026333
ENSGALG00010026334	ENSGALG00010026334
IPP	IPP
ENSGALG00010026336	ENSGALG00010026336
ENSGALG00010026337	ENSGALG00010026337
ENSGALG00010026338	ENSGALG00010026338
ENSGALG00010026339	ENSGALG00010026339
ENSGALG00010026340	ENSGALG00010026340
ENSGALG00010026341	ENSGALG00010026341
ENSGALG00010026342	ENSGALG00010026342
ENSGALG00010026343	ENSGALG00010026343
TIMM10	TIMM10
ENSGALG00010026345	ENSGALG00010026345
FZD2	FZD2
ENSGALG00010026347	ENSGALG00010026347
ENSGALG00010026348	ENSGALG00010026348
ENSGALG00010026349	ENSGALG00010026349
ENSGALG00010026350	ENSGALG00010026350
ENSGALG00010026351	ENSGALG00010026351
ENSGALG00010026352	ENSGALG00010026352
ENSGALG00010026353	ENSGALG00010026353
ENSGALG00010026354	ENSGALG00010026354
PPP1R12B	PPP1R12B
ENSGALG00010026356	ENSGALG00010026356
ENSGALG00010026357	ENSGALG00010026357
ENSGALG00010026358	ENSGALG00010026358
ENSGALG00010026359	ENSGALG00010026359
CTDSPL	CTDSPL
ENSGALG00010026361	ENSGALG00010026361
GGT2	GGT2
FAM187A	FAM187A
ENSGALG00010026364	ENSGALG00010026364
ENSGALG00010026365	ENSGALG00010026365
ENSGALG00010026366	ENSGALG00010026366
RBP	RBP
ENSGALG00010026368	ENSGALG00010026368
SNORD14 - ENSGALG00010026369	SNORD14 - ENSGALG00010026369
ENSGALG00010026370	ENSGALG00010026370
SNORD14 - ENSGALG00010026371	SNORD14 - ENSGALG00010026371
ENSGALG00010026372	ENSGALG00010026372
ENSGALG00010026373	ENSGALG00010026373
SNORD14 - ENSGALG00010026374	SNORD14 - ENSGALG00010026374
ENSGALG00010026375	ENSGALG00010026375
ENSGALG00010026376	ENSGALG00010026376
LRRC75B	LRRC75B
ENSGALG00010026378	ENSGALG00010026378
ENSGALG00010026379	ENSGALG00010026379
gga-mir-1667	gga-mir-1667
ENSGALG00010026381	ENSGALG00010026381
ENSGALG00010026382	ENSGALG00010026382
ENSGALG00010026383	ENSGALG00010026383
gga-mir-34c	gga-mir-34c
ENSGALG00010026385	ENSGALG00010026385
ENSGALG00010026386	ENSGALG00010026386
gga-mir-1758	gga-mir-1758
SNRPD3	SNRPD3
gga-mir-1807	gga-mir-1807
ENSGALG00010026390	ENSGALG00010026390
ENSGALG00010026391	ENSGALG00010026391
ENSGALG00010026392	ENSGALG00010026392
SLC43A3	SLC43A3
gga-mir-100	gga-mir-100
ENSGALG00010026395	ENSGALG00010026395
ENSGALG00010026396	ENSGALG00010026396
ENSGALG00010026397	ENSGALG00010026397
ENSGALG00010026398	ENSGALG00010026398
gga-mir-34b	gga-mir-34b
ENSGALG00010026400	ENSGALG00010026400
ENSGALG00010026401	ENSGALG00010026401
TFEB	TFEB
GUCD1	GUCD1
gga-mir-12249	gga-mir-12249
ENSGALG00010026405	ENSGALG00010026405
gga-mir-1601	gga-mir-1601
ENSGALG00010026407	ENSGALG00010026407
ENSGALG00010026408	ENSGALG00010026408
VILL	VILL
ENSGALG00010026410	ENSGALG00010026410
gga-mir-12250	gga-mir-12250
ENSGALG00010026412	ENSGALG00010026412
gga-mir-6671	gga-mir-6671
ENSGALG00010026414	ENSGALG00010026414
ENSGALG00010026415	ENSGALG00010026415
ENSGALG00010026416	ENSGALG00010026416
ENSGALG00010026417	ENSGALG00010026417
ENSGALG00010026418	ENSGALG00010026418
ENSGALG00010026419	ENSGALG00010026419
ENSGALG00010026420	ENSGALG00010026420
ENSGALG00010026421	ENSGALG00010026421
P2RX3	P2RX3
gga-mir-125b-1	gga-mir-125b-1
ENSGALG00010026424	ENSGALG00010026424
ENSGALG00010026425	ENSGALG00010026425
5S_rRNA - ENSGALG00010026426	5S_rRNA - ENSGALG00010026426
PGC	PGC
5S_rRNA - ENSGALG00010026428	5S_rRNA - ENSGALG00010026428
ENSGALG00010026429	ENSGALG00010026429
5S_rRNA - ENSGALG00010026430	5S_rRNA - ENSGALG00010026430
ENSGALG00010026431	ENSGALG00010026431
ENSGALG00010026432	ENSGALG00010026432
VPS11	VPS11
ENSGALG00010026434	ENSGALG00010026434
5S_rRNA - ENSGALG00010026435	5S_rRNA - ENSGALG00010026435
PLCD1	PLCD1
5S_rRNA - ENSGALG00010026437	5S_rRNA - ENSGALG00010026437
TOMM6	TOMM6
ENSGALG00010026439	ENSGALG00010026439
ENSGALG00010026440	ENSGALG00010026440
5S_rRNA - ENSGALG00010026441	5S_rRNA - ENSGALG00010026441
ENSGALG00010026442	ENSGALG00010026442
UPB1	UPB1
5S_rRNA - ENSGALG00010026444	5S_rRNA - ENSGALG00010026444
5S_rRNA - ENSGALG00010026445	5S_rRNA - ENSGALG00010026445
ENSGALG00010026446	ENSGALG00010026446
ENSGALG00010026447	ENSGALG00010026447
ADORA2A	ADORA2A
5S_rRNA - ENSGALG00010026449	5S_rRNA - ENSGALG00010026449
ENSGALG00010026450	ENSGALG00010026450
5S_rRNA - ENSGALG00010026451	5S_rRNA - ENSGALG00010026451
5S_rRNA - ENSGALG00010026452	5S_rRNA - ENSGALG00010026452
LASP1NB	LASP1NB
ENSGALG00010026454	ENSGALG00010026454
5S_rRNA - ENSGALG00010026455	5S_rRNA - ENSGALG00010026455
ENSGALG00010026456	ENSGALG00010026456
SSRP1	SSRP1
DLEC1	DLEC1
ENSGALG00010026459	ENSGALG00010026459
5S_rRNA - ENSGALG00010026460	5S_rRNA - ENSGALG00010026460
ENSGALG00010026461	ENSGALG00010026461
5S_rRNA - ENSGALG00010026462	5S_rRNA - ENSGALG00010026462
ENSGALG00010026463	ENSGALG00010026463
ENSGALG00010026464	ENSGALG00010026464
ENSGALG00010026465	ENSGALG00010026465
ENSGALG00010026466	ENSGALG00010026466
ENSGALG00010026467	ENSGALG00010026467
5S_rRNA - ENSGALG00010026468	5S_rRNA - ENSGALG00010026468
ENSGALG00010026469	ENSGALG00010026469
ENSGALG00010026470	ENSGALG00010026470
5S_rRNA - ENSGALG00010026471	5S_rRNA - ENSGALG00010026471
ENSGALG00010026472	ENSGALG00010026472
5S_rRNA - ENSGALG00010026473	5S_rRNA - ENSGALG00010026473
ENSGALG00010026474	ENSGALG00010026474
5S_rRNA - ENSGALG00010026475	5S_rRNA - ENSGALG00010026475
5S_rRNA - ENSGALG00010026476	5S_rRNA - ENSGALG00010026476
5S_rRNA - ENSGALG00010026477	5S_rRNA - ENSGALG00010026477
ENSGALG00010026478	ENSGALG00010026478
ENSGALG00010026479	ENSGALG00010026479
USP49	USP49
DIXDC1	DIXDC1
5S_rRNA - ENSGALG00010026482	5S_rRNA - ENSGALG00010026482
ENSGALG00010026483	ENSGALG00010026483
TNKS1BP1	TNKS1BP1
ACAA1	ACAA1
5S_rRNA - ENSGALG00010026486	5S_rRNA - ENSGALG00010026486
ENSGALG00010026487	ENSGALG00010026487
ENSGALG00010026488	ENSGALG00010026488
5S_rRNA - ENSGALG00010026489	5S_rRNA - ENSGALG00010026489
ENSGALG00010026490	ENSGALG00010026490
5S_rRNA - ENSGALG00010026491	5S_rRNA - ENSGALG00010026491
SPECC1L	SPECC1L
ENSGALG00010026493	ENSGALG00010026493
ENSGALG00010026494	ENSGALG00010026494
ENSGALG00010026495	ENSGALG00010026495
5S_rRNA - ENSGALG00010026496	5S_rRNA - ENSGALG00010026496
ENSGALG00010026497	ENSGALG00010026497
ENSGALG00010026498	ENSGALG00010026498
5S_rRNA - ENSGALG00010026499	5S_rRNA - ENSGALG00010026499
ENSGALG00010026500	ENSGALG00010026500
5S_rRNA - ENSGALG00010026501	5S_rRNA - ENSGALG00010026501
ENSGALG00010026502	ENSGALG00010026502
ENSGALG00010026503	ENSGALG00010026503
5S_rRNA - ENSGALG00010026504	5S_rRNA - ENSGALG00010026504
5S_rRNA - ENSGALG00010026505	5S_rRNA - ENSGALG00010026505
ENSGALG00010026506	ENSGALG00010026506
APLNR	APLNR
CSRP1	CSRP1
5S_rRNA - ENSGALG00010026509	5S_rRNA - ENSGALG00010026509
ENSGALG00010026510	ENSGALG00010026510
5S_rRNA - ENSGALG00010026511	5S_rRNA - ENSGALG00010026511
ENSGALG00010026512	ENSGALG00010026512
ENSGALG00010026513	ENSGALG00010026513
ENSGALG00010026514	ENSGALG00010026514
ENSGALG00010026515	ENSGALG00010026515
ENSGALG00010026516	ENSGALG00010026516
ENSGALG00010026517	ENSGALG00010026517
5S_rRNA - ENSGALG00010026518	5S_rRNA - ENSGALG00010026518
ENSGALG00010026519	ENSGALG00010026519
ENSGALG00010026520	ENSGALG00010026520
5S_rRNA - ENSGALG00010026521	5S_rRNA - ENSGALG00010026521
MED20	MED20
LRRC55	LRRC55
ENSGALG00010026524	ENSGALG00010026524
5S_rRNA - ENSGALG00010026525	5S_rRNA - ENSGALG00010026525
ENSGALG00010026526	ENSGALG00010026526
ENSGALG00010026527	ENSGALG00010026527
5S_rRNA - ENSGALG00010026528	5S_rRNA - ENSGALG00010026528
ENSGALG00010026529	ENSGALG00010026529
5S_rRNA - ENSGALG00010026530	5S_rRNA - ENSGALG00010026530
ENSGALG00010026531	ENSGALG00010026531
ENSGALG00010026532	ENSGALG00010026532
5S_rRNA - ENSGALG00010026533	5S_rRNA - ENSGALG00010026533
ENSGALG00010026534	ENSGALG00010026534
5S_rRNA - ENSGALG00010026535	5S_rRNA - ENSGALG00010026535
BCR	BCR
FJX1	FJX1
ENSGALG00010026538	ENSGALG00010026538
ENSGALG00010026539	ENSGALG00010026539
5S_rRNA - ENSGALG00010026540	5S_rRNA - ENSGALG00010026540
ENSGALG00010026541	ENSGALG00010026541
ENSGALG00010026542	ENSGALG00010026542
ENSGALG00010026543	ENSGALG00010026543
gga-mir-1704	gga-mir-1704
ENSGALG00010026545	ENSGALG00010026545
ENSGALG00010026546	ENSGALG00010026546
gga-mir-1741	gga-mir-1741
ENSGALG00010026548	ENSGALG00010026548
ENSGALG00010026549	ENSGALG00010026549
MYD88	MYD88
gga-mir-12283	gga-mir-12283
ENSGALG00010026552	ENSGALG00010026552
PLPP3	PLPP3
gga-mir-7475	gga-mir-7475
ENSGALG00010026555	ENSGALG00010026555
ENSGALG00010026556	ENSGALG00010026556
gga-mir-1577	gga-mir-1577
ENSGALG00010026558	ENSGALG00010026558
RAB36	RAB36
TNNI1	TNNI1
gga-mir-1630	gga-mir-1630
ENSGALG00010026562	ENSGALG00010026562
ENSGALG00010026563	ENSGALG00010026563
ENSGALG00010026564	ENSGALG00010026564
RSPH14	RSPH14
ENSGALG00010026566	ENSGALG00010026566
ENSGALG00010026567	ENSGALG00010026567
BYSL	BYSL
GNAZ	GNAZ
ENSGALG00010026570	ENSGALG00010026570
ENSGALG00010026571	ENSGALG00010026571
ENSGALG00010026572	ENSGALG00010026572
ENSGALG00010026573	ENSGALG00010026573
ENSGALG00010026574	ENSGALG00010026574
ENSGALG00010026575	ENSGALG00010026575
ENSGALG00010026576	ENSGALG00010026576
ENSGALG00010026577	ENSGALG00010026577
ENSGALG00010026578	ENSGALG00010026578
ENSGALG00010026579	ENSGALG00010026579
ENSGALG00010026580	ENSGALG00010026580
DNER	DNER
ENSGALG00010026582	ENSGALG00010026582
ENSGALG00010026583	ENSGALG00010026583
OXSR1	OXSR1
ENSGALG00010026585	ENSGALG00010026585
ENSGALG00010026586	ENSGALG00010026586
ENSGALG00010026587	ENSGALG00010026587
CCND3	CCND3
ENSGALG00010026589	ENSGALG00010026589
ENSGALG00010026590	ENSGALG00010026590
ENSGALG00010026591	ENSGALG00010026591
ENSGALG00010026592	ENSGALG00010026592
ENSGALG00010026593	ENSGALG00010026593
ENSGALG00010026594	ENSGALG00010026594
PRKAA2	PRKAA2
ENSGALG00010026596	ENSGALG00010026596
ENSGALG00010026597	ENSGALG00010026597
ENSGALG00010026598	ENSGALG00010026598
ENSGALG00010026599	ENSGALG00010026599
ENSGALG00010026600	ENSGALG00010026600
ENSGALG00010026601	ENSGALG00010026601
ENSGALG00010026602	ENSGALG00010026602
ENSGALG00010026603	ENSGALG00010026603
ENSGALG00010026604	ENSGALG00010026604
ENSGALG00010026605	ENSGALG00010026605
ENSGALG00010026606	ENSGALG00010026606
ENSGALG00010026607	ENSGALG00010026607
ENSGALG00010026608	ENSGALG00010026608
ENSGALG00010026609	ENSGALG00010026609
ENSGALG00010026610	ENSGALG00010026610
ENSGALG00010026611	ENSGALG00010026611
MFF	MFF
ENSGALG00010026613	ENSGALG00010026613
ENSGALG00010026614	ENSGALG00010026614
ENSGALG00010026615	ENSGALG00010026615
ENSGALG00010026616	ENSGALG00010026616
ENSGALG00010026617	ENSGALG00010026617
ENSGALG00010026618	ENSGALG00010026618
ENSGALG00010026619	ENSGALG00010026619
ENSGALG00010026620	ENSGALG00010026620
ENSGALG00010026621	ENSGALG00010026621
ENSGALG00010026622	ENSGALG00010026622
ENSGALG00010026623	ENSGALG00010026623
ENSGALG00010026624	ENSGALG00010026624
ENSGALG00010026625	ENSGALG00010026625
ENSGALG00010026626	ENSGALG00010026626
ENSGALG00010026627	ENSGALG00010026627
ENSGALG00010026628	ENSGALG00010026628
ENSGALG00010026629	ENSGALG00010026629
XIRP1	XIRP1
ENSGALG00010026631	ENSGALG00010026631
ENSGALG00010026632	ENSGALG00010026632
SLC5A1	SLC5A1
ENSGALG00010026634	ENSGALG00010026634
C8A	C8A
ENSGALG00010026636	ENSGALG00010026636
ENSGALG00010026637	ENSGALG00010026637
LAD1	LAD1
ENSGALG00010026639	ENSGALG00010026639
ENSGALG00010026640	ENSGALG00010026640
ENSGALG00010026641	ENSGALG00010026641
ENSGALG00010026642	ENSGALG00010026642
YWHAH	YWHAH
SNORD11B	SNORD11B
ENSGALG00010026645	ENSGALG00010026645
ENSGALG00010026646	ENSGALG00010026646
ENSGALG00010026647	ENSGALG00010026647
ENSGALG00010026648	ENSGALG00010026648
ENSGALG00010026649	ENSGALG00010026649
gga-mir-10a	gga-mir-10a
gga-mir-1733	gga-mir-1733
ENSGALG00010026652	ENSGALG00010026652
ENSGALG00010026653	ENSGALG00010026653
gga-mir-12257	gga-mir-12257
gga-mir-7474	gga-mir-7474
gga-mir-1735	gga-mir-1735
gga-mir-1591	gga-mir-1591
ENSGALG00010026658	ENSGALG00010026658
LIPH	LIPH
gga-mir-12254	gga-mir-12254
gga-mir-1713	gga-mir-1713
ENSGALG00010026662	ENSGALG00010026662
gga-mir-12256	gga-mir-12256
gga-mir-1570	gga-mir-1570
ENSGALG00010026665	ENSGALG00010026665
ENSGALG00010026666	ENSGALG00010026666
gga-mir-10b	gga-mir-10b
ENSGALG00010026668	ENSGALG00010026668
gga-mir-196-1	gga-mir-196-1
gga-mir-12255	gga-mir-12255
TAF8	TAF8
ENSGALG00010026672	ENSGALG00010026672
DEPDC5	DEPDC5
gga-mir-6695	gga-mir-6695
ENSGALG00010026675	ENSGALG00010026675
gga-mir-6547	gga-mir-6547
gga-mir-6663	gga-mir-6663
ENSGALG00010026678	ENSGALG00010026678
ENSGALG00010026679	ENSGALG00010026679
ENSGALG00010026680	ENSGALG00010026680
PLXDC1	PLXDC1
ENSGALG00010026682	ENSGALG00010026682
APLNR2	APLNR2
ENSGALG00010026684	ENSGALG00010026684
ENSGALG00010026685	ENSGALG00010026685
ENSGALG00010026686	ENSGALG00010026686
ENSGALG00010026687	ENSGALG00010026687
ENSGALG00010026688	ENSGALG00010026688
ENSGALG00010026689	ENSGALG00010026689
KRT14	KRT14
ENSGALG00010026691	ENSGALG00010026691
NMNAT3	NMNAT3
ENSGALG00010026693	ENSGALG00010026693
ADAM20L	ADAM20L
ENSGALG00010026695	ENSGALG00010026695
CSRNP1	CSRNP1
CHN1	CHN1
ENSGALG00010026698	ENSGALG00010026698
ENSGALG00010026699	ENSGALG00010026699
C8B	C8B
ENSGALG00010026701	ENSGALG00010026701
ENSGALG00010026702	ENSGALG00010026702
ENSGALG00010026703	ENSGALG00010026703
WDFY1	WDFY1
ENSGALG00010026705	ENSGALG00010026705
KRT24	KRT24
GORASP1	GORASP1
ENSGALG00010026708	ENSGALG00010026708
ENSGALG00010026709	ENSGALG00010026709
ENSGALG00010026710	ENSGALG00010026710
ENSGALG00010026711	ENSGALG00010026711
ENSGALG00010026712	ENSGALG00010026712
ENSGALG00010026713	ENSGALG00010026713
ENSGALG00010026714	ENSGALG00010026714
WDR48	WDR48
ENSGALG00010026716	ENSGALG00010026716
ENSGALG00010026717	ENSGALG00010026717
ENSGALG00010026718	ENSGALG00010026718
ENSGALG00010026719	ENSGALG00010026719
ENSGALG00010026720	ENSGALG00010026720
ENSGALG00010026721	ENSGALG00010026721
ENSGALG00010026722	ENSGALG00010026722
ENSGALG00010026723	ENSGALG00010026723
OLA1	OLA1
ENSGALG00010026725	ENSGALG00010026725
ENSGALG00010026726	ENSGALG00010026726
ENSGALG00010026727	ENSGALG00010026727
ENSGALG00010026728	ENSGALG00010026728
ENSGALG00010026729	ENSGALG00010026729
ENSGALG00010026730	ENSGALG00010026730
ENSGALG00010026731	ENSGALG00010026731
ENSGALG00010026732	ENSGALG00010026732
ENSGALG00010026733	ENSGALG00010026733
ENSGALG00010026734	ENSGALG00010026734
ENSGALG00010026735	ENSGALG00010026735
ENSGALG00010026736	ENSGALG00010026736
SCN11A	SCN11A
ENSGALG00010026738	ENSGALG00010026738
ENSGALG00010026739	ENSGALG00010026739
DAB1	DAB1
ENSGALG00010026741	ENSGALG00010026741
ENSGALG00010026742	ENSGALG00010026742
TNNT2	TNNT2
ENSGALG00010026744	ENSGALG00010026744
ENSGALG00010026745	ENSGALG00010026745
HOXD10	HOXD10
ENSGALG00010026747	ENSGALG00010026747
ENSGALG00010026748	ENSGALG00010026748
ENSGALG00010026749	ENSGALG00010026749
ENSGALG00010026750	ENSGALG00010026750
ENSGALG00010026751	ENSGALG00010026751
ENSGALG00010026752	ENSGALG00010026752
ENSGALG00010026753	ENSGALG00010026753
ENSGALG00010026754	ENSGALG00010026754
ENSGALG00010026755	ENSGALG00010026755
ENSGALG00010026756	ENSGALG00010026756
ENSGALG00010026757	ENSGALG00010026757
ENSGALG00010026758	ENSGALG00010026758
OMA1	OMA1
ENSGALG00010026760	ENSGALG00010026760
ENSGALG00010026761	ENSGALG00010026761
ENSGALG00010026762	ENSGALG00010026762
ENSGALG00010026763	ENSGALG00010026763
ENSGALG00010026764	ENSGALG00010026764
ENSGALG00010026765	ENSGALG00010026765
ENSGALG00010026766	ENSGALG00010026766
PIFO	PIFO
ENSGALG00010026768	ENSGALG00010026768
ENSGALG00010026769	ENSGALG00010026769
ENSGALG00010026770	ENSGALG00010026770
ENSGALG00010026771	ENSGALG00010026771
ENSGALG00010026772	ENSGALG00010026772
ENSGALG00010026773	ENSGALG00010026773
ENSGALG00010026774	ENSGALG00010026774
BTG2	BTG2
ENSGALG00010026776	ENSGALG00010026776
ENSGALG00010026777	ENSGALG00010026777
ENSGALG00010026778	ENSGALG00010026778
ENSGALG00010026779	ENSGALG00010026779
MYSM1	MYSM1
ENSGALG00010026781	ENSGALG00010026781
HOXB9	HOXB9
ENSGALG00010026783	ENSGALG00010026783
ENSGALG00010026784	ENSGALG00010026784
ENSGALG00010026785	ENSGALG00010026785
ENSGALG00010026786	ENSGALG00010026786
ENSGALG00010026787	ENSGALG00010026787
ENSGALG00010026788	ENSGALG00010026788
ENSGALG00010026789	ENSGALG00010026789
ENSGALG00010026790	ENSGALG00010026790
ENSGALG00010026791	ENSGALG00010026791
ENSGALG00010026792	ENSGALG00010026792
ENSGALG00010026793	ENSGALG00010026793
ENSGALG00010026794	ENSGALG00010026794
ENSGALG00010026795	ENSGALG00010026795
DCAKD	DCAKD
ENSGALG00010026797	ENSGALG00010026797
ENSGALG00010026798	ENSGALG00010026798
ENSGALG00010026799	ENSGALG00010026799
ENSGALG00010026800	ENSGALG00010026800
FMOD	FMOD
ENSGALG00010026802	ENSGALG00010026802
ENSGALG00010026803	ENSGALG00010026803
ENSGALG00010026804	ENSGALG00010026804
ENSGALG00010026805	ENSGALG00010026805
ENSGALG00010026806	ENSGALG00010026806
ENSGALG00010026807	ENSGALG00010026807
ENSGALG00010026808	ENSGALG00010026808
ENSGALG00010026809	ENSGALG00010026809
ENSGALG00010026810	ENSGALG00010026810
ENSGALG00010026811	ENSGALG00010026811
ENSGALG00010026812	ENSGALG00010026812
ENSGALG00010026813	ENSGALG00010026813
ENSGALG00010026814	ENSGALG00010026814
ENSGALG00010026815	ENSGALG00010026815
ENSGALG00010026816	ENSGALG00010026816
ENSGALG00010026817	ENSGALG00010026817
ENSGALG00010026818	ENSGALG00010026818
ENSGALG00010026819	ENSGALG00010026819
ENSGALG00010026820	ENSGALG00010026820
ENSGALG00010026821	ENSGALG00010026821
PRELP	PRELP
ENSGALG00010026823	ENSGALG00010026823
ENSGALG00010026824	ENSGALG00010026824
ADAM23	ADAM23
ENSGALG00010026826	ENSGALG00010026826
FAM117A	FAM117A
ENSGALG00010026828	ENSGALG00010026828
ENSGALG00010026829	ENSGALG00010026829
ENSGALG00010026830	ENSGALG00010026830
ENSGALG00010026831	ENSGALG00010026831
ENSGALG00010026832	ENSGALG00010026832
ENSGALG00010026833	ENSGALG00010026833
ENSGALG00010026834	ENSGALG00010026834
ENSGALG00010026835	ENSGALG00010026835
ENSGALG00010026836	ENSGALG00010026836
ENSGALG00010026837	ENSGALG00010026837
ENSGALG00010026838	ENSGALG00010026838
FGGY	FGGY
ENSGALG00010026840	ENSGALG00010026840
ENSGALG00010026841	ENSGALG00010026841
ENSGALG00010026842	ENSGALG00010026842
ENSGALG00010026843	ENSGALG00010026843
ENSGALG00010026844	ENSGALG00010026844
ENSGALG00010026845	ENSGALG00010026845
MICAL1	MICAL1
ENSGALG00010026847	ENSGALG00010026847
ENSGALG00010026848	ENSGALG00010026848
ENSGALG00010026849	ENSGALG00010026849
ENSGALG00010026850	ENSGALG00010026850
ENSGALG00010026851	ENSGALG00010026851
ENSGALG00010026852	ENSGALG00010026852
ENSGALG00010026853	ENSGALG00010026853
SMPD2	SMPD2
ENSGALG00010026855	ENSGALG00010026855
UBE2Z	UBE2Z
ENSGALG00010026857	ENSGALG00010026857
ENSGALG00010026858	ENSGALG00010026858
ENSGALG00010026859	ENSGALG00010026859
ENSGALG00010026860	ENSGALG00010026860
ENSGALG00010026861	ENSGALG00010026861
ENSGALG00010026862	ENSGALG00010026862
ENSGALG00010026863	ENSGALG00010026863
ENSGALG00010026864	ENSGALG00010026864
ENSGALG00010026865	ENSGALG00010026865
ENSGALG00010026866	ENSGALG00010026866
ENSGALG00010026867	ENSGALG00010026867
ENSGALG00010026868	ENSGALG00010026868
ENSGALG00010026869	ENSGALG00010026869
ENSGALG00010026870	ENSGALG00010026870
ENSGALG00010026871	ENSGALG00010026871
ENSGALG00010026872	ENSGALG00010026872
ENSGALG00010026873	ENSGALG00010026873
TEAD3	TEAD3
ENSGALG00010026875	ENSGALG00010026875
ENSGALG00010026876	ENSGALG00010026876
ENSGALG00010026877	ENSGALG00010026877
SNORA52	SNORA52
ENSGALG00010026879	ENSGALG00010026879
gga-mir-12279	gga-mir-12279
ENSGALG00010026881	ENSGALG00010026881
gga-mir-1802	gga-mir-1802
ENSGALG00010026883	ENSGALG00010026883
gga-mir-210a	gga-mir-210a
TULP1	TULP1
JUN	JUN
ENSGALG00010026887	ENSGALG00010026887
gga-mir-6642	gga-mir-6642
ENSGALG00010026889	ENSGALG00010026889
ENSGALG00010026890	ENSGALG00010026890
ENSGALG00010026891	ENSGALG00010026891
ENSGALG00010026892	ENSGALG00010026892
FKBP5	FKBP5
IP6K1	IP6K1
ENSGALG00010026895	ENSGALG00010026895
ENSGALG00010026896	ENSGALG00010026896
ENSGALG00010026897	ENSGALG00010026897
PNPLA2	PNPLA2
HOOK1	HOOK1
ENSGALG00010026900	ENSGALG00010026900
ENSGALG00010026901	ENSGALG00010026901
ENSGALG00010026902	ENSGALG00010026902
U4 - ENSGALG00010026903	U4 - ENSGALG00010026903
U4 - ENSGALG00010026904	U4 - ENSGALG00010026904
U6 - ENSGALG00010026905	U6 - ENSGALG00010026905
CLPS	CLPS
ENSGALG00010026907	ENSGALG00010026907
gga-mir-130b	gga-mir-130b
ENSGALG00010026909	ENSGALG00010026909
gga-mir-12227	gga-mir-12227
ENSGALG00010026911	ENSGALG00010026911
gga-mir-12226	gga-mir-12226
ENSGALG00010026913	ENSGALG00010026913
ENSGALG00010026914	ENSGALG00010026914
gga-mir-6648-1	gga-mir-6648-1
ENSGALG00010026916	ENSGALG00010026916
AMT	AMT
gga-mir-6673	gga-mir-6673
NICN1	NICN1
GATA2	GATA2
gga-mir-7476	gga-mir-7476
gga-mir-454	gga-mir-454
gga-mir-1764	gga-mir-1764
TPH1	TPH1
ENSGALG00010026925	ENSGALG00010026925
gga-mir-1625	gga-mir-1625
ENSGALG00010026927	ENSGALG00010026927
ENSGALG00010026928	ENSGALG00010026928
gga-mir-1673	gga-mir-1673
gga-mir-6650	gga-mir-6650
gga-mir-12228	gga-mir-12228
gga-mir-1640	gga-mir-1640
gga-mir-301a	gga-mir-301a
gga-mir-6635-1	gga-mir-6635-1
gga-mir-1729	gga-mir-1729
ENSGALG00010026936	ENSGALG00010026936
gga-mir-762	gga-mir-762
ENSGALG00010026938	ENSGALG00010026938
PLA2G1B	PLA2G1B
TH	TH
ENSGALG00010026941	ENSGALG00010026941
CDK18	CDK18
EEFSEC	EEFSEC
ENSGALG00010026944	ENSGALG00010026944
ENSGALG00010026945	ENSGALG00010026945
ENSGALG00010026946	ENSGALG00010026946
ENSGALG00010026947	ENSGALG00010026947
ENSGALG00010026948	ENSGALG00010026948
ENSGALG00010026949	ENSGALG00010026949
LHFPL5	LHFPL5
RUVBL1	RUVBL1
ENSGALG00010026952	ENSGALG00010026952
ENSGALG00010026953	ENSGALG00010026953
MFSD4A	MFSD4A
ENSGALG00010026955	ENSGALG00010026955
ENSGALG00010026956	ENSGALG00010026956
ENSGALG00010026957	ENSGALG00010026957
CLTCL1	CLTCL1
ENSGALG00010026959	ENSGALG00010026959
SEC61A1	SEC61A1
ENSGALG00010026961	ENSGALG00010026961
ENSGALG00010026962	ENSGALG00010026962
ENSGALG00010026963	ENSGALG00010026963
SRPK1	SRPK1
ENSGALG00010026965	ENSGALG00010026965
ENSGALG00010026966	ENSGALG00010026966
ENSGALG00010026967	ENSGALG00010026967
ENSGALG00010026968	ENSGALG00010026968
ENSGALG00010026969	ENSGALG00010026969
ENSGALG00010026970	ENSGALG00010026970
ENSGALG00010026971	ENSGALG00010026971
TNNT3	TNNT3
MGLL	MGLL
ENSGALG00010026974	ENSGALG00010026974
ENSGALG00010026975	ENSGALG00010026975
ENSGALG00010026976	ENSGALG00010026976
ELK4	ELK4
ENSGALG00010026978	ENSGALG00010026978
ENSGALG00010026979	ENSGALG00010026979
LIMK2	LIMK2
ENSGALG00010026981	ENSGALG00010026981
ABTB1	ABTB1
ENSGALG00010026983	ENSGALG00010026983
PGR2/3	PGR2/3
ENSGALG00010026985	ENSGALG00010026985
ENSGALG00010026986	ENSGALG00010026986
ENSGALG00010026987	ENSGALG00010026987
ENSGALG00010026988	ENSGALG00010026988
ENSGALG00010026989	ENSGALG00010026989
ENSGALG00010026990	ENSGALG00010026990
ENSGALG00010026991	ENSGALG00010026991
ENSGALG00010026992	ENSGALG00010026992
ENSGALG00010026993	ENSGALG00010026993
ENSGALG00010026994	ENSGALG00010026994
ENSGALG00010026995	ENSGALG00010026995
ENSGALG00010026996	ENSGALG00010026996
ENSGALG00010026997	ENSGALG00010026997
ENSGALG00010026998	ENSGALG00010026998
MLEC	MLEC
ENSGALG00010027000	ENSGALG00010027000
SLC26A8	SLC26A8
ENSGALG00010027002	ENSGALG00010027002
SEPTIN2L	SEPTIN2L
ENSGALG00010027004	ENSGALG00010027004
ENSGALG00010027005	ENSGALG00010027005
ENSGALG00010027006	ENSGALG00010027006
ENSGALG00010027007	ENSGALG00010027007
ENSGALG00010027008	ENSGALG00010027008
ENSGALG00010027009	ENSGALG00010027009
ENSGALG00010027010	ENSGALG00010027010
ENSGALG00010027011	ENSGALG00010027011
RILPL1	RILPL1
ENSGALG00010027013	ENSGALG00010027013
ENSGALG00010027014	ENSGALG00010027014
ENSGALG00010027015	ENSGALG00010027015
ENSGALG00010027016	ENSGALG00010027016
ENSGALG00010027017	ENSGALG00010027017
ENSGALG00010027018	ENSGALG00010027018
ENSGALG00010027019	ENSGALG00010027019
ENSGALG00010027020	ENSGALG00010027020
ENSGALG00010027021	ENSGALG00010027021
ENSGALG00010027022	ENSGALG00010027022
ENSGALG00010027023	ENSGALG00010027023
ENSGALG00010027024	ENSGALG00010027024
ORAI1	ORAI1
SLC45A3	SLC45A3
ARHGEF3	ARHGEF3
ENSGALG00010027028	ENSGALG00010027028
ENSGALG00010027029	ENSGALG00010027029
ENSGALG00010027030	ENSGALG00010027030
ENSGALG00010027031	ENSGALG00010027031
ENSGALG00010027032	ENSGALG00010027032
ENSGALG00010027033	ENSGALG00010027033
ENSGALG00010027034	ENSGALG00010027034
ENSGALG00010027035	ENSGALG00010027035
NUCKS1	NUCKS1
ENSGALG00010027037	ENSGALG00010027037
ENSGALG00010027038	ENSGALG00010027038
ENSGALG00010027039	ENSGALG00010027039
CLIP1	CLIP1
MAPK14	MAPK14
ENSGALG00010027042	ENSGALG00010027042
IL17RD	IL17RD
ENSGALG00010027044	ENSGALG00010027044
MAPK13	MAPK13
HESX1	HESX1
ENSGALG00010027047	ENSGALG00010027047
ENSGALG00010027048	ENSGALG00010027048
U5 - ENSGALG00010027049	U5 - ENSGALG00010027049
GSTT1	GSTT1
U5 - ENSGALG00010027051	U5 - ENSGALG00010027051
APPL1	APPL1
SNORD39	SNORD39
ENSGALG00010027054	ENSGALG00010027054
U5 - ENSGALG00010027055	U5 - ENSGALG00010027055
U5 - ENSGALG00010027056	U5 - ENSGALG00010027056
U5 - ENSGALG00010027057	U5 - ENSGALG00010027057
U5 - ENSGALG00010027058	U5 - ENSGALG00010027058
ASB14	ASB14
ENSGALG00010027060	ENSGALG00010027060
ENSGALG00010027061	ENSGALG00010027061
ENSGALG00010027062	ENSGALG00010027062
RAB7L1	RAB7L1
ENSGALG00010027064	ENSGALG00010027064
gga-mir-12281	gga-mir-12281
gga-mir-6623	gga-mir-6623
gga-mir-1675	gga-mir-1675
ENSGALG00010027068	ENSGALG00010027068
gga-mir-12282	gga-mir-12282
gga-mir-6653	gga-mir-6653
gga-mir-1809	gga-mir-1809
gga-mir-6622	gga-mir-6622
DNAH12	DNAH12
BRPF3	BRPF3
SLC41A1	SLC41A1
VDHAP	VDHAP
ARF4	ARF4
PDE12	PDE12
PM20D1	PM20D1
TBC1D22B	TBC1D22B
PDE4B	PDE4B
SLC26A9	SLC26A9
DENND6A	DENND6A
OSBPL9	OSBPL9
PIM1	PIM1
CACNA1S	CACNA1S
RAB7B	RAB7B
AGBL4	AGBL4
CTSE	CTSE
ENSGALG00010027090	ENSGALG00010027090
AVPR1B	AVPR1B
ENSGALG00010027092	ENSGALG00010027092
SLMAP	SLMAP
ENSGALG00010027094	ENSGALG00010027094
SCN5A	SCN5A
YIPF1	YIPF1
ENSGALG00010027097	ENSGALG00010027097
EXOG	EXOG
GNA11	GNA11
MIER2	MIER2
RNF220	RNF220
DUS3L	DUS3L
ACVR2B	ACVR2B
ENSGALG00010027104	ENSGALG00010027104
CHERP	CHERP
CYP2J23	CYP2J23
KIF21B	KIF21B
ENSGALG00010027108	ENSGALG00010027108
C19orf44	C19orf44
IKBKE	IKBKE
CALR3	CALR3
XYLB	XYLB
PIAS4	PIAS4
FLNB	FLNB
C9ORF152	C9ORF152
CCDC94	CCDC94
RASSF5	RASSF5
ABHD6	ABHD6
NUB1	NUB1
ENSGALG00010027120	ENSGALG00010027120
ELF3	ELF3
DNASE1L3	DNASE1L3
WDR86	WDR86
IP6K2	IP6K2
CRYGN	CRYGN
ENSGALG00010027126	ENSGALG00010027126
S1PR4	S1PR4
EIF2D	EIF2D
NCLN	NCLN
NCKIPSD	NCKIPSD
UBA52	UBA52
ENSGALG00010027132	ENSGALG00010027132
CELF5	CELF5
DYRK3	DYRK3
PRKAG2	PRKAG2
MAPKAPK2	MAPKAPK2
FKBP8	FKBP8
IL10	IL10
HSD11B1L	HSD11B1L
IL20	IL20
PIGR	PIGR
ENSGALG00010027142	ENSGALG00010027142
GALNT11	GALNT11
ENSGALG00010027144	ENSGALG00010027144
CELSR3	CELSR3
KXD1	KXD1
KMT2C	KMT2C
ELL	ELL
C1orf116	C1orf116
YOD1	YOD1
C19orf70	C19orf70
C4BPS	C4BPS
ENSGALG00010027153	ENSGALG00010027153
PLPP2	PLPP2
ENSGALG00010027155	ENSGALG00010027155
ISYNA1	ISYNA1
ENSGALG00010027157	ENSGALG00010027157
XRCC2	XRCC2
TMUB1	TMUB1
FASTK	FASTK
C4BPG	C4BPG
SLC4A2	SLC4A2
SAFB	SAFB
ENSGALG00010027164	ENSGALG00010027164
ENSGALG00010027165	ENSGALG00010027165
CDK5	CDK5
ENSGALG00010027167	ENSGALG00010027167
SSBP4	SSBP4
ABCB8	ABCB8
ENSGALG00010027170	ENSGALG00010027170
ATG9B	ATG9B
ENSGALG00010027172	ENSGALG00010027172
TLE5	TLE5
SHISA5	SHISA5
NOS3	NOS3
ENSGALG00010027176	ENSGALG00010027176
ENSGALG00010027177	ENSGALG00010027177
C4BPM	C4BPM
ENSGALG00010027179	ENSGALG00010027179
ENSGALG00010027180	ENSGALG00010027180
ENSGALG00010027181	ENSGALG00010027181
ENSGALG00010027182	ENSGALG00010027182
CD34	CD34
MPND	MPND
ATRIP	ATRIP
PLXNA2	PLXNA2
BTG1L	BTG1L
KCNH2	KCNH2
ENSGALG00010027189	ENSGALG00010027189
IPPK	IPPK
AOC1	AOC1
SH3GL1	SH3GL1
CAMK1G	CAMK1G
ENSGALG00010027194	ENSGALG00010027194
CENPP	CENPP
ENSGALG00010027196	ENSGALG00010027196
ENSGALG00010027197	ENSGALG00010027197
ECM2	ECM2
LAMB3	LAMB3
G0S2	G0S2
BGN	BGN
CHAF1A	CHAF1A
ENSGALG00010027203	ENSGALG00010027203
OMD	OMD
OGN	OGN
HSD11B1b	HSD11B1b
NOL8	NOL8
UBXN6	UBXN6
TRAF3IP3	TRAF3IP3
ENSGALG00010027210	ENSGALG00010027210
HDGFRP2	HDGFRP2
IRF6	IRF6
KCNC4	KCNC4
PLIN4	PLIN4
ENSGALG00010027215	ENSGALG00010027215
ENSGALG00010027216	ENSGALG00010027216
SEMA6B	SEMA6B
IARS1	IARS1
ENSGALG00010027219	ENSGALG00010027219
ANKRD24	ANKRD24
LRRC61	LRRC61
GUCA1B	GUCA1B
SIRT6	SIRT6
RARRES2	RARRES2
CREB3L3	CREB3L3
OPN1MSW	OPN1MSW
ENSGALG00010027227	ENSGALG00010027227
SSPO	SSPO
MDM4	MDM4
MAP2K2	MAP2K2
ATP2B2	ATP2B2
ARRDC2	ARRDC2
ENSGALG00010027233	ENSGALG00010027233
SLC6A11	SLC6A11
ENSGALG00010027235	ENSGALG00010027235
PEX11G	PEX11G
CTC-575C13.4	CTC-575C13.4
ENSGALG00010027238	ENSGALG00010027238
ENSGALG00010027239	ENSGALG00010027239
SLC6A1	SLC6A1
LRRN2	LRRN2
ENSGALG00010027242	ENSGALG00010027242
HRH1	HRH1
ARHGEF18	ARHGEF18
LRIG2	LRIG2
ZNF767	ZNF767
ATG7	ATG7
ENSGALG00010027248	ENSGALG00010027248
C2CD4C	C2CD4C
ENSGALG00010027250	ENSGALG00010027250
ENSGALG00010027251	ENSGALG00010027251
MAGI3	MAGI3
VGLL4	VGLL4
INSR	INSR
ENSGALG00010027255	ENSGALG00010027255
PHTF1	PHTF1
TAFA3	TAFA3
ENSGALG00010027258	ENSGALG00010027258
ENSGALG00010027259	ENSGALG00010027259
LEMD2	LEMD2
ENSGALG00010027261	ENSGALG00010027261
USE1	USE1
TAMM41	TAMM41
ENSGALG00010027264	ENSGALG00010027264
IP6K3	IP6K3
SLC26A6	SLC26A6
MYO9B	MYO9B
UQCRC1	UQCRC1
CDC25A	CDC25A
ENSGALG00010027270	ENSGALG00010027270
INKA2	INKA2
DDX20	DDX20
HAUS8	HAUS8
COPG1	COPG1
CPAMD8	CPAMD8
ENSGALG00010027276	ENSGALG00010027276
KCND3	KCND3
H1-10	H1-10
F2RL3	F2RL3
HMCES	HMCES
ENSGALG00010027281	ENSGALG00010027281
ENSGALG00010027282	ENSGALG00010027282
RAB7A	RAB7A
CTTNBP2NL	CTTNBP2NL
PTPRS	PTPRS
RPN1	RPN1
DHX30	DHX30
DAG1	DAG1
SMARCC1	SMARCC1
CSPG5	CSPG5
MST1	MST1
KDM4B	KDM4B
ELP6	ELP6
ENSGALG00010027294	ENSGALG00010027294
ENSGALG00010027295	ENSGALG00010027295
EDCH5	EDCH5
ENSGALG00010027297	ENSGALG00010027297
ENSGALG00010027298	ENSGALG00010027298
PGPEP1	PGPEP1
ENSGALG00010027300	ENSGALG00010027300
SCAP	SCAP
ENSGALG00010027302	ENSGALG00010027302
APEH	APEH
PTPN23	PTPN23
LSM4	LSM4
ENSGALG00010027306	ENSGALG00010027306
JUND	JUND
ENSGALG00010027308	ENSGALG00010027308
ENSGALG00010027309	ENSGALG00010027309
ARHGEF2	ARHGEF2
NFASC	NFASC
ENSGALG00010027312	ENSGALG00010027312
BSN	BSN
ENSGALG00010027314	ENSGALG00010027314
RAB3A	RAB3A
TRAIP	TRAIP
MPV17L2	MPV17L2
ENSGALG00010027318	ENSGALG00010027318
MST1R	MST1R
MON1A	MON1A
IFI30	IFI30
CRABP2	CRABP2
ISG20L2	ISG20L2
PIK3R2	PIK3R2
RRNAD1	RRNAD1
MRPL24	MRPL24
RBM6	RBM6
RBM15	RBM15
MINDY4	MINDY4
ENSGALG00010027330	ENSGALG00010027330
SLC16A4	SLC16A4
HDGF	HDGF
PROK1	PROK1
PRCC	PRCC
MAST3	MAST3
RAD54L2	RAD54L2
AQP1	AQP1
ENSGALG00010027338	ENSGALG00010027338
LAMTOR5	LAMTOR5
ENSGALG00010027340	ENSGALG00010027340
ENSGALG00010027341	ENSGALG00010027341
ENSGALG00010027342	ENSGALG00010027342
GHRHR	GHRHR
ENSGALG00010027344	ENSGALG00010027344
GOLT1A	GOLT1A
SIN3B	SIN3B
ENSGALG00010027347	ENSGALG00010027347
ENSGALG00010027348	ENSGALG00010027348
ENSGALG00010027349	ENSGALG00010027349
INSRR	INSRR
TMEM38A	TMEM38A
PGA3	PGA3
ENSGALG00010027353	ENSGALG00010027353
ENSGALG00010027354	ENSGALG00010027354
ADCYAP1R1	ADCYAP1R1
ENSGALG00010027356	ENSGALG00010027356
GHRHR-LR	GHRHR-LR
RNF126	RNF126
ENSGALG00010027359	ENSGALG00010027359
SMIM7	SMIM7
FANCD2	FANCD2
RPS27	RPS27
VIPR1	VIPR1
FSTL3	FSTL3
PLEKHA6	PLEKHA6
USP4	USP4
SEC22C	SEC22C
EMC3	EMC3
ENSGALG00010027369	ENSGALG00010027369
NUP210L	NUP210L
PRSS57	PRSS57
PIK3C2B	PIK3C2B
MLN	MLN
NKTR	NKTR
CFTII	CFTII
DSTYK	DSTYK
Pou5f3	Pou5f3
ZBTB47	ZBTB47
OPTC	OPTC
GPX1	GPX1
KLHL40	KLHL40
PALM	PALM
ASS1	ASS1
HHATL	HHATL
CNTN2	CNTN2
RHOA	RHOA
ENSGALG00010027387	ENSGALG00010027387
URM1	URM1
ENSGALG00010027389	ENSGALG00010027389
ENSGALG00010027390	ENSGALG00010027390
TPM3	TPM3
RBBP5	RBBP5
TEX264	TEX264
SLC27A4	SLC27A4
BCL2L15	BCL2L15
GRM2	GRM2
RFX5	RFX5
ENSGALG00010027398	ENSGALG00010027398
MAPKAP1	MAPKAP1
ENSGALG00010027400	ENSGALG00010027400
ENSGALG00010027401	ENSGALG00010027401
AP4B1	AP4B1
ACKR2	ACKR2
ENSGALG00010027404	ENSGALG00010027404
DCLRE1B	DCLRE1B
ENSGALG00010027406	ENSGALG00010027406
ENSGALG00010027407	ENSGALG00010027407
ENSGALG00010027408	ENSGALG00010027408
ENSGALG00010027409	ENSGALG00010027409
ALAS1	ALAS1
ENSGALG00010027411	ENSGALG00010027411
ENSGALG00010027412	ENSGALG00010027412
ENSGALG00010027413	ENSGALG00010027413
PBX3	PBX3
ENSGALG00010027415	ENSGALG00010027415
ENSGALG00010027416	ENSGALG00010027416
WNT2B	WNT2B
ENSGALG00010027418	ENSGALG00010027418
PTBP1	PTBP1
ENSGALG00010027420	ENSGALG00010027420
PLPPR3	PLPPR3
ENSGALG00010027422	ENSGALG00010027422
PEX11B	PEX11B
ENSGALG00010027424	ENSGALG00010027424
CFD	CFD
ENSGALG00010027426	ENSGALG00010027426
UBAC1	UBAC1
ENSGALG00010027428	ENSGALG00010027428
ENSGALG00010027429	ENSGALG00010027429
ENSGALG00010027430	ENSGALG00010027430
ENSGALG00010027431	ENSGALG00010027431
ENSGALG00010027432	ENSGALG00010027432
ENSGALG00010027433	ENSGALG00010027433
ENSGALG00010027434	ENSGALG00010027434
ENSGALG00010027435	ENSGALG00010027435
ENSGALG00010027436	ENSGALG00010027436
ENSGALG00010027437	ENSGALG00010027437
ST7L	ST7L
ENSGALG00010027439	ENSGALG00010027439
TWF2	TWF2
ENSGALG00010027441	ENSGALG00010027441
ENSGALG00010027442	ENSGALG00010027442
MED16	MED16
SELENBP1	SELENBP1
PPM1M	PPM1M
CFAP126	CFAP126
ENSGALG00010027447	ENSGALG00010027447
ADAMTSL5	ADAMTSL5
ENSGALG00010027449	ENSGALG00010027449
CAMSAP1	CAMSAP1
ENSGALG00010027451	ENSGALG00010027451
ENSGALG00010027452	ENSGALG00010027452
ENSGALG00010027453	ENSGALG00010027453
ENSGALG00010027454	ENSGALG00010027454
R3HDM4	R3HDM4
ENSGALG00010027456	ENSGALG00010027456
CAPZA1	CAPZA1
ENSGALG00010027458	ENSGALG00010027458
ENSGALG00010027459	ENSGALG00010027459
WDR82	WDR82
ENSGALG00010027461	ENSGALG00010027461
ENSGALG00010027462	ENSGALG00010027462
ENSGALG00010027463	ENSGALG00010027463
ENSGALG00010027464	ENSGALG00010027464
ENSGALG00010027465	ENSGALG00010027465
ENSGALG00010027466	ENSGALG00010027466
GLYCTK	GLYCTK
BSG	BSG
ENSGALG00010027469	ENSGALG00010027469
ENSGALG00010027470	ENSGALG00010027470
ENSGALG00010027471	ENSGALG00010027471
ENSGALG00010027472	ENSGALG00010027472
DNAH1	DNAH1
ENSGALG00010027474	ENSGALG00010027474
ARID3A	ARID3A
ENSGALG00010027476	ENSGALG00010027476
ENSGALG00010027477	ENSGALG00010027477
ENSGALG00010027478	ENSGALG00010027478
HCN2	HCN2
ENSGALG00010027480	ENSGALG00010027480
ENSGALG00010027481	ENSGALG00010027481
ENSGALG00010027482	ENSGALG00010027482
ENSGALG00010027483	ENSGALG00010027483
ENSGALG00010027484	ENSGALG00010027484
ENSGALG00010027485	ENSGALG00010027485
ENSGALG00010027486	ENSGALG00010027486
MPZ	MPZ
ENSGALG00010027488	ENSGALG00010027488
ENSGALG00010027489	ENSGALG00010027489
ATP2B4	ATP2B4
ENSGALG00010027491	ENSGALG00010027491
PCP4L1	PCP4L1
ENSGALG00010027493	ENSGALG00010027493
ENSGALG00010027494	ENSGALG00010027494
ENSGALG00010027495	ENSGALG00010027495
NR1I3	NR1I3
KCNT1	KCNT1
ENSGALG00010027498	ENSGALG00010027498
MOV10	MOV10
ENSGALG00010027500	ENSGALG00010027500
BAP1	BAP1
THOP1	THOP1
ENSGALG00010027503	ENSGALG00010027503
ENSGALG00010027504	ENSGALG00010027504
ENSGALG00010027505	ENSGALG00010027505
ENSGALG00010027506	ENSGALG00010027506
ENSGALG00010027507	ENSGALG00010027507
ENSGALG00010027508	ENSGALG00010027508
ENSGALG00010027509	ENSGALG00010027509
RHOC	RHOC
POLRMT	POLRMT
ENSGALG00010027512	ENSGALG00010027512
SEMA3G	SEMA3G
ENSGALG00010027514	ENSGALG00010027514
ENSGALG00010027515	ENSGALG00010027515
PPM1J	PPM1J
ENSGALG00010027517	ENSGALG00010027517
ENSGALG00010027518	ENSGALG00010027518
ENSGALG00010027519	ENSGALG00010027519
FANCE	FANCE
B3GNT10	B3GNT10
PSMD5	PSMD5
ENSGALG00010027523	ENSGALG00010027523
TOMM40L	TOMM40L
CUTA	CUTA
ENSGALG00010027526	ENSGALG00010027526
ENSGALG00010027527	ENSGALG00010027527
ENSGALG00010027528	ENSGALG00010027528
ACY1	ACY1
PHF19	PHF19
UFC1	UFC1
ENSGALG00010027532	ENSGALG00010027532
WDR18	WDR18
KCNN3	KCNN3
GUCA1A	GUCA1A
USP21	USP21
SGTA	SGTA
ABHD14A	ABHD14A
DDR1	DDR1
PPOX	PPOX
ENSGALG00010027541	ENSGALG00010027541
ENSGALG00010027542	ENSGALG00010027542
TUBB4B	TUBB4B
ENSGALG00010027544	ENSGALG00010027544
PPARD	PPARD
ENSGALG00010027546	ENSGALG00010027546
B4GALT3 - ENSGALG00010027547	B4GALT3 - ENSGALG00010027547
PCBP4	PCBP4
ENSGALG00010027549	ENSGALG00010027549
CIMIP3	CIMIP3
ENSGALG00010027551	ENSGALG00010027551
ENSGALG00010027552	ENSGALG00010027552
FGF22	FGF22
ENSGALG00010027554	ENSGALG00010027554
ENSGALG00010027555	ENSGALG00010027555
ENSGALG00010027556	ENSGALG00010027556
C6orf132	C6orf132
ENSGALG00010027558	ENSGALG00010027558
ENSGALG00010027559	ENSGALG00010027559
ENSGALG00010027560	ENSGALG00010027560
ADAMTS4	ADAMTS4
SLC39A3	SLC39A3
WDR77	WDR77
ENSGALG00010027564	ENSGALG00010027564
ENSGALG00010027565	ENSGALG00010027565
ENSGALG00010027566	ENSGALG00010027566
PARP3	PARP3
NELFB	NELFB
ATP5PB	ATP5PB
NDUFS2	NDUFS2
RBM10	RBM10
ENSGALG00010027572	ENSGALG00010027572
ENSGALG00010027573	ENSGALG00010027573
GNG7	GNG7
FCER1G	FCER1G
GADD45B	GADD45B
ADORA3	ADORA3
GSL	GSL
C26H6ORF125	C26H6ORF125
ENSGALG00010027580	ENSGALG00010027580
ENSGALG00010027581	ENSGALG00010027581
ENSGALG00010027582	ENSGALG00010027582
GLE1	GLE1
CARTL	CARTL
ENSGALG00010027585	ENSGALG00010027585
HJV	HJV
ENSGALG00010027587	ENSGALG00010027587
PRDM12	PRDM12
ENSGALG00010027589	ENSGALG00010027589
SEMA3F	SEMA3F
ENSGALG00010027591	ENSGALG00010027591
MAP1S	MAP1S
ENSGALG00010027593	ENSGALG00010027593
ITPR3	ITPR3
GNAT1	GNAT1
ENSGALG00010027596	ENSGALG00010027596
EXOSC2	EXOSC2
ENSGALG00010027598	ENSGALG00010027598
ENSGALG00010027599	ENSGALG00010027599
KIRREL	KIRREL
ENSGALG00010027601	ENSGALG00010027601
ENSGALG00010027602	ENSGALG00010027602
ENSGALG00010027603	ENSGALG00010027603
ENSGALG00010027604	ENSGALG00010027604
FCHO1	FCHO1
ENSGALG00010027606	ENSGALG00010027606
ABL1	ABL1
GNAI2	GNAI2
RPL36	RPL36
ENSGALG00010027610	ENSGALG00010027610
B3GNT3	B3GNT3
BAK1	BAK1
ENSGALG00010027613	ENSGALG00010027613
LONP1	LONP1
ENSGALG00010027615	ENSGALG00010027615
SLC38A3	SLC38A3
ENSGALG00010027617	ENSGALG00010027617
PPP1R26	PPP1R26
JAK3	JAK3
ENSGALG00010027620	ENSGALG00010027620
TSPO2	TSPO2
FIBCD1	FIBCD1
APOBEC2	APOBEC2
ENSGALG00010027624	ENSGALG00010027624
ENSGALG00010027625	ENSGALG00010027625
SEMA3B	SEMA3B
OARD1	OARD1
C9orf116	C9orf116
ENSGALG00010027629	ENSGALG00010027629
ENSGALG00010027630	ENSGALG00010027630
ENSGALG00010027631	ENSGALG00010027631
LAMC3	LAMC3
ENSGALG00010027633	ENSGALG00010027633
OASL	OASL
CD48	CD48
SLC1A6	SLC1A6
ENSGALG00010027637	ENSGALG00010027637
MRPS2	MRPS2
SLC5A5	SLC5A5
ENSGALG00010027640	ENSGALG00010027640
HYAL3	HYAL3
DIPK1B	DIPK1B
ENSGALG00010027643	ENSGALG00010027643
NAA80	NAA80
SLAMF1	SLAMF1
ENSGALG00010027646	ENSGALG00010027646
ENSGALG00010027647	ENSGALG00010027647
NFYA	NFYA
FBLN2	FBLN2
CCDC124	CCDC124
ENSGALG00010027651	ENSGALG00010027651
ENSGALG00010027652	ENSGALG00010027652
WNT7A	WNT7A
AIF1L	AIF1L
ENSGALG00010027655	ENSGALG00010027655
ENSGALG00010027656	ENSGALG00010027656
ENSGALG00010027657	ENSGALG00010027657
ENSGALG00010027658	ENSGALG00010027658
ENSGALG00010027659	ENSGALG00010027659
ENSGALG00010027660	ENSGALG00010027660
ENSGALG00010027661	ENSGALG00010027661
ENSGALG00010027662	ENSGALG00010027662
COPA	COPA
TREMB1	TREMB1
TRAF1	TRAF1
ENSGALG00010027666	ENSGALG00010027666
PTPDC1	PTPDC1
RANBP3	RANBP3
ENSGALG00010027669	ENSGALG00010027669
ENSGALG00010027670	ENSGALG00010027670
BARX1	BARX1
CNTRL	CNTRL
ENSGALG00010027673	ENSGALG00010027673
TREM2	TREM2
ENSGALG00010027675	ENSGALG00010027675
ENSGALG00010027676	ENSGALG00010027676
ENSGALG00010027677	ENSGALG00010027677
ENSGALG00010027678	ENSGALG00010027678
U6 - ENSGALG00010027679	U6 - ENSGALG00010027679
gga-mir-12238	gga-mir-12238
gga-mir-26a	gga-mir-26a
gga-mir-1706	gga-mir-1706
gga-mir-6600	gga-mir-6600
ENSGALG00010027684	ENSGALG00010027684
ENSGALG00010027685	ENSGALG00010027685
gga-mir-153	gga-mir-153
gga-mir-6713	gga-mir-6713
gga-mir-10585	gga-mir-10585
gga-mir-7461	gga-mir-7461
gga-mir-6710	gga-mir-6710
gga-mir-460a	gga-mir-460a
PHF2	PHF2
RAB14	RAB14
gga-mir-12239	gga-mir-12239
TREMB2	TREMB2
gga-mir-1639	gga-mir-1639
CATH2	CATH2
FAM120A	FAM120A
VANGL2	VANGL2
TCF3	TCF3
NHLH1	NHLH1
FOXP4	FOXP4
NCSTN	NCSTN
MDFI	MDFI
S100A11	S100A11
GSN	GSN
HIGD1C	HIGD1C
ENSGALG00010027708	ENSGALG00010027708
PSMA5	PSMA5
ENSGALG00010027710	ENSGALG00010027710
WNK2	WNK2
STOM	STOM
ENSGALG00010027713	ENSGALG00010027713
SYPL2	SYPL2
NINJ1	NINJ1
ENSGALG00010027716	ENSGALG00010027716
ATXN7L2	ATXN7L2
ENSGALG00010027718	ENSGALG00010027718
GPR61	GPR61
DAB2IP	DAB2IP
SUSD3	SUSD3
GNAI3	GNAI3
ENSGALG00010027723	ENSGALG00010027723
TTLL11	TTLL11
BTN1A1	BTN1A1
GNAT2	GNAT2
GSTM2	GSTM2
CRNN	CRNN
EPS8L3	EPS8L3
ENSGALG00010027730	ENSGALG00010027730
OLFML2A	OLFML2A
EEF2	EEF2
RPL35	RPL35
CSF1	CSF1
ENSGALG00010027735	ENSGALG00010027735
ENSGALG00010027736	ENSGALG00010027736
ENSGALG00010027737	ENSGALG00010027737
ENSGALG00010027738	ENSGALG00010027738
FGD3	FGD3
MARCHF2	MARCHF2
RAB11B	RAB11B
ENSGALG00010027742	ENSGALG00010027742
C1orf74	C1orf74
EDQCM	EDQCM
BICD2	BICD2
UQCR11	UQCR11
TMEM81	TMEM81
ENSGALG00010027748	ENSGALG00010027748
ENSGALG00010027749	ENSGALG00010027749
ENSGALG00010027750	ENSGALG00010027750
ANGPTL4	ANGPTL4
SCAI	SCAI
ENSGALG00010027753	ENSGALG00010027753
ENSGALG00010027754	ENSGALG00010027754
ENSGALG00010027755	ENSGALG00010027755
ENSGALG00010027756	ENSGALG00010027756
ENSGALG00010027757	ENSGALG00010027757
ENSGALG00010027758	ENSGALG00010027758
EDPE	EDPE
ENSGALG00010027760	ENSGALG00010027760
ENSGALG00010027761	ENSGALG00010027761
ENSGALG00010027762	ENSGALG00010027762
ENSGALG00010027763	ENSGALG00010027763
ENSGALG00010027764	ENSGALG00010027764
ENSGALG00010027765	ENSGALG00010027765
ENSGALG00010027766	ENSGALG00010027766
ENSGALG00010027767	ENSGALG00010027767
ENSGALG00010027768	ENSGALG00010027768
ENSGALG00010027769	ENSGALG00010027769
ENSGALG00010027770	ENSGALG00010027770
ENSGALG00010027771	ENSGALG00010027771
ENSGALG00010027772	ENSGALG00010027772
ENSGALG00010027773	ENSGALG00010027773
ENSGALG00010027774	ENSGALG00010027774
MVB12B	MVB12B
TKTL1	TKTL1
ENSGALG00010027777	ENSGALG00010027777
ENSGALG00010027778	ENSGALG00010027778
ENSGALG00010027779	ENSGALG00010027779
ENSGALG00010027780	ENSGALG00010027780
ENSGALG00010027781	ENSGALG00010027781
ENSGALG00010027782	ENSGALG00010027782
ENSGALG00010027783	ENSGALG00010027783
PEAR1	PEAR1
ENSGALG00010027785	ENSGALG00010027785
ENSGALG00010027786	ENSGALG00010027786
DCP1A	DCP1A
ENSGALG00010027788	ENSGALG00010027788
UAP1L1	UAP1L1
ENSGALG00010027790	ENSGALG00010027790
ENSGALG00010027791	ENSGALG00010027791
ENSGALG00010027792	ENSGALG00010027792
ENSGALG00010027793	ENSGALG00010027793
ENSGALG00010027794	ENSGALG00010027794
ENSGALG00010027795	ENSGALG00010027795
ENSGALG00010027796	ENSGALG00010027796
ENSGALG00010027797	ENSGALG00010027797
ENSGALG00010027798	ENSGALG00010027798
ENSGALG00010027799	ENSGALG00010027799
ENSGALG00010027800	ENSGALG00010027800
MBD3	MBD3
ENSGALG00010027802	ENSGALG00010027802
SAPCD2	SAPCD2
ENSGALG00010027804	ENSGALG00010027804
ENSGALG00010027805	ENSGALG00010027805
ENSGALG00010027806	ENSGALG00010027806
ENSGALG00010027807	ENSGALG00010027807
LCN15	LCN15
ENSGALG00010027809	ENSGALG00010027809
ENSGALG00010027810	ENSGALG00010027810
MEX3D	MEX3D
ENSGALG00010027812	ENSGALG00010027812
LRRC71	LRRC71
DAPK3	DAPK3
ENSGALG00010027815	ENSGALG00010027815
ZMYND19	ZMYND19
ENSGALG00010027817	ENSGALG00010027817
ENSGALG00010027818	ENSGALG00010027818
ENSGALG00010027819	ENSGALG00010027819
ENSGALG00010027820	ENSGALG00010027820
NMRK2	NMRK2
DPH7	DPH7
ENSGALG00010027823	ENSGALG00010027823
ENSGALG00010027824	ENSGALG00010027824
ENSGALG00010027825	ENSGALG00010027825
ARHGEF11	ARHGEF11
ENSGALG00010027827	ENSGALG00010027827
ENSGALG00010027828	ENSGALG00010027828
ENSGALG00010027829	ENSGALG00010027829
CACNA1D	CACNA1D
ATCAY	ATCAY
ENSGALG00010027832	ENSGALG00010027832
ENSGALG00010027833	ENSGALG00010027833
ENSGALG00010027834	ENSGALG00010027834
ENSGALG00010027835	ENSGALG00010027835
ENSGALG00010027836	ENSGALG00010027836
ENSGALG00010027837	ENSGALG00010027837
ENSGALG00010027838	ENSGALG00010027838
ENSGALG00010027839	ENSGALG00010027839
ENSGALG00010027840	ENSGALG00010027840
ENSGALG00010027841	ENSGALG00010027841
SLAMF8	SLAMF8
ENSGALG00010027843	ENSGALG00010027843
ENSGALG00010027844	ENSGALG00010027844
ENSGALG00010027845	ENSGALG00010027845
SCARNA2	SCARNA2
NRTN	NRTN
gga-mir-1797	gga-mir-1797
gga-let-7j	gga-let-7j
gga-mir-6618	gga-mir-6618
gga-mir-6654	gga-mir-6654
gga-mir-7454	gga-mir-7454
gga-let-7k	gga-let-7k
gga-mir-6607	gga-mir-6607
gga-mir-29b-2	gga-mir-29b-2
gga-mir-1669	gga-mir-1669
gga-mir-29c	gga-mir-29c
gga-mir-205a	gga-mir-205a
gga-mir-135a-3	gga-mir-135a-3
ENSGALG00010027860	ENSGALG00010027860
PNPLA7	PNPLA7
ENSGALG00010027862	ENSGALG00010027862
CHDH	CHDH
ACTR8	ACTR8
SELENOK	SELENOK
KCNA2	KCNA2
UBAP2L	UBAP2L
CACNA2D3	CACNA2D3
NSMF	NSMF
HAX1	HAX1
LRTM1	LRTM1
KDM5B	KDM5B
RFX2	RFX2
FRS3	FRS3
WNT5A	WNT5A
ANAPC2	ANAPC2
OAZ1	OAZ1
AQP10	AQP10
ENSGALG00010027879	ENSGALG00010027879
AMH	AMH
ENSGALG00010027881	ENSGALG00010027881
CHIA	CHIA
ATP8B2	ATP8B2
SF3A2	SF3A2
PLEKHJ1	PLEKHJ1
IL6R	IL6R
ERC2	ERC2
PFKFB2	PFKFB2
RBM8A	RBM8A
ENSGALG00010027890	ENSGALG00010027890
CCDC66	CCDC66
SHE	SHE
DOT1L	DOT1L
RSBN1	RSBN1
LIX1L	LIX1L
TOR4A	TOR4A
AP3D1	AP3D1
TASOR	TASOR
PMVK	PMVK
REN	REN
MOB3A	MOB3A
UBE2Q1	UBE2Q1
NDUFA8	NDUFA8
MORN5	MORN5
SYN2	SYN2
LHX6	LHX6
MKNK2	MKNK2
PBXIP1	PBXIP1
TIMP4	TIMP4
CHRNB2	CHRNB2
PTPN22	PTPN22
RGS3	RGS3
PYGO2	PYGO2
BTBD2	BTBD2
GSTM3	GSTM3
ADAR	ADAR
PPARG	PPARG
CSNK1G2	CSNK1G2
TSEN2	TSEN2
SCAMP4	SCAMP4
MKRN2OS	MKRN2OS
SHC1	SHC1
AMPD2	AMPD2
ENSGALG00010027924	ENSGALG00010027924
MKRN2	MKRN2
CKS1B	CKS1B
ENSGALG00010027927	ENSGALG00010027927
FLAD1	FLAD1
CDK5RAP2	CDK5RAP2
RAF1	RAF1
ABHD17A	ABHD17A
POLE3	POLE3
ENSGALG00010027933	ENSGALG00010027933
CNBP	CNBP
ISY1	ISY1
ENSGALG00010027936	ENSGALG00010027936
ALAD	ALAD
ENSGALG00010027938	ENSGALG00010027938
BSPRY	BSPRY
ZBTB7B	ZBTB7B
KLF2	KLF2
KHDC4	KHDC4
RAB43	RAB43
WDR31	WDR31
DCST2	DCST2
AP1M1	AP1M1
GP9	GP9
PRPF4	PRPF4
ENSGALG00010027949	ENSGALG00010027949
CDC26	CDC26
FAM32A	FAM32A
CIB3	CIB3
SLC31A1	SLC31A1
CFAP92	CFAP92
ENSGALG00010027955	ENSGALG00010027955
RAB8A	RAB8A
ENTREP3	ENTREP3
ENSGALG00010027958	ENSGALG00010027958
TPM4	TPM4
PPP6C	PPP6C
ENSGALG00010027961	ENSGALG00010027961
SCAMP3	SCAMP3
ENSGALG00010027963	ENSGALG00010027963
RABEPK	RABEPK
ACAD9	ACAD9
CLK2	CLK2
ENSGALG00010027967	ENSGALG00010027967
FKBP15	FKBP15
HSPA5	HSPA5
GRIN3B	GRIN3B
ENSGALG00010027971	ENSGALG00010027971
TMEM259	TMEM259
GAPVD1	GAPVD1
ENSGALG00010027974	ENSGALG00010027974
IQSEC1	IQSEC1
LRSAM1	LRSAM1
BOLA1	BOLA1
ENSGALG00010027978	ENSGALG00010027978
RPL12	RPL12
NUP210	NUP210
CNN2	CNN2
ENTPD2	ENTPD2
POGZ	POGZ
ARHGAP45	ARHGAP45
PSMB4	PSMB4
CGN	CGN
TMEM141	TMEM141
HDAC11	HDAC11
ENSGALG00010027989	ENSGALG00010027989
ENSGALG00010027990	ENSGALG00010027990
ENSGALG00010027991	ENSGALG00010027991
ENSGALG00010027992	ENSGALG00010027992
CLIC3	CLIC3
TUFT1	TUFT1
POLR2E	POLR2E
GPX4	GPX4
ENSGALG00010027997	ENSGALG00010027997
SNX27	SNX27
ENSGALG00010027999	ENSGALG00010027999
MRPL9	MRPL9
SBNO2	SBNO2
ABCA2	ABCA2
ENSGALG00010028003	ENSGALG00010028003
ENSGALG00010028004	ENSGALG00010028004
IER5L	IER5L
ENSGALG00010028006	ENSGALG00010028006
STK11	STK11
NTMT1	NTMT1
RRP9	RRP9
ASB6	ASB6
ENSGALG00010028011	ENSGALG00010028011
PRRX2	PRRX2
CBARP	CBARP
THEM4 - ENSGALG00010028014	THEM4 - ENSGALG00010028014
DUSP7	DUSP7
PRF1	PRF1
S100A10 - ENSGALG00010028017	S100A10 - ENSGALG00010028017
ENSGALG00010028018	ENSGALG00010028018
RPL29	RPL29
ENSGALG00010028020	ENSGALG00010028020
ATP5D	ATP5D
DEDD - ENSGALG00010028022	DEDD - ENSGALG00010028022
ENSGALG00010028023	ENSGALG00010028023
RBM3	RBM3
TNNC1	TNNC1
ANKMY1	ANKMY1
ENSGALG00010028027	ENSGALG00010028027
FAM174C	FAM174C
EFNA2	EFNA2
PFDN2	PFDN2
NISCH	NISCH
ENSGALG00010028032	ENSGALG00010028032
ENSGALG00010028033	ENSGALG00010028033
MUM1L1	MUM1L1
ENSGALG00010028035	ENSGALG00010028035
NDUFS7	NDUFS7
ENSGALG00010028037	ENSGALG00010028037
ENSGALG00010028038	ENSGALG00010028038
STAB1	STAB1
ENSGALG00010028040	ENSGALG00010028040
ENSGALG00010028041	ENSGALG00010028041
DPP7	DPP7
NT5DC2	NT5DC2
GAMT	GAMT
ENSGALG00010028045	ENSGALG00010028045
SMIM4	SMIM4
THEM4 - ENSGALG00010028047	THEM4 - ENSGALG00010028047
S100A10 - ENSGALG00010028048	S100A10 - ENSGALG00010028048
MAN1B1	MAN1B1
PBRM1	PBRM1
GNL3	GNL3
ENSGALG00010028052	ENSGALG00010028052
ORM1	ORM1
RPS15	RPS15
DEDD - ENSGALG00010028055	DEDD - ENSGALG00010028055
SLC25A25	SLC25A25
APC2	APC2
GLT8D1	GLT8D1
GZMM	GZMM
ENSGALG00010028060	ENSGALG00010028060
NAIF1	NAIF1
ENSGALG00010028062	ENSGALG00010028062
ENSGALG00010028063	ENSGALG00010028063
SPCS1	SPCS1
REEP6	REEP6
ENSGALG00010028066	ENSGALG00010028066
FAM102A	FAM102A
POLE4	POLE4
NEK4	NEK4
MEX3A	MEX3A
DPM2	DPM2
ENSGALG00010028072	ENSGALG00010028072
ST6GALNAC4	ST6GALNAC4
ENSGALG00010028074	ENSGALG00010028074
RAB25	RAB25
ST6GALNAC6	ST6GALNAC6
ENSGALG00010028077	ENSGALG00010028077
LAMTOR2	LAMTOR2
ITIH3	ITIH3
MUSTN1	MUSTN1
UBQLN4	UBQLN4
AK1	AK1
ELAVL1	ELAVL1
ENG	ENG
ENSGALG00010028085	ENSGALG00010028085
MATK	MATK
STIMATE	STIMATE
NAXE	NAXE
ENSGALG00010028089	ENSGALG00010028089
ENSGALG00010028090	ENSGALG00010028090
FPGS	FPGS
RAX2	RAX2
SFMBT1	SFMBT1
ENSGALG00010028094	ENSGALG00010028094
CDK9	CDK9
TOR2A	TOR2A
TTC24	TTC24
RFT1	RFT1
PCASP2	PCASP2
ENSGALG00010028100	ENSGALG00010028100
MRPL54	MRPL54
CERCAM	CERCAM
APBA3	APBA3
GOLGA1	GOLGA1
PRKCD	PRKCD
ARPC5L	ARPC5L
NOTCH1	NOTCH1
IQGAP3 - ENSGALG00010028108	IQGAP3 - ENSGALG00010028108
TJP3	TJP3
COQ4	COQ4
TRUB2	TRUB2
SWI5	SWI5
PIP5K1C	PIP5K1C
PFKFB4	PFKFB4
CACTIN	CACTIN
HYAL1	HYAL1
ENSGALG00010028117	ENSGALG00010028117
ENSGALG00010028118	ENSGALG00010028118
HYAL2	HYAL2
TBXA2R	TBXA2R
TUSC2	TUSC2
SEC16A	SEC16A
RASSF1	RASSF1
SUGP2	SUGP2
HMG20B	HMG20B
ZMYND10	ZMYND10
MFSD12	MFSD12
DNM1	DNM1
CYB561D2	CYB561D2
TMEM115	TMEM115
TMEM161A	TMEM161A
CACNA2D2	CACNA2D2
ENSGALG00010028133	ENSGALG00010028133
INPP5E	INPP5E
TEKTIP1	TEKTIP1
C3orf18	C3orf18
NUP214	NUP214
ENSGALG00010028138	ENSGALG00010028138
FZR1	FZR1
HEMK1	HEMK1
CISH	CISH
PMPCA	PMPCA
ENSGALG00010028143	ENSGALG00010028143
FAM78A	FAM78A
SDCCAG3	SDCCAG3
MAPKAPK3	MAPKAPK3
SLC25A42	SLC25A42
ENSGALG00010028148	ENSGALG00010028148
SNAPC4	SNAPC4
ARMC6	ARMC6
DOCK3	DOCK3
ENSGALG00010028152	ENSGALG00010028152
MANF	MANF
ENSGALG00010028154	ENSGALG00010028154
CIZ1	CIZ1
DOHH	DOHH
PRRC2B	PRRC2B
DDX49	DDX49
DCAF1	DCAF1
ENSGALG00010028160	ENSGALG00010028160
ENSGALG00010028161	ENSGALG00010028161
CARD9	CARD9
GBP	GBP
BBLN	BBLN
NFIC	NFIC
ENSGALG00010028166	ENSGALG00010028166
ENSGALG00010028167	ENSGALG00010028167
PTGES2	PTGES2
DNLZ	DNLZ
COPE	COPE
RNF123	RNF123
CERS1	CERS1
GDF3	GDF3
GMPPB	GMPPB
POMT1	POMT1
UPF1	UPF1
COMP	COMP
ENSGALG00010028178	ENSGALG00010028178
MCM2	MCM2
ODF2	ODF2
BGLAP	BGLAP
SMG5	SMG5
CRTC1	CRTC1
TMEM79	TMEM79
GLMP	GLMP
CCT3	CCT3
TPRA1	TPRA1
ENSGALG00010028188	ENSGALG00010028188
GPSM1	GPSM1
ILF2	ILF2
KLHL26	KLHL26
ENSGALG00010028192	ENSGALG00010028192
BRINP1	BRINP1
ENSGALG00010028194	ENSGALG00010028194
ENSGALG00010028195	ENSGALG00010028195
ENSGALG00010028196	ENSGALG00010028196
INTS3	INTS3
UCK1	UCK1
DPP9	DPP9
ENSGALG00010028200	ENSGALG00010028200
ENSGALG00010028201	ENSGALG00010028201
QSOX2	QSOX2
LHX3	LHX3
ENSGALG00010028204	ENSGALG00010028204
PRRT1B	PRRT1B
RBM15B	RBM15B
ENSGALG00010028207	ENSGALG00010028207
AMIGO3	AMIGO3
ENSGALG00010028209	ENSGALG00010028209
ENSGALG00010028210	ENSGALG00010028210
GATAD2B	GATAD2B
ENSGALG00010028212	ENSGALG00010028212
ENSGALG00010028213	ENSGALG00010028213
ENSGALG00010028214	ENSGALG00010028214
ENSGALG00010028215	ENSGALG00010028215
NKX2-3 - ENSGALG00010028216	NKX2-3 - ENSGALG00010028216
ENSGALG00010028217	ENSGALG00010028217
ENSGALG00010028218	ENSGALG00010028218
ENSGALG00010028219	ENSGALG00010028219
ENSGALG00010028220	ENSGALG00010028220
TNFAIP8L1	TNFAIP8L1
ENSGALG00010028222	ENSGALG00010028222
ENSGALG00010028223	ENSGALG00010028223
ENSGALG00010028224	ENSGALG00010028224
ENSGALG00010028225	ENSGALG00010028225
FAM83DL	FAM83DL
ENSGALG00010028227	ENSGALG00010028227
ENSGALG00010028228	ENSGALG00010028228
ENSGALG00010028229	ENSGALG00010028229
ENSGALG00010028230	ENSGALG00010028230
ENSGALG00010028231	ENSGALG00010028231
C9orf69	C9orf69
ENSGALG00010028233	ENSGALG00010028233
EDCH3	EDCH3
ENSGALG00010028235	ENSGALG00010028235
ENSGALG00010028236	ENSGALG00010028236
ENSGALG00010028237	ENSGALG00010028237
ENSGALG00010028238	ENSGALG00010028238
EDMPN2	EDMPN2
ENSGALG00010028240	ENSGALG00010028240
ENSGALG00010028241	ENSGALG00010028241
ENSGALG00010028242	ENSGALG00010028242
ENSGALG00010028243	ENSGALG00010028243
ENSGALG00010028244	ENSGALG00010028244
JAC1	JAC1
ENSGALG00010028246	ENSGALG00010028246
MVP	MVP
ENSGALG00010028248	ENSGALG00010028248
ENSGALG00010028249	ENSGALG00010028249
ENSGALG00010028250	ENSGALG00010028250
ENSGALG00010028251	ENSGALG00010028251
ENSGALG00010028252	ENSGALG00010028252
ENSGALG00010028253	ENSGALG00010028253
ENSGALG00010028254	ENSGALG00010028254
ENSGALG00010028255	ENSGALG00010028255
ENSGALG00010028256	ENSGALG00010028256
ENSGALG00010028257	ENSGALG00010028257
ENSGALG00010028258	ENSGALG00010028258
ENSGALG00010028259	ENSGALG00010028259
ENSGALG00010028260	ENSGALG00010028260
ENSGALG00010028261	ENSGALG00010028261
C1orf43	C1orf43
ENSGALG00010028263	ENSGALG00010028263
ENSGALG00010028264	ENSGALG00010028264
ENSGALG00010028265	ENSGALG00010028265
ENSGALG00010028266	ENSGALG00010028266
ENSGALG00010028267	ENSGALG00010028267
ENSGALG00010028268	ENSGALG00010028268
ENSGALG00010028269	ENSGALG00010028269
RAPGEF1	RAPGEF1
ENSGALG00010028271	ENSGALG00010028271
ENSGALG00010028272	ENSGALG00010028272
ENSGALG00010028273	ENSGALG00010028273
ENSGALG00010028274	ENSGALG00010028274
ENSGALG00010028275	ENSGALG00010028275
ENSGALG00010028276	ENSGALG00010028276
ENSGALG00010028277	ENSGALG00010028277
ENSGALG00010028278	ENSGALG00010028278
EDBETA	EDBETA
ENSGALG00010028280	ENSGALG00010028280
ENSGALG00010028281	ENSGALG00010028281
ENSGALG00010028282	ENSGALG00010028282
ENSGALG00010028283	ENSGALG00010028283
ENSGALG00010028284	ENSGALG00010028284
ENSGALG00010028285	ENSGALG00010028285
KCTD12A	KCTD12A
ENSGALG00010028287	ENSGALG00010028287
ENSGALG00010028288	ENSGALG00010028288
ENSGALG00010028289	ENSGALG00010028289
EDYM1	EDYM1
ENSGALG00010028291	ENSGALG00010028291
ENSGALG00010028292	ENSGALG00010028292
ENSGALG00010028293	ENSGALG00010028293
ENSGALG00010028294	ENSGALG00010028294
ENSGALG00010028295	ENSGALG00010028295
ENSGALG00010028296	ENSGALG00010028296
ENSGALG00010028297	ENSGALG00010028297
ENSGALG00010028298	ENSGALG00010028298
ENSGALG00010028299	ENSGALG00010028299
ENSGALG00010028300	ENSGALG00010028300
ENSGALG00010028301	ENSGALG00010028301
ENSGALG00010028302	ENSGALG00010028302
ENSGALG00010028303	ENSGALG00010028303
ENSGALG00010028304	ENSGALG00010028304
ENSGALG00010028305	ENSGALG00010028305
ENSGALG00010028306	ENSGALG00010028306
ENSGALG00010028307	ENSGALG00010028307
ENSGALG00010028308	ENSGALG00010028308
ENSGALG00010028309	ENSGALG00010028309
ENSGALG00010028310	ENSGALG00010028310
ENSGALG00010028311	ENSGALG00010028311
ENSGALG00010028312	ENSGALG00010028312
ENSGALG00010028313	ENSGALG00010028313
MEF2D	MEF2D
ENSGALG00010028315	ENSGALG00010028315
TIMM44	TIMM44
ENSGALG00010028317	ENSGALG00010028317
NACC2	NACC2
ENSGALG00010028319	ENSGALG00010028319
ENSGALG00010028320	ENSGALG00010028320
RHBG	RHBG
STRBP	STRBP
ENSGALG00010028323	ENSGALG00010028323
ENSGALG00010028324	ENSGALG00010028324
ENSGALG00010028325	ENSGALG00010028325
CRB2	CRB2
ENSGALG00010028327	ENSGALG00010028327
HNRNPM	HNRNPM
HAPLN2	HAPLN2
ENSGALG00010028330	ENSGALG00010028330
ENSGALG00010028331	ENSGALG00010028331
ENSGALG00010028332	ENSGALG00010028332
ENSGALG00010028333	ENSGALG00010028333
ENSGALG00010028334	ENSGALG00010028334
ENSGALG00010028335	ENSGALG00010028335
ENSGALG00010028336	ENSGALG00010028336
ENSGALG00010028337	ENSGALG00010028337
ENSGALG00010028338	ENSGALG00010028338
BCAN	BCAN
ENSGALG00010028340	ENSGALG00010028340
ENSGALG00010028341	ENSGALG00010028341
ENSGALG00010028342	ENSGALG00010028342
ENSGALG00010028343	ENSGALG00010028343
LSM7	LSM7
ENSGALG00010028345	ENSGALG00010028345
DENND1A	DENND1A
ENSGALG00010028347	ENSGALG00010028347
NES	NES
ENSGALG00010028349	ENSGALG00010028349
ENSGALG00010028350	ENSGALG00010028350
ENSGALG00010028351	ENSGALG00010028351
ENSGALG00010028352	ENSGALG00010028352
ENSGALG00010028353	ENSGALG00010028353
ENSGALG00010028354	ENSGALG00010028354
RBM18	RBM18
ENSGALG00010028356	ENSGALG00010028356
SPPL2C	SPPL2C
ENSGALG00010028358	ENSGALG00010028358
ENSGALG00010028359	ENSGALG00010028359
ENSGALG00010028360	ENSGALG00010028360
ENSGALG00010028361	ENSGALG00010028361
TMPRSS9	TMPRSS9
ENSGALG00010028363	ENSGALG00010028363
MHM2	MHM2
ENSGALG00010028365	ENSGALG00010028365
MRRFP1	MRRFP1
ENSGALG00010028367	ENSGALG00010028367
TIMM13	TIMM13
ENSGALG00010028369	ENSGALG00010028369
S100A12	S100A12
ENSGALG00010028371	ENSGALG00010028371
PTGS1	PTGS1
ENSGALG00010028373	ENSGALG00010028373
FDPS	FDPS
LMNB2	LMNB2
ENSGALG00010028376	ENSGALG00010028376
PDCL	PDCL
ENSGALG00010028378	ENSGALG00010028378
HAPLN4	HAPLN4
RUSC1	RUSC1
ENSGALG00010028381	ENSGALG00010028381
ENSGALG00010028382	ENSGALG00010028382
ENSGALG00010028383	ENSGALG00010028383
ENSGALG00010028384	ENSGALG00010028384
ENSGALG00010028385	ENSGALG00010028385
NCAN	NCAN
ENSGALG00010028387	ENSGALG00010028387
ENSGALG00010028388	ENSGALG00010028388
ENSGALG00010028389	ENSGALG00010028389
ENSGALG00010028390	ENSGALG00010028390
MED26	MED26
ASH1L	ASH1L
SNORD19	SNORD19
ZBTB26	ZBTB26
ENSGALG00010028395	ENSGALG00010028395
SNORD69	SNORD69
U6 - ENSGALG00010028397	U6 - ENSGALG00010028397
SNORA84	SNORA84
SLC35E1	SLC35E1
gga-mir-135a-1	gga-mir-135a-1
ENSGALG00010028401	ENSGALG00010028401
gga-let-7d	gga-let-7d
gga-let-7f	gga-let-7f
gga-mir-1563	gga-mir-1563
S100A6	S100A6
gga-mir-12220	gga-mir-12220
gga-mir-1572	gga-mir-1572
gga-mir-1787	gga-mir-1787
ENSGALG00010028409	ENSGALG00010028409
gga-let-7a-1	gga-let-7a-1
LHX2	LHX2
ENSGALG00010028412	ENSGALG00010028412
ENSGALG00010028413	ENSGALG00010028413
KBTBD12	KBTBD12
FSD1	FSD1
ENSGALG00010028416	ENSGALG00010028416
ENSGALG00010028417	ENSGALG00010028417
ENSGALG00010028418	ENSGALG00010028418
ENSGALG00010028419	ENSGALG00010028419
ENSGALG00010028420	ENSGALG00010028420
ZBTB7A	ZBTB7A
RXRA	RXRA
LARP6L	LARP6L
ENSGALG00010028424	ENSGALG00010028424
DAP3	DAP3
GPR21	GPR21
ENSGALG00010028427	ENSGALG00010028427
RABGAP1	RABGAP1
REXO1	REXO1
NR2C2AP	NR2C2AP
ENSGALG00010028431	ENSGALG00010028431
RFXANK	RFXANK
MSTO1	MSTO1
COL5A1	COL5A1
ATP8B3	ATP8B3
S100A1	S100A1
ENSGALG00010028437	ENSGALG00010028437
MED27	MED27
BORCS8	BORCS8
PSMB7	PSMB7
ONECUT3	ONECUT3
CHTOP	CHTOP
ENSGALG00010028443	ENSGALG00010028443
MEF2B	MEF2B
SYT11	SYT11
ENSGALG00010028446	ENSGALG00010028446
OLFM1	OLFM1
RIT1	RIT1
EFCAB12	EFCAB12
PTGDS	PTGDS
TMEM59L	TMEM59L
GOLPH3L	GOLPH3L
ENSGALG00010028453	ENSGALG00010028453
C8G	C8G
ENSA	ENSA
FBXW5	FBXW5
KANK3	KANK3
TRAF2	TRAF2
MCL1	MCL1
CRLF1	CRLF1
ENSGALG00010028461	ENSGALG00010028461
EDF1	EDF1
RPS28	RPS28
ENSGALG00010028464	ENSGALG00010028464
ENSGALG00010028465	ENSGALG00010028465
MAMDC4	MAMDC4
ENSGALG00010028467	ENSGALG00010028467
PHPT1	PHPT1
ACTL9	ACTL9
C17H9ORF172	C17H9ORF172
TPGS1	TPGS1
RPRD2	RPRD2
CDC34	CDC34
PEX19	PEX19
AMBP	AMBP
ENSGALG00010028476	ENSGALG00010028476
NRARP	NRARP
PEA15	PEA15
CASQ1	CASQ1
F11R	F11R
ENSGALG00010028481	ENSGALG00010028481
CD320	CD320
EXD3	EXD3
NOXA1	NOXA1
USF1	USF1
ARHGAP30	ARHGAP30
ENTPD8	ENTPD8
PTGES	PTGES
ENSGALG00010028489	ENSGALG00010028489
NECTIN4	NECTIN4
TOR1B	TOR1B
ENSGALG00010028492	ENSGALG00010028492
TOR1A	TOR1A
ENSGALG00010028494	ENSGALG00010028494
LINGO3	LINGO3
ENSGALG00010028496	ENSGALG00010028496
ADMP	ADMP
C17H9orf78	C17H9orf78
ENSGALG00010028499	ENSGALG00010028499
VPS45	VPS45
USP20	USP20
PLEKHO1	PLEKHO1
NDOR1	NDOR1
RNF224	RNF224
ENSGALG00010028505	ENSGALG00010028505
SHD	SHD
ANP32E	ANP32E
ENSGALG00010028508	ENSGALG00010028508
ENSGALG00010028509	ENSGALG00010028509
CILP2	CILP2
YJEFN3	YJEFN3
NDUFA13	NDUFA13
ENSGALG00010028513	ENSGALG00010028513
FNBP1	FNBP1
ENSGALG00010028515	ENSGALG00010028515
GATAD2A	GATAD2A
RNF208	RNF208
MAU2	MAU2
ENSGALG00010028519	ENSGALG00010028519
ENSGALG00010028520	ENSGALG00010028520
ENSGALG00010028521	ENSGALG00010028521
ENSGALG00010028522	ENSGALG00010028522
SUGP1	SUGP1
ENSGALG00010028524	ENSGALG00010028524
TM6SF2	TM6SF2
ENSGALG00010028526	ENSGALG00010028526
ENSGALG00010028527	ENSGALG00010028527
UHRF1	UHRF1
GRIN1	GRIN1
ENSGALG00010028530	ENSGALG00010028530
ENSGALG00010028531	ENSGALG00010028531
ENSGALG00010028532	ENSGALG00010028532
ENSGALG00010028533	ENSGALG00010028533
ENSGALG00010028534	ENSGALG00010028534
TICAM1	TICAM1
GPR107	GPR107
ENSGALG00010028537	ENSGALG00010028537
FEM1A	FEM1A
ENSGALG00010028539	ENSGALG00010028539
ENSGALG00010028540	ENSGALG00010028540
ENSGALG00010028541	ENSGALG00010028541
ENSGALG00010028542	ENSGALG00010028542
ANP32B	ANP32B
ZNF414	ZNF414
ENSGALG00010028545	ENSGALG00010028545
ENSGALG00010028546	ENSGALG00010028546
ZNF618	ZNF618
MYO1F	MYO1F
ADAMTS10	ADAMTS10
ZAP70	ZAP70
NCS1	NCS1
ENSGALG00010028552	ENSGALG00010028552
ENSGALG00010028553	ENSGALG00010028553
ENSGALG00010028554	ENSGALG00010028554
ENSGALG00010028555	ENSGALG00010028555
SPTAN1	SPTAN1
ENSGALG00010028557	ENSGALG00010028557
ENSGALG00010028558	ENSGALG00010028558
WDR34	WDR34
ENSGALG00010028560	ENSGALG00010028560
SET	SET
ACSBG2	ACSBG2
ENSGALG00010028563	ENSGALG00010028563
ENSGALG00010028564	ENSGALG00010028564
PKN3	PKN3
ZDHHC12	ZDHHC12
ENSGALG00010028567	ENSGALG00010028567
MLLT1	MLLT1
ZER1	ZER1
ACER1	ACER1
ENSGALG00010028571	ENSGALG00010028571
TBC1D13	TBC1D13
KCNN1	KCNN1
ENDOG	ENDOG
SETDB1	SETDB1
ENSGALG00010028576	ENSGALG00010028576
CERS2	CERS2
SPOUT1	SPOUT1
OCLN	OCLN
PRUNE1	PRUNE1
NR2F6	NR2F6
KYAT1	KYAT1
USHBP1	USHBP1
LRRC8A	LRRC8A
MINDY1	MINDY1
BABAM1	BABAM1
ANKLE1	ANKLE1
ABHD8	ABHD8
PHYHD1	PHYHD1
ENSGALG00010028590	ENSGALG00010028590
GABPB2	GABPB2
SEMA6C	SEMA6C
DOLK	DOLK
ENSGALG00010028594	ENSGALG00010028594
SCNM1	SCNM1
DDA1	DDA1
NUP188	NUP188
TMOD4	TMOD4
VPS72	VPS72
PSMD4	PSMD4
ANO8	ANO8
ZNF687	ZNF687
SH3GLB2	SH3GLB2
PI4KB	PI4KB
GTPBP3	GTPBP3
PRPF3	PRPF3
PLVAP	PLVAP
MIGA2	MIGA2
MRPS21	MRPS21
ENSGALG00010028610	ENSGALG00010028610
ENSGALG00010028611	ENSGALG00010028611
DIRAS1	DIRAS1
ENSGALG00010028613	ENSGALG00010028613
GIPC3	GIPC3
ENSGALG00010028615	ENSGALG00010028615
ENSGALG00010028616	ENSGALG00010028616
ENSGALG00010028617	ENSGALG00010028617
DOLPP1	DOLPP1
ENSGALG00010028619	ENSGALG00010028619
ENSGALG00010028620	ENSGALG00010028620
ENSGALG00010028621	ENSGALG00010028621
ENSGALG00010028622	ENSGALG00010028622
ENSGALG00010028623	ENSGALG00010028623
ENSGALG00010028624	ENSGALG00010028624
ENSGALG00010028625	ENSGALG00010028625
CRAT	CRAT
ENSGALG00010028627	ENSGALG00010028627
ENSGALG00010028628	ENSGALG00010028628
ENSGALG00010028629	ENSGALG00010028629
ENSGALG00010028630	ENSGALG00010028630
ENSGALG00010028631	ENSGALG00010028631
ENSGALG00010028632	ENSGALG00010028632
ENSGALG00010028633	ENSGALG00010028633
ENSGALG00010028634	ENSGALG00010028634
ENSGALG00010028635	ENSGALG00010028635
ENSGALG00010028636	ENSGALG00010028636
ENSGALG00010028637	ENSGALG00010028637
ENSGALG00010028638	ENSGALG00010028638
ENSGALG00010028639	ENSGALG00010028639
ENSGALG00010028640	ENSGALG00010028640
ENSGALG00010028641	ENSGALG00010028641
APH1A	APH1A
ENSGALG00010028643	ENSGALG00010028643
ENSGALG00010028644	ENSGALG00010028644
ENSGALG00010028645	ENSGALG00010028645
ENSGALG00010028646	ENSGALG00010028646
ENSGALG00010028647	ENSGALG00010028647
ENSGALG00010028648	ENSGALG00010028648
ENSGALG00010028649	ENSGALG00010028649
ENSGALG00010028650	ENSGALG00010028650
ENSGALG00010028651	ENSGALG00010028651
ENSGALG00010028652	ENSGALG00010028652
ENSGALG00010028653	ENSGALG00010028653
ENSGALG00010028654	ENSGALG00010028654
ENSGALG00010028655	ENSGALG00010028655
ENSGALG00010028656	ENSGALG00010028656
ENSGALG00010028657	ENSGALG00010028657
PTPA	PTPA
ENSGALG00010028659	ENSGALG00010028659
ENSGALG00010028660	ENSGALG00010028660
ENSGALG00010028661	ENSGALG00010028661
FCRL4	FCRL4
ENSGALG00010028663	ENSGALG00010028663
ENSGALG00010028664	ENSGALG00010028664
ENSGALG00010028665	ENSGALG00010028665
ENSGALG00010028666	ENSGALG00010028666
ENSGALG00010028667	ENSGALG00010028667
ENSGALG00010028668	ENSGALG00010028668
ZBTB34	ZBTB34
ENSGALG00010028670	ENSGALG00010028670
CADM3	CADM3
ENSGALG00010028672	ENSGALG00010028672
ENSGALG00010028673	ENSGALG00010028673
ENSGALG00010028674	ENSGALG00010028674
ZBTB43	ZBTB43
ENSGALG00010028676	ENSGALG00010028676
ENSGALG00010028677	ENSGALG00010028677
ACKR1	ACKR1
ENSGALG00010028679	ENSGALG00010028679
ENSGALG00010028680	ENSGALG00010028680
ENSGALG00010028681	ENSGALG00010028681
ENSGALG00010028682	ENSGALG00010028682
CRPL2	CRPL2
ENSGALG00010028684	ENSGALG00010028684
ENSGALG00010028685	ENSGALG00010028685
TAGLN2	TAGLN2
ENSGALG00010028687	ENSGALG00010028687
ENSGALG00010028688	ENSGALG00010028688
CFAP45	CFAP45
ENSGALG00010028690	ENSGALG00010028690
ENSGALG00010028691	ENSGALG00010028691
RALGPS1	RALGPS1
ENSGALG00010028693	ENSGALG00010028693
ENSGALG00010028694	ENSGALG00010028694
VSIG8	VSIG8
ENSGALG00010028696	ENSGALG00010028696
ENSGALG00010028697	ENSGALG00010028697
ENSGALG00010028698	ENSGALG00010028698
ENSGALG00010028699	ENSGALG00010028699
ANGPTL2	ANGPTL2
ENSGALG00010028701	ENSGALG00010028701
ENSGALG00010028702	ENSGALG00010028702
ENSGALG00010028703	ENSGALG00010028703
ENSGALG00010028704	ENSGALG00010028704
ENSGALG00010028705	ENSGALG00010028705
ENSGALG00010028706	ENSGALG00010028706
ENSGALG00010028707	ENSGALG00010028707
ENSGALG00010028708	ENSGALG00010028708
ENSGALG00010028709	ENSGALG00010028709
ENSGALG00010028710	ENSGALG00010028710
ENSGALG00010028711	ENSGALG00010028711
FBXW2	FBXW2
ENSGALG00010028713	ENSGALG00010028713
ENSGALG00010028714	ENSGALG00010028714
U6 - ENSGALG00010028715	U6 - ENSGALG00010028715
U6 - ENSGALG00010028716	U6 - ENSGALG00010028716
U6 - ENSGALG00010028717	U6 - ENSGALG00010028717
ENSGALG00010028718	ENSGALG00010028718
ENSGALG00010028719	ENSGALG00010028719
gga-mir-7-3	gga-mir-7-3
gga-mir-1621	gga-mir-1621
gga-mir-1774	gga-mir-1774
gga-mir-1647	gga-mir-1647
gga-mir-1777	gga-mir-1777
gga-mir-6693	gga-mir-6693
SLC2A8	SLC2A8
ENSGALG00010028727	ENSGALG00010028727
gga-mir-211	gga-mir-211
gga-mir-1434	gga-mir-1434
gga-mir-6666	gga-mir-6666
gga-mir-9-1	gga-mir-9-1
ENSGALG00010028732	ENSGALG00010028732
ENSGALG00010028733	ENSGALG00010028733
ENSGALG00010028734	ENSGALG00010028734
ENSGALG00010028735	ENSGALG00010028735
NTRK1	NTRK1
ENSGALG00010028737	ENSGALG00010028737
MIDN	MIDN
GARNL3	GARNL3
DAZAP1	DAZAP1
ENSGALG00010028741	ENSGALG00010028741
ENSGALG00010028742	ENSGALG00010028742
ARRDC1	ARRDC1
HOMER3	HOMER3
ENSGALG00010028745	ENSGALG00010028745
MYDGF	MYDGF
ENSGALG00010028747	ENSGALG00010028747
PIAS3	PIAS3
ENSGALG00010028749	ENSGALG00010028749
OTUD7B	OTUD7B
EHMT1	EHMT1
MTMR11	MTMR11
SV2A	SV2A
ENSGALG00010028754	ENSGALG00010028754
ENSGALG00010028755	ENSGALG00010028755
ENSGALG00010028756	ENSGALG00010028756
MAT2A - ENSGALG00010028757	MAT2A - ENSGALG00010028757
ENSGALG00010028758	ENSGALG00010028758
ENSGALG00010028759	ENSGALG00010028759
SSR2	SSR2
CTSS	CTSS
CACNA1B	CACNA1B
CTSK	CTSK
ARNT	ARNT
ENSGALG00010028765	ENSGALG00010028765
ENSGALG00010028766	ENSGALG00010028766
ENSGALG00010028767	ENSGALG00010028767
NTNG2	NTNG2
ENSGALG00010028769	ENSGALG00010028769
ENSGALG00010028770	ENSGALG00010028770
SETX	SETX
TTF1	TTF1
ENSGALG00010028773	ENSGALG00010028773
ENSGALG00010028774	ENSGALG00010028774
ENSGALG00010028775	ENSGALG00010028775
ENSGALG00010028776	ENSGALG00010028776
CFAP77	CFAP77
ENSGALG00010028778	ENSGALG00010028778
ENSGALG00010028779	ENSGALG00010028779
BARHL1	BARHL1
ENSGALG00010028781	ENSGALG00010028781
MLLT11	MLLT11
DDX31	DDX31
ENSGALG00010028784	ENSGALG00010028784
ENSGALG00010028785	ENSGALG00010028785
GTF3C4	GTF3C4
ENSGALG00010028787	ENSGALG00010028787
ENSGALG00010028788	ENSGALG00010028788
ENSGALG00010028789	ENSGALG00010028789
ENSGALG00010028790	ENSGALG00010028790
ENSGALG00010028791	ENSGALG00010028791
ENSGALG00010028792	ENSGALG00010028792
ENSGALG00010028793	ENSGALG00010028793
ENSGALG00010028794	ENSGALG00010028794
ENSGALG00010028795	ENSGALG00010028795
ENSGALG00010028796	ENSGALG00010028796
ENSGALG00010028797	ENSGALG00010028797
ENSGALG00010028798	ENSGALG00010028798
ENSGALG00010028799	ENSGALG00010028799
ENSGALG00010028800	ENSGALG00010028800
ENSGALG00010028801	ENSGALG00010028801
ENSGALG00010028802	ENSGALG00010028802
ENSGALG00010028803	ENSGALG00010028803
ENSGALG00010028804	ENSGALG00010028804
ENSGALG00010028805	ENSGALG00010028805
SPACA9	SPACA9
ENSGALG00010028807	ENSGALG00010028807
ENSGALG00010028808	ENSGALG00010028808
ENSGALG00010028809	ENSGALG00010028809
ENSGALG00010028810	ENSGALG00010028810
ENSGALG00010028811	ENSGALG00010028811
ENSGALG00010028812	ENSGALG00010028812
ENSGALG00010028813	ENSGALG00010028813
ENSGALG00010028814	ENSGALG00010028814
ENSGALG00010028815	ENSGALG00010028815
ENSGALG00010028816	ENSGALG00010028816
ENSGALG00010028817	ENSGALG00010028817
TSC1	TSC1
ENSGALG00010028819	ENSGALG00010028819
ENSGALG00010028820	ENSGALG00010028820
ENSGALG00010028821	ENSGALG00010028821
ENSGALG00010028822	ENSGALG00010028822
GFI1B	GFI1B
ENSGALG00010028824	ENSGALG00010028824
ENSGALG00010028825	ENSGALG00010028825
CEL	CEL
ENSGALG00010028827	ENSGALG00010028827
ENSGALG00010028828	ENSGALG00010028828
GTF3C5	GTF3C5
ENSGALG00010028830	ENSGALG00010028830
ENSGALG00010028831	ENSGALG00010028831
ENSGALG00010028832	ENSGALG00010028832
GBGT1	GBGT1
ENSGALG00010028834	ENSGALG00010028834
ENSGALG00010028835	ENSGALG00010028835
ENSGALG00010028836	ENSGALG00010028836
ENSGALG00010028837	ENSGALG00010028837
ENSGALG00010028838	ENSGALG00010028838
ENSGALG00010028839	ENSGALG00010028839
ENSGALG00010028840	ENSGALG00010028840
ENSGALG00010028841	ENSGALG00010028841
ENSGALG00010028842	ENSGALG00010028842
ENSGALG00010028843	ENSGALG00010028843
ENSGALG00010028844	ENSGALG00010028844
gga-mir-1629	gga-mir-1629
gga-mir-6620	gga-mir-6620
gga-mir-6646-1	gga-mir-6646-1
gga-mir-3536	gga-mir-3536
ENSGALG00010028849	ENSGALG00010028849
gga-mir-190b	gga-mir-190b
gga-mir-12251	gga-mir-12251
gga-mir-9-4	gga-mir-9-4
ENSGALG00010028853	ENSGALG00010028853
RPL7A	RPL7A
SURF6	SURF6
ETV3	ETV3
MED22	MED22
ENSGALG00010028858	ENSGALG00010028858
SURF1	SURF1
SURF2	SURF2
SURF4	SURF4
EDMTF4	EDMTF4
EDQM1	EDQM1
ENSGALG00010028864	ENSGALG00010028864
STKLD1	STKLD1
HORMAD1	HORMAD1
REXO4	REXO4
ENSGALG00010028868	ENSGALG00010028868
ADAMTS13	ADAMTS13
CACFD1	CACFD1
PIP5K1A	PIP5K1A
SLC2A6	SLC2A6
TMEM8C	TMEM8C
CRPL1	CRPL1
DUSP23	DUSP23
ADAMTSL2	ADAMTSL2
FAM163B	FAM163B
IGSF9	IGSF9
DBH	DBH
ENSGALG00010028880	ENSGALG00010028880
SARDH	SARDH
ENSGALG00010028882	ENSGALG00010028882
ENSGALG00010028883	ENSGALG00010028883
VAV2	VAV2
BRD3	BRD3
ENSGALG00010028886	ENSGALG00010028886
SF3B4	SF3B4
WDR5B	WDR5B
FUBP3	FUBP3
ENSGALG00010028890	ENSGALG00010028890
SLC31A2	SLC31A2
NIBAN2	NIBAN2
STXBP1	STXBP1
AKNA	AKNA
WHRN	WHRN
ATP6V1G1	ATP6V1G1
TMEM268	TMEM268
TNFSF15	TNFSF15
TNFSF8	TNFSF8
TNC	TNC
PAPPA	PAPPA
ENSGALG00010028902	ENSGALG00010028902
ENSGALG00010028903	ENSGALG00010028903
TRIM32	TRIM32
COLGALT1	COLGALT1
ENSGALG00010028906	ENSGALG00010028906
ENSGALG00010028907	ENSGALG00010028907
ENSGALG00010028908	ENSGALG00010028908
ENSGALG00010028909	ENSGALG00010028909
ENSGALG00010028910	ENSGALG00010028910
LMX1B	LMX1B
EXFABP	EXFABP
ENSGALG00010028913	ENSGALG00010028913
TLR4	TLR4
ADGRD2	ADGRD2
NR5A1	NR5A1
NR6A1	NR6A1
AGPAT2	AGPAT2
EGFL7	EGFL7
QRFP	QRFP
MRPL41	MRPL41
ENSGALG00010028922	ENSGALG00010028922
ENSGALG00010028923	ENSGALG00010028923
TMEM203	TMEM203
ENSGALG00010028925	ENSGALG00010028925
ENSGALG00010028926	ENSGALG00010028926
ENSGALG00010028927	ENSGALG00010028927
ENSGALG00010028928	ENSGALG00010028928
ENSGALG00010028929	ENSGALG00010028929
ENSGALG00010028930	ENSGALG00010028930
ENSGALG00010028931	ENSGALG00010028931
ENSGALG00010028932	ENSGALG00010028932
ENSGALG00010028933	ENSGALG00010028933
ENSGALG00010028934	ENSGALG00010028934
ENSGALG00010028935	ENSGALG00010028935
ENSGALG00010028936	ENSGALG00010028936
ENSGALG00010028937	ENSGALG00010028937
ENSGALG00010028938	ENSGALG00010028938
ENSGALG00010028939	ENSGALG00010028939
ENSGALG00010028940	ENSGALG00010028940
ENSGALG00010028941	ENSGALG00010028941
ENSGALG00010028942	ENSGALG00010028942
ENSGALG00010028943	ENSGALG00010028943
ENSGALG00010028944	ENSGALG00010028944
ENSGALG00010028945	ENSGALG00010028945
ENSGALG00010028946	ENSGALG00010028946
ENSGALG00010028947	ENSGALG00010028947
ENSGALG00010028948	ENSGALG00010028948
ENSGALG00010028949	ENSGALG00010028949
ENSGALG00010028950	ENSGALG00010028950
ENSGALG00010028951	ENSGALG00010028951
ENSGALG00010028952	ENSGALG00010028952
ENSGALG00010028953	ENSGALG00010028953
ENSGALG00010028954	ENSGALG00010028954
ENSGALG00010028955	ENSGALG00010028955
ENSGALG00010028956	ENSGALG00010028956
ENSGALG00010028957	ENSGALG00010028957
ENSGALG00010028958	ENSGALG00010028958
ENSGALG00010028959	ENSGALG00010028959
ENSGALG00010028960	ENSGALG00010028960
ENSGALG00010028961	ENSGALG00010028961
ENSGALG00010028962	ENSGALG00010028962
ENSGALG00010028963	ENSGALG00010028963
ENSGALG00010028964	ENSGALG00010028964
ENSGALG00010028965	ENSGALG00010028965
ENSGALG00010028966	ENSGALG00010028966
ENSGALG00010028967	ENSGALG00010028967
ENSGALG00010028968	ENSGALG00010028968
ENSGALG00010028969	ENSGALG00010028969
ENSGALG00010028970	ENSGALG00010028970
ENSGALG00010028971	ENSGALG00010028971
ENSGALG00010028972	ENSGALG00010028972
ENSGALG00010028973	ENSGALG00010028973
ENSGALG00010028974	ENSGALG00010028974
ENSGALG00010028975	ENSGALG00010028975
ENSGALG00010028976	ENSGALG00010028976
ENSGALG00010028977	ENSGALG00010028977
ENSGALG00010028978	ENSGALG00010028978
ENSGALG00010028979	ENSGALG00010028979
ENSGALG00010028980	ENSGALG00010028980
ENSGALG00010028981	ENSGALG00010028981
ENSGALG00010028982	ENSGALG00010028982
ENSGALG00010028983	ENSGALG00010028983
ENSGALG00010028984	ENSGALG00010028984
ENSGALG00010028985	ENSGALG00010028985
ENSGALG00010028986	ENSGALG00010028986
ENSGALG00010028987	ENSGALG00010028987
ENSGALG00010028988	ENSGALG00010028988
ENSGALG00010028989	ENSGALG00010028989
ENSGALG00010028990	ENSGALG00010028990
ENSGALG00010028991	ENSGALG00010028991
ENSGALG00010028992	ENSGALG00010028992
ENSGALG00010028993	ENSGALG00010028993
ENSGALG00010028994	ENSGALG00010028994
ENSGALG00010028995	ENSGALG00010028995
ENSGALG00010028996	ENSGALG00010028996
ENSGALG00010028997	ENSGALG00010028997
ENSGALG00010028998	ENSGALG00010028998
ENSGALG00010028999	ENSGALG00010028999
ENSGALG00010029000	ENSGALG00010029000
ENSGALG00010029001	ENSGALG00010029001
ENSGALG00010029002	ENSGALG00010029002
ENSGALG00010029003	ENSGALG00010029003
ENSGALG00010029004	ENSGALG00010029004
ENSGALG00010029005	ENSGALG00010029005
ENSGALG00010029006	ENSGALG00010029006
ENSGALG00010029007	ENSGALG00010029007
ENSGALG00010029008	ENSGALG00010029008
ENSGALG00010029009	ENSGALG00010029009
ENSGALG00010029010	ENSGALG00010029010
ENSGALG00010029011	ENSGALG00010029011
ENSGALG00010029012	ENSGALG00010029012
ENSGALG00010029013	ENSGALG00010029013
ENSGALG00010029014	ENSGALG00010029014
ENSGALG00010029015	ENSGALG00010029015
ENSGALG00010029016	ENSGALG00010029016
ENSGALG00010029017	ENSGALG00010029017
ENSGALG00010029018	ENSGALG00010029018
ENSGALG00010029019	ENSGALG00010029019
ENSGALG00010029020	ENSGALG00010029020
ENSGALG00010029021	ENSGALG00010029021
ENSGALG00010029022	ENSGALG00010029022
ENSGALG00010029023	ENSGALG00010029023
ENSGALG00010029024	ENSGALG00010029024
ENSGALG00010029025	ENSGALG00010029025
ENSGALG00010029026	ENSGALG00010029026
ENSGALG00010029027	ENSGALG00010029027
ENSGALG00010029028	ENSGALG00010029028
ENSGALG00010029029	ENSGALG00010029029
ENSGALG00010029030	ENSGALG00010029030
ENSGALG00010029031	ENSGALG00010029031
ENSGALG00010029032	ENSGALG00010029032
ENSGALG00010029033	ENSGALG00010029033
ENSGALG00010029034	ENSGALG00010029034
ENSGALG00010029035	ENSGALG00010029035
ENSGALG00010029036	ENSGALG00010029036
ENSGALG00010029037	ENSGALG00010029037
ENSGALG00010029038	ENSGALG00010029038
ENSGALG00010029039	ENSGALG00010029039
ENSGALG00010029040	ENSGALG00010029040
ENSGALG00010029041	ENSGALG00010029041
ENSGALG00010029042	ENSGALG00010029042
ENSGALG00010029043	ENSGALG00010029043
ENSGALG00010029044	ENSGALG00010029044
ENSGALG00010029045	ENSGALG00010029045
ENSGALG00010029046	ENSGALG00010029046
ENSGALG00010029047	ENSGALG00010029047
ENSGALG00010029048	ENSGALG00010029048
ENSGALG00010029049	ENSGALG00010029049
ENSGALG00010029050	ENSGALG00010029050
ENSGALG00010029051	ENSGALG00010029051
ENSGALG00010029052	ENSGALG00010029052
ENSGALG00010029053	ENSGALG00010029053
ENSGALG00010029054	ENSGALG00010029054
ENSGALG00010029055	ENSGALG00010029055
ENSGALG00010029056	ENSGALG00010029056
ENSGALG00010029057	ENSGALG00010029057
ENSGALG00010029058	ENSGALG00010029058
ENSGALG00010029059	ENSGALG00010029059
ENSGALG00010029060	ENSGALG00010029060
ENSGALG00010029061	ENSGALG00010029061
ENSGALG00010029062	ENSGALG00010029062
ENSGALG00010029063	ENSGALG00010029063
ENSGALG00010029064	ENSGALG00010029064
ENSGALG00010029065	ENSGALG00010029065
ENSGALG00010029066	ENSGALG00010029066
ENSGALG00010029067	ENSGALG00010029067
ENSGALG00010029068	ENSGALG00010029068
ENSGALG00010029069	ENSGALG00010029069
ENSGALG00010029070	ENSGALG00010029070
ENSGALG00010029071	ENSGALG00010029071
ENSGALG00010029072	ENSGALG00010029072
ENSGALG00010029073	ENSGALG00010029073
ENSGALG00010029074	ENSGALG00010029074
ENSGALG00010029075	ENSGALG00010029075
ENSGALG00010029076	ENSGALG00010029076
ENSGALG00010029077	ENSGALG00010029077
ENSGALG00010029078	ENSGALG00010029078
ENSGALG00010029079	ENSGALG00010029079
ENSGALG00010029080	ENSGALG00010029080
ENSGALG00010029081	ENSGALG00010029081
ENSGALG00010029082	ENSGALG00010029082
ENSGALG00010029083	ENSGALG00010029083
ENSGALG00010029084	ENSGALG00010029084
ENSGALG00010029085	ENSGALG00010029085
ENSGALG00010029086	ENSGALG00010029086
ENSGALG00010029087	ENSGALG00010029087
ENSGALG00010029088	ENSGALG00010029088
ENSGALG00010029089	ENSGALG00010029089
ENSGALG00010029090	ENSGALG00010029090
ENSGALG00010029091	ENSGALG00010029091
ENSGALG00010029092	ENSGALG00010029092
ENSGALG00010029093	ENSGALG00010029093
ENSGALG00010029094	ENSGALG00010029094
ENSGALG00010029095	ENSGALG00010029095
ENSGALG00010029096	ENSGALG00010029096
ENSGALG00010029097	ENSGALG00010029097
ENSGALG00010029098	ENSGALG00010029098
ENSGALG00010029099	ENSGALG00010029099
ENSGALG00010029100	ENSGALG00010029100
ENSGALG00010029101	ENSGALG00010029101
ENSGALG00010029102	ENSGALG00010029102
ENSGALG00010029103	ENSGALG00010029103
ENSGALG00010029104	ENSGALG00010029104
ENSGALG00010029105	ENSGALG00010029105
ENSGALG00010029106	ENSGALG00010029106
ENSGALG00010029107	ENSGALG00010029107
ENSGALG00010029108	ENSGALG00010029108
ENSGALG00010029109	ENSGALG00010029109
ENSGALG00010029110	ENSGALG00010029110
ENSGALG00010029111	ENSGALG00010029111
ENSGALG00010029112	ENSGALG00010029112
ENSGALG00010029113	ENSGALG00010029113
ENSGALG00010029114	ENSGALG00010029114
ENSGALG00010029115	ENSGALG00010029115
ENSGALG00010029116	ENSGALG00010029116
ENSGALG00010029117	ENSGALG00010029117
ENSGALG00010029118	ENSGALG00010029118
ENSGALG00010029119	ENSGALG00010029119
ENSGALG00010029120	ENSGALG00010029120
U4 - ENSGALG00010029121	U4 - ENSGALG00010029121
SNORD90	SNORD90
ENSGALG00010029123	ENSGALG00010029123
SNORD36 - ENSGALG00010029124	SNORD36 - ENSGALG00010029124
SNORD24 - ENSGALG00010029125	SNORD24 - ENSGALG00010029125
SNORD36 - ENSGALG00010029126	SNORD36 - ENSGALG00010029126
SNORA65	SNORA65
gga-mir-1705	gga-mir-1705
gga-mir-181b-2	gga-mir-181b-2
gga-mir-6696	gga-mir-6696
gga-mir-1753	gga-mir-1753
gga-mir-7441	gga-mir-7441
gga-mir-455	gga-mir-455
gga-mir-199-1	gga-mir-199-1
gga-mir-12230	gga-mir-12230
gga-mir-126	gga-mir-126
gga-mir-1465	gga-mir-1465
gga-mir-181a-2	gga-mir-181a-2
gga-mir-219b	gga-mir-219b
NPDC1	NPDC1
C5	C5
ENSGALG00010029142	ENSGALG00010029142
SH2D3C	SH2D3C
ENSGALG00010029144	ENSGALG00010029144
RC3H2	RC3H2
NEK6	NEK6
RABL6	RABL6
RALGDS	RALGDS
ENSGALG00010029149	ENSGALG00010029149
NARF	NARF
CYBC1	CYBC1
HEXD	HEXD
OGFOD3	OGFOD3
UTS2R	UTS2R
ENSGALG00010029155	ENSGALG00010029155
ENSGALG00010029156	ENSGALG00010029156
ENSGALG00010029157	ENSGALG00010029157
CD7	CD7
SSC4D	SSC4D
DUS1L	DUS1L
HNF1B	HNF1B
ELN	ELN
ANKFY1	ANKFY1
CYB5D2	CYB5D2
RAC3	RAC3
ZZEF1	ZZEF1
ENSGALG00010029167	ENSGALG00010029167
RFNG	RFNG
SBDS	SBDS
DCXR	DCXR
ENSGALG00010029171	ENSGALG00010029171
LRRC45	LRRC45
ZNHIT3	ZNHIT3
CALN1	CALN1
CENPX	CENPX
ENSGALG00010029176	ENSGALG00010029176
ASPSCR1	ASPSCR1
NOTUM	NOTUM
PIGW	PIGW
CA4	CA4
MYO19	MYO19
HEATR6	HEATR6
ENSGALG00010029183	ENSGALG00010029183
DYNLL2	DYNLL2
ENSGALG00010029185	ENSGALG00010029185
ZNF302	ZNF302
SRSF1	SRSF1
ENSGALG00010029188	ENSGALG00010029188
ENSGALG00010029189	ENSGALG00010029189
DHRS7C	DHRS7C
ENSGALG00010029191	ENSGALG00010029191
DTX2	DTX2
ENSGALG00010029193	ENSGALG00010029193
DHRS11	DHRS11
GLP2R	GLP2R
MRM1	MRM1
LHX1	LHX1
PPM1D	PPM1D
APPBP2	APPBP2
GAS7	GAS7
PIGS	PIGS
PSMD12	PSMD12
ALDOC	ALDOC
HELZ	HELZ
CACNG1	CACNG1
CACNG4	CACNG4
ENSGALG00010029207	ENSGALG00010029207
CACNG5	CACNG5
PRKCA	PRKCA
RSKR	RSKR
SDF2	SDF2
SUPT6H	SUPT6H
APOH	APOH
ENSGALG00010029214	ENSGALG00010029214
ENSGALG00010029215	ENSGALG00010029215
RAB34	RAB34
CEP112	CEP112
RPL23A	RPL23A
TLCD1	TLCD1
NEK8	NEK8
AXIN2	AXIN2
TRAF4	TRAF4
NME2	NME2
FAM222B	FAM222B
ENSGALG00010029225	ENSGALG00010029225
MBTD1	MBTD1
UTP18	UTP18
ERAL1	ERAL1
CBX4	CBX4
PPM1E	PPM1E
CBX8	CBX8
CA10	CA10
CBX2	CBX2
TOM1L1	TOM1L1
TRIM37	TRIM37
ENPP7	ENPP7
COX11	COX11
CAMKK1	CAMKK1
RBFOX3	RBFOX3
MIS12	MIS12
STXBP4	STXBP4
DERL2	DERL2
NME1	NME1
HLF	HLF
SKA2	SKA2
DHX33	DHX33
CCDC92B	CCDC92B
C1QBP	C1QBP
PRR11	PRR11
SPAG9	SPAG9
ENGASE	ENGASE
RPAIN	RPAIN
NUP88	NUP88
MMD	MMD
RAP1GAP2	RAP1GAP2
RABEP1	RABEP1
YPEL2	YPEL2
TMEM100	TMEM100
PTRH2	PTRH2
DHX40	DHX40
IFT22	IFT22
CLTC	CLTC
TOB1	TOB1
COL26A1	COL26A1
ENSGALG00010029265	ENSGALG00010029265
CANT1	CANT1
ENSGALG00010029267	ENSGALG00010029267
PCTP	PCTP
WSCD1	WSCD1
TIMP2	TIMP2
MYL10	MYL10
ENSGALG00010029272	ENSGALG00010029272
SLC13A5	SLC13A5
VMP1	VMP1
PCYT2	PCYT2
TUBD1	TUBD1
WFIKKN2	WFIKKN2
MED31	MED31
ENSGALG00010029279	ENSGALG00010029279
USP36	USP36
KIAA0753	KIAA0753
LUC7L3	LUC7L3
RPS6KB1	RPS6KB1
CYTH1	CYTH1
CUX1	CUX1
MAFG	MAFG
ANKRD40	ANKRD40
PYCR1	PYCR1
PITPNM3	PITPNM3
ABCC3	ABCC3
RNFT1	RNFT1
FAM64A	FAM64A
DNAH17	DNAH17
PGS1	PGS1
SOCS3	SOCS3
FBXO39	FBXO39
SH2B2	SH2B2
ENDOV	ENDOV
PRKRIP1	PRKRIP1
TEKT1	TEKT1
RNF213	RNF213
ENSGALG00010029302	ENSGALG00010029302
SLC26A11	SLC26A11
ORAI3	ORAI3
SMTNL2	SMTNL2
CEP95	CEP95
SGSH	SGSH
GAA	GAA
ALKBH4	ALKBH4
LRWD1	LRWD1
ENSGALG00010029311	ENSGALG00010029311
SMURF2	SMURF2
CCDC40	CCDC40
MED13	MED13
TBC1D16	TBC1D16
INTS2	INTS2
KPNA2	KPNA2
C17orf58	C17orf58
BRIP1	BRIP1
TBX4	TBX4
TBX2	TBX2
BPTF	BPTF
NOL11	NOL11
BCAS3	BCAS3
LRRC75A	LRRC75A
NCBP3	NCBP3
CRK	CRK
ENSGALG00010029328	ENSGALG00010029328
ENSGALG00010029329	ENSGALG00010029329
AFMID	AFMID
TK1	TK1
YWHAE	YWHAE
ENSGALG00010029333	ENSGALG00010029333
PIRT	PIRT
RNF222	RNF222
SYNGR2	SYNGR2
MYO1C	MYO1C
INPP5K	INPP5K
PITPNA	PITPNA
NDEL1	NDEL1
SLC43A2	SLC43A2
TMC6	TMC6
SCARF1	SCARF1
ENSGALG00010029344	ENSGALG00010029344
RILP	RILP
ARL16	ARL16
PRPF8	PRPF8
HGS	HGS
MYH10	MYH10
MRPL12	MRPL12
ENSGALG00010029351	ENSGALG00010029351
AATF	AATF
GCGR	GCGR
TLCD2	TLCD2
MCRIP1	MCRIP1
ENSGALG00010029356	ENSGALG00010029356
ARHGDIA	ARHGDIA
ENSGALG00010029358	ENSGALG00010029358
ENSGALG00010029359	ENSGALG00010029359
ACACA	ACACA
ALYREF	ALYREF
TADA2A	TADA2A
PIK3R6	PIK3R6
ANAPC11	ANAPC11
PIK3R5	PIK3R5
MGAT5B	MGAT5B
DUSP14	DUSP14
DDX52	DDX52
MFSD11	MFSD11
SRSF2	SRSF2
AUTS2	AUTS2
METTL23	METTL23
GATSL2	GATSL2
RCC1L	RCC1L
JMJD6	JMJD6
ENSGALG00010029376	ENSGALG00010029376
NCF1C	NCF1C
ST6GALNAC1	ST6GALNAC1
GTF2I	GTF2I
RGS9	RGS9
ENSGALG00010029381	ENSGALG00010029381
GTF2IRD1	GTF2IRD1
GNA13	GNA13
WDR81	WDR81
CLIP2	CLIP2
SLC16A6	SLC16A6
SERPINF1	SERPINF1
ST6GALNAC2	ST6GALNAC2
SMYD4	SMYD4
RPA1	RPA1
ARSG	ARSG
RTN4RL1	RTN4RL1
ENSGALG00010029393	ENSGALG00010029393
CYGB	CYGB
DPH1	DPH1
WIPI1	WIPI1
OVCA2	OVCA2
RHBDF2	RHBDF2
PRKAR1A	PRKAR1A
AANAT	AANAT
HIC1	HIC1
SMG6	SMG6
FAM20A	FAM20A
SRR	SRR
POLDIP2	POLDIP2
TMEM199	TMEM199
UBE2O	UBE2O
KIF12	KIF12
ENSGALG00010029409	ENSGALG00010029409
VTN	VTN
SARM1	SARM1
SLC46A1	SLC46A1
B3GNTL1	B3GNTL1
SLC13A2	SLC13A2
FOXN1	FOXN1
UNC119	UNC119
ENSGALG00010029417	ENSGALG00010029417
ABCA5	ABCA5
RFC2	RFC2
LAT2	LAT2
TBCD	TBCD
EIF4H	EIF4H
MYBBP1A	MYBBP1A
MAP2K6	MAP2K6
SPNS2	SPNS2
ZNF750	ZNF750
SPNS3	SPNS3
FN3K	FN3K
UBE2G1	UBE2G1
FN3KRP	FN3KRP
ENSGALG00010029431	ENSGALG00010029431
ENSGALG00010029432	ENSGALG00010029432
ENSGALG00010029433	ENSGALG00010029433
ENSGALG00010029434	ENSGALG00010029434
ENSGALG00010029435	ENSGALG00010029435
WDR45B	WDR45B
ENSGALG00010029437	ENSGALG00010029437
ENSGALG00010029438	ENSGALG00010029438
ENSGALG00010029439	ENSGALG00010029439
FOXK2	FOXK2
ENSGALG00010029441	ENSGALG00010029441
ENSGALG00010029442	ENSGALG00010029442
ENSGALG00010029443	ENSGALG00010029443
ENSGALG00010029444	ENSGALG00010029444
SPHK1	SPHK1
PRPSAP1	PRPSAP1
ENSGALG00010029447	ENSGALG00010029447
ENSGALG00010029448	ENSGALG00010029448
UBALD2	UBALD2
ENSGALG00010029450	ENSGALG00010029450
ENSGALG00010029451	ENSGALG00010029451
ENSGALG00010029452	ENSGALG00010029452
ENSGALG00010029453	ENSGALG00010029453
ENSGALG00010029454	ENSGALG00010029454
ENSGALG00010029455	ENSGALG00010029455
RNF157	RNF157
ENSGALG00010029457	ENSGALG00010029457
ENSGALG00010029458	ENSGALG00010029458
FOXJ1	FOXJ1
ENSGALG00010029460	ENSGALG00010029460
ENSGALG00010029461	ENSGALG00010029461
ENSGALG00010029462	ENSGALG00010029462
ENSGALG00010029463	ENSGALG00010029463
ENSGALG00010029464	ENSGALG00010029464
ENSGALG00010029465	ENSGALG00010029465
SLC39A11	SLC39A11
ENSGALG00010029467	ENSGALG00010029467
ENSGALG00010029468	ENSGALG00010029468
ENSGALG00010029469	ENSGALG00010029469
SSTR2	SSTR2
ENSGALG00010029471	ENSGALG00010029471
ENSGALG00010029472	ENSGALG00010029472
COG1	COG1
ENSGALG00010029474	ENSGALG00010029474
ENSGALG00010029475	ENSGALG00010029475
ENSGALG00010029476	ENSGALG00010029476
FAM104A	FAM104A
ENSGALG00010029478	ENSGALG00010029478
ENSGALG00010029479	ENSGALG00010029479
ENSGALG00010029480	ENSGALG00010029480
ENSGALG00010029481	ENSGALG00010029481
DDX25	DDX25
ENSGALG00010029483	ENSGALG00010029483
ENSGALG00010029484	ENSGALG00010029484
ENSGALG00010029485	ENSGALG00010029485
ENSGALG00010029486	ENSGALG00010029486
CDC42EP4	CDC42EP4
ENSGALG00010029488	ENSGALG00010029488
ENSGALG00010029489	ENSGALG00010029489
ENSGALG00010029490	ENSGALG00010029490
ENSGALG00010029491	ENSGALG00010029491
SDK2	SDK2
ENSGALG00010029493	ENSGALG00010029493
MYH7	MYH7
RPL38	RPL38
TTYH2	TTYH2
DNAI2	DNAI2
ENSGALG00010029498	ENSGALG00010029498
KIF19	KIF19
ENSGALG00010029500	ENSGALG00010029500
ENSGALG00010029501	ENSGALG00010029501
BTBD17	BTBD17
ENSGALG00010029503	ENSGALG00010029503
GPR142	GPR142
VEZF1	VEZF1
OXLD1	OXLD1
VPS37D	VPS37D
ENSGALG00010029508	ENSGALG00010029508
DNAJC30	DNAJC30
PDE6G	PDE6G
CUEDC1	CUEDC1
TSPAN10	TSPAN10
WBSCR22	WBSCR22
MRPS23	MRPS23
NPLOC4	NPLOC4
ENSGALG00010029516	ENSGALG00010029516
MSI2	MSI2
FAAP100	FAAP100
STX1A	STX1A
MKS1	MKS1
ACTG1 - ENSGALG00010029521	ACTG1 - ENSGALG00010029521
AKAP1	AKAP1
FSCN2	FSCN2
ENSGALG00010029524	ENSGALG00010029524
SLC38A10	SLC38A10
BCL7B	BCL7B
NDUFAF8	NDUFAF8
TBL2	TBL2
TEPSIN	TEPSIN
ENSGALG00010029530	ENSGALG00010029530
CEP131	CEP131
EVI2A	EVI2A
MLXIPL	MLXIPL
NF1	NF1
ANGPT1L	ANGPT1L
BAZ1B	BAZ1B
MYH1B	MYH1B
FZD9	FZD9
FKBP6	FKBP6
TRIM50	TRIM50
ENSGALG00010029541	ENSGALG00010029541
AATK	AATK
NSUN5	NSUN5
ENSGALG00010029544	ENSGALG00010029544
OMG	OMG
WSB1	WSB1
HIP1	HIP1
BAIAP2	BAIAP2
KSR1	KSR1
CHMP6	CHMP6
CCLL4	CCLL4
NOS2	NOS2
MYH1C	MYH1C
ENSGALG00010029554	ENSGALG00010029554
LYRM9	LYRM9
NPTX1	NPTX1
ENSGALG00010029557	ENSGALG00010029557
ENSGALG00010029558	ENSGALG00010029558
ENSGALG00010029559	ENSGALG00010029559
ENSGALG00010029560	ENSGALG00010029560
SCO1	SCO1
CCL4 - ENSGALG00010029562	CCL4 - ENSGALG00010029562
ADPRM	ADPRM
NLK	NLK
ENSGALG00010029565	ENSGALG00010029565
TMEM97	TMEM97
IFT20	IFT20
ENSGALG00010029568	ENSGALG00010029568
TMEM220	TMEM220
TNFAIP1	TNFAIP1
EPX	EPX
TSPOAP1	TSPOAP1
MAP2K4	MAP2K4
SGSM2	SGSM2
ANKFN1	ANKFN1
ATP2A3	ATP2A3
NOG	NOG
C17orf67	C17orf67
GALNT17	GALNT17
P2RX1	P2RX1
DGKE	DGKE
SCPEP1	SCPEP1
LIMK1	LIMK1
TRIM25	TRIM25
ENSGALG00010029585	ENSGALG00010029585
COIL	COIL
ENSGALG00010029587	ENSGALG00010029587
RAB11FIP4	RAB11FIP4
ENSGALG00010029589	ENSGALG00010029589
UTP6	UTP6
SUZ12	SUZ12
MNT	MNT
PAFAH1B1	PAFAH1B1
CRLF3	CRLF3
CLUH	CLUH
ATAD5	ATAD5
ADAP2	ADAP2
SUPT4H1	SUPT4H1
RNF43	RNF43
RHOT1	RHOT1
HSF5	HSF5
MTMR4	MTMR4
RHBDL3	RHBDL3
CASP1	CASP1
C17orf75	C17orf75
ABHD11	ABHD11
ZNF207	ZNF207
CLDN9	CLDN9
METTL27	METTL27
ERN1	ERN1
YWHAG	YWHAG
HSPB1	HSPB1
SRRM3	SRRM3
MDH2	MDH2
ENSGALG00010029615	ENSGALG00010029615
TMEM120A	TMEM120A
POR	POR
TEX2	TEX2
ENSGALG00010029619	ENSGALG00010029619
ENSGALG00010029620	ENSGALG00010029620
TAF15	TAF15
MMP28	MMP28
ENSGALG00010029623	ENSGALG00010029623
RASL10B	RASL10B
PECAM1	PECAM1
AP2B1	AP2B1
PEX12	PEX12
UNC45B	UNC45B
ENSGALG00010029629	ENSGALG00010029629
RAD51D	RAD51D
LIG3	LIG3
TMEM132E	TMEM132E
POLG2	POLG2
DDX5	DDX5
CCL26	CCL26
SPATA20	SPATA20
ENSGALG00010029637	ENSGALG00010029637
EPN3	EPN3
ENSGALG00010029639	ENSGALG00010029639
ENSGALG00010029640	ENSGALG00010029640
ENSGALG00010029641	ENSGALG00010029641
NAT9	NAT9
ENSGALG00010029643	ENSGALG00010029643
MYCBPAP	MYCBPAP
NF2L	NF2L
MRPS17	MRPS17
RSAD1	RSAD1
NIPSNAP2	NIPSNAP2
PSPH	PSPH
ACSF2	ACSF2
CHAD	CHAD
LRRC59	LRRC59
CCT6A	CCT6A
EME1	EME1
PHKG1	PHKG1
MRPL27	MRPL27
CHCHD2	CHCHD2
XYLT2	XYLT2
VKORC1L1	VKORC1L1
CD300LG	CD300LG
KRABZFP	KRABZFP
ENSGALG00010029662	ENSGALG00010029662
GUSB	GUSB
RAB37	RAB37
ASL1	ASL1
SLC9A3R1	SLC9A3R1
TMEM104	TMEM104
CRCP	CRCP
HID1	HID1
TPST1	TPST1
GRIN2C	GRIN2C
KCTD7	KCTD7
TMEM248	TMEM248
FDXR	FDXR
DHRS13	DHRS13
FADS6	FADS6
PHF12	PHF12
USH1G	USH1G
OTOP2	OTOP2
OTOP3	OTOP3
SEZ6	SEZ6
CDR2L	CDR2L
MRPL58	MRPL58
ENSGALG00010029684	ENSGALG00010029684
ATP5H	ATP5H
KCTD2	KCTD2
SLC16A5	SLC16A5
PIPOX	PIPOX
ENSGALG00010029689	ENSGALG00010029689
ENSGALG00010029690	ENSGALG00010029690
NUFIP2	NUFIP2
CRYBA1	CRYBA1
HN1	HN1
ARMC7	ARMC7
TAOK1	TAOK1
SUMO2	SUMO2
GIT1	GIT1
NUP85	NUP85
ANKRD13B	ANKRD13B
GGA3	GGA3
MRPS7	MRPS7
CORO6	CORO6
MIF4GD	MIF4GD
SLC25A19	SLC25A19
GRB2	GRB2
SSH2	SSH2
NSRP1	NSRP1
TMEM94	TMEM94
SLC6A4	SLC6A4
BLMH	BLMH
CASKIN2	CASKIN2
TMIGD1	TMIGD1
CPD	CPD
MCHR1	MCHR1
GALR2	GALR2
GOSR1	GOSR1
TRARG1	TRARG1
ABR	ABR
ENSGALG00010029719	ENSGALG00010029719
TIMM22	TIMM22
EXOC7	EXOC7
SPECC1	SPECC1
ADORA2B	ADORA2B
CACNA1G	CACNA1G
TSEN54	TSEN54
SEPTIN9	SEPTIN9
ZSWIM7	ZSWIM7
TNRC6C	TNRC6C
RASL10A	RASL10A
TTC19	TTC19
NCOR1	NCOR1
PIGL	PIGL
ENSGALG00010029733	ENSGALG00010029733
SEC14L1	SEC14L1
SRP68	SRP68
ENSGALG00010029736	ENSGALG00010029736
ENSGALG00010029737	ENSGALG00010029737
TRPV2	TRPV2
P2RX5	P2RX5
HASPIN	HASPIN
EMC6	EMC6
TAX1BP3	TAX1BP3
MYOCD	MYOCD
CTNS	CTNS
SHPK	SHPK
TRPV1	TRPV1
TRPV3	TRPV3
CDK3	CDK3
ASPA	ASPA
TEN1	TEN1
SPATA22	SPATA22
ENSGALG00010029752	ENSGALG00010029752
AKAP10	AKAP10
NLE1	NLE1
ACOX1	ACOX1
ELAC2	ELAC2
ULK2	ULK2
DNAH9	DNAH9
ALDH3A2	ALDH3A2
SHISA6	SHISA6
MRPL38	MRPL38
SLC47A2	SLC47A2
GEMIN4	GEMIN4
NXN	NXN
KCNJ16	KCNJ16
ENSGALG00010029766	ENSGALG00010029766
GLOD4	GLOD4
KCNJ2	KCNJ2
ENSGALG00010029769	ENSGALG00010029769
TLCD3A	TLCD3A
SOX9	SOX9
VPS53	VPS53
TRIM65	TRIM65
RFLNB	RFLNB
ENSGALG00010029775	ENSGALG00010029775
WBP2	WBP2
ENSGALG00010029777	ENSGALG00010029777
DOC2B	DOC2B
OPNP	OPNP
TEX14	TEX14
UNC13D	UNC13D
UNK	UNK
RAD51C	RAD51C
CLDN3	CLDN3
ENSGALG00010029785	ENSGALG00010029785
ENSGALG00010029786	ENSGALG00010029786
H3F3B	H3F3B
ENSGALG00010029788	ENSGALG00010029788
BHLHA9	BHLHA9
ENSGALG00010029790	ENSGALG00010029790
GALK1	GALK1
ENSGALG00010029792	ENSGALG00010029792
ENSGALG00010029793	ENSGALG00010029793
ENSGALG00010029794	ENSGALG00010029794
ENSGALG00010029795	ENSGALG00010029795
ENSGALG00010029796	ENSGALG00010029796
ENSGALG00010029797	ENSGALG00010029797
ENSGALG00010029798	ENSGALG00010029798
ENSGALG00010029799	ENSGALG00010029799
ENSGALG00010029800	ENSGALG00010029800
ENSGALG00010029801	ENSGALG00010029801
ENSGALG00010029802	ENSGALG00010029802
ENSGALG00010029803	ENSGALG00010029803
ITGB4	ITGB4
ENSGALG00010029805	ENSGALG00010029805
ENSGALG00010029806	ENSGALG00010029806
ENSGALG00010029807	ENSGALG00010029807
ENSGALG00010029808	ENSGALG00010029808
ENSGALG00010029809	ENSGALG00010029809
ENSGALG00010029810	ENSGALG00010029810
ENSGALG00010029811	ENSGALG00010029811
SAP30BP	SAP30BP
ENSGALG00010029813	ENSGALG00010029813
ENSGALG00010029814	ENSGALG00010029814
ENSGALG00010029815	ENSGALG00010029815
ENSGALG00010029816	ENSGALG00010029816
ENSGALG00010029817	ENSGALG00010029817
ENSGALG00010029818	ENSGALG00010029818
ENSGALG00010029819	ENSGALG00010029819
ENSGALG00010029820	ENSGALG00010029820
ENSGALG00010029821	ENSGALG00010029821
ENSGALG00010029822	ENSGALG00010029822
ENSGALG00010029823	ENSGALG00010029823
ENSGALG00010029824	ENSGALG00010029824
ENSGALG00010029825	ENSGALG00010029825
ENSGALG00010029826	ENSGALG00010029826
ENSGALG00010029827	ENSGALG00010029827
ENSGALG00010029828	ENSGALG00010029828
ENSGALG00010029829	ENSGALG00010029829
ENSGALG00010029830	ENSGALG00010029830
ENSGALG00010029831	ENSGALG00010029831
ENSGALG00010029832	ENSGALG00010029832
ENSGALG00010029833	ENSGALG00010029833
ENSGALG00010029834	ENSGALG00010029834
RECQL5	RECQL5
ENSGALG00010029836	ENSGALG00010029836
ENSGALG00010029837	ENSGALG00010029837
ENSGALG00010029838	ENSGALG00010029838
ENSGALG00010029839	ENSGALG00010029839
ENSGALG00010029840	ENSGALG00010029840
SMIM5	SMIM5
ENSGALG00010029842	ENSGALG00010029842
ENSGALG00010029843	ENSGALG00010029843
ENSGALG00010029844	ENSGALG00010029844
ENSGALG00010029845	ENSGALG00010029845
ENSGALG00010029846	ENSGALG00010029846
ENSGALG00010029847	ENSGALG00010029847
ENSGALG00010029848	ENSGALG00010029848
ENSGALG00010029849	ENSGALG00010029849
ENSGALG00010029850	ENSGALG00010029850
ENSGALG00010029851	ENSGALG00010029851
ENSGALG00010029852	ENSGALG00010029852
ENSGALG00010029853	ENSGALG00010029853
ENSGALG00010029854	ENSGALG00010029854
ENSGALG00010029855	ENSGALG00010029855
ENSGALG00010029856	ENSGALG00010029856
ENSGALG00010029857	ENSGALG00010029857
ENSGALG00010029858	ENSGALG00010029858
CSNK1D	CSNK1D
ENSGALG00010029860	ENSGALG00010029860
ENSGALG00010029861	ENSGALG00010029861
ENSGALG00010029862	ENSGALG00010029862
ENSGALG00010029863	ENSGALG00010029863
SLC16A3	SLC16A3
ENSGALG00010029865	ENSGALG00010029865
ENSGALG00010029866	ENSGALG00010029866
ENSGALG00010029867	ENSGALG00010029867
ENSGALG00010029868	ENSGALG00010029868
ENSGALG00010029869	ENSGALG00010029869
ENSGALG00010029870	ENSGALG00010029870
ENSGALG00010029871	ENSGALG00010029871
ENSGALG00010029872	ENSGALG00010029872
ENSGALG00010029873	ENSGALG00010029873
ENSGALG00010029874	ENSGALG00010029874
ENSGALG00010029875	ENSGALG00010029875
ENSGALG00010029876	ENSGALG00010029876
ENSGALG00010029877	ENSGALG00010029877
ENSGALG00010029878	ENSGALG00010029878
ENSGALG00010029879	ENSGALG00010029879
ENSGALG00010029880	ENSGALG00010029880
ENSGALG00010029881	ENSGALG00010029881
ENSGALG00010029882	ENSGALG00010029882
ENSGALG00010029883	ENSGALG00010029883
ENSGALG00010029884	ENSGALG00010029884
ENSGALG00010029885	ENSGALG00010029885
ENSGALG00010029886	ENSGALG00010029886
SNORD49A	SNORD49A
ENSGALG00010029888	ENSGALG00010029888
ENSGALG00010029889	ENSGALG00010029889
ENSGALG00010029890	ENSGALG00010029890
SNORD7	SNORD7
SNORD42	SNORD42
ENSGALG00010029893	ENSGALG00010029893
ENSGALG00010029894	ENSGALG00010029894
FASN	FASN
ENSGALG00010029896	ENSGALG00010029896
U3 - ENSGALG00010029897	U3 - ENSGALG00010029897
U3 - ENSGALG00010029898	U3 - ENSGALG00010029898
U3 - ENSGALG00010029899	U3 - ENSGALG00010029899
gga-mir-12236	gga-mir-12236
gga-mir-1592	gga-mir-1592
gga-mir-2184b	gga-mir-2184b
gga-mir-22	gga-mir-22
gga-mir-142	gga-mir-142
gga-mir-132b	gga-mir-132b
gga-mir-144	gga-mir-144
NTN1	NTN1
gga-mir-6592	gga-mir-6592
gga-mir-1697	gga-mir-1697
gga-mir-12234	gga-mir-12234
gga-mir-12235	gga-mir-12235
gga-mir-132c	gga-mir-132c
gga-mir-1666	gga-mir-1666
gga-mir-6639	gga-mir-6639
gga-mir-7444	gga-mir-7444
gga-mir-21	gga-mir-21
gga-mir-130c	gga-mir-130c
gga-mir-1698-1	gga-mir-1698-1
gga-mir-6585	gga-mir-6585
gga-mir-301b	gga-mir-301b
STX8	STX8
gga-mir-1567	gga-mir-1567
gga-mir-1689	gga-mir-1689
gga-mir-1696	gga-mir-1696
GGNBP2	GGNBP2
BLTP2	BLTP2
ENSGALG00010029927	ENSGALG00010029927
USP43	USP43
GDPD1	GDPD1
ARHGAP44	ARHGAP44
ENSGALG00010029931	ENSGALG00010029931
RASA4B	RASA4B
FAM18B1	FAM18B1
TEKT3	TEKT3
SYNRG	SYNRG
SERPINF2	SERPINF2
PMP22	PMP22
ENSGALG00010029938	ENSGALG00010029938
ENSGALG00010029939	ENSGALG00010029939
ENSGALG00010029940	ENSGALG00010029940
COX10	COX10
ENSGALG00010029942	ENSGALG00010029942
HS3ST3B1	HS3ST3B1
ENSGALG00010029944	ENSGALG00010029944
CCL4 - ENSGALG00010029945	CCL4 - ENSGALG00010029945
METRNL	METRNL
CCL5	CCL5
MYADML2	MYADML2
KIF2B	KIF2B
RFFL	RFFL
ENSGALG00010029951	ENSGALG00010029951
ENSGALG00010029952	ENSGALG00010029952
ENSGALG00010029953	ENSGALG00010029953
ENSGALG00010029954	ENSGALG00010029954
ENSGALG00010029955	ENSGALG00010029955
CCLI5	CCLI5
ENSGALG00010029957	ENSGALG00010029957
ENSGALG00010029958	ENSGALG00010029958
ENSGALG00010029959	ENSGALG00010029959
ENSGALG00010029960	ENSGALG00010029960
ENSGALG00010029961	ENSGALG00010029961
ENSGALG00010029962	ENSGALG00010029962
ENSGALG00010029963	ENSGALG00010029963
ENSGALG00010029964	ENSGALG00010029964
ENSGALG00010029965	ENSGALG00010029965
RABGEF1	RABGEF1
ENSGALG00010029967	ENSGALG00010029967
ENSGALG00010029968	ENSGALG00010029968
ENSGALG00010029969	ENSGALG00010029969
ENSGALG00010029970	ENSGALG00010029970
ENSGALG00010029971	ENSGALG00010029971
ENSGALG00010029972	ENSGALG00010029972
ENSGALG00010029973	ENSGALG00010029973
ENSGALG00010029974	ENSGALG00010029974
ENSGALG00010029975	ENSGALG00010029975
ENSGALG00010029976	ENSGALG00010029976
ENSGALG00010029977	ENSGALG00010029977
ENSGALG00010029978	ENSGALG00010029978
ENSGALG00010029979	ENSGALG00010029979
ENSGALG00010029980	ENSGALG00010029980
ENSGALG00010029981	ENSGALG00010029981
ENSGALG00010029982	ENSGALG00010029982
ENSGALG00010029983	ENSGALG00010029983
ENSGALG00010029984	ENSGALG00010029984
ENSGALG00010029985	ENSGALG00010029985
ENSGALG00010029986	ENSGALG00010029986
ENSGALG00010029987	ENSGALG00010029987
ENSGALG00010029988	ENSGALG00010029988
ENSGALG00010029989	ENSGALG00010029989
ENSGALG00010029990	ENSGALG00010029990
ENSGALG00010029991	ENSGALG00010029991
ENSGALG00010029992	ENSGALG00010029992
ENSGALG00010029993	ENSGALG00010029993
ENSGALG00010029994	ENSGALG00010029994
ENSGALG00010029995	ENSGALG00010029995
ENSGALG00010029996	ENSGALG00010029996
ENSGALG00010029997	ENSGALG00010029997
ENSGALG00010029998	ENSGALG00010029998
ENSGALG00010029999	ENSGALG00010029999
ENSGALG00010030000	ENSGALG00010030000
ENSGALG00010030001	ENSGALG00010030001
ENSGALG00010030002	ENSGALG00010030002
ENSGALG00010030003	ENSGALG00010030003
FLOT2	FLOT2
ENSGALG00010030005	ENSGALG00010030005
ENSGALG00010030006	ENSGALG00010030006
ENSGALG00010030007	ENSGALG00010030007
ENSGALG00010030008	ENSGALG00010030008
ENSGALG00010030009	ENSGALG00010030009
ENSGALG00010030010	ENSGALG00010030010
ENSGALG00010030011	ENSGALG00010030011
ENSGALG00010030012	ENSGALG00010030012
ENSGALG00010030013	ENSGALG00010030013
SLC47A1	SLC47A1
ENSGALG00010030015	ENSGALG00010030015
ENSGALG00010030016	ENSGALG00010030016
ENSGALG00010030017	ENSGALG00010030017
ENSGALG00010030018	ENSGALG00010030018
ENSGALG00010030019	ENSGALG00010030019
ENSGALG00010030020	ENSGALG00010030020
ENSGALG00010030021	ENSGALG00010030021
ENSGALG00010030022	ENSGALG00010030022
ENSGALG00010030023	ENSGALG00010030023
ENSGALG00010030024	ENSGALG00010030024
ENSGALG00010030025	ENSGALG00010030025
ENSGALG00010030026	ENSGALG00010030026
ENSGALG00010030027	ENSGALG00010030027
ENSGALG00010030028	ENSGALG00010030028
ENSGALG00010030029	ENSGALG00010030029
ENSGALG00010030030	ENSGALG00010030030
ENSGALG00010030031	ENSGALG00010030031
ENSGALG00010030032	ENSGALG00010030032
ENSGALG00010030033	ENSGALG00010030033
ENSGALG00010030034	ENSGALG00010030034
ENSGALG00010030035	ENSGALG00010030035
ENSGALG00010030036	ENSGALG00010030036
ENSGALG00010030037	ENSGALG00010030037
ENSGALG00010030038	ENSGALG00010030038
ENSGALG00010030039	ENSGALG00010030039
ENSGALG00010030040	ENSGALG00010030040
ENSGALG00010030041	ENSGALG00010030041
ENSGALG00010030042	ENSGALG00010030042
ENSGALG00010030043	ENSGALG00010030043
ENSGALG00010030044	ENSGALG00010030044
ENSGALG00010030045	ENSGALG00010030045
ENSGALG00010030046	ENSGALG00010030046
ENSGALG00010030047	ENSGALG00010030047
ENSGALG00010030048	ENSGALG00010030048
ENSGALG00010030049	ENSGALG00010030049
ENSGALG00010030050	ENSGALG00010030050
ENSGALG00010030051	ENSGALG00010030051
ENSGALG00010030052	ENSGALG00010030052
ENSGALG00010030053	ENSGALG00010030053
ENSGALG00010030054	ENSGALG00010030054
ENSGALG00010030055	ENSGALG00010030055
ENSGALG00010030056	ENSGALG00010030056
ENSGALG00010030057	ENSGALG00010030057
ENSGALG00010030058	ENSGALG00010030058
ENSGALG00010030059	ENSGALG00010030059
ENSGALG00010030060	ENSGALG00010030060
ENSGALG00010030061	ENSGALG00010030061
ENSGALG00010030062	ENSGALG00010030062
ENSGALG00010030063	ENSGALG00010030063
ENSGALG00010030064	ENSGALG00010030064
ENSGALG00010030065	ENSGALG00010030065
ENSGALG00010030066	ENSGALG00010030066
ENSGALG00010030067	ENSGALG00010030067
ENSGALG00010030068	ENSGALG00010030068
ENSGALG00010030069	ENSGALG00010030069
ENSGALG00010030070	ENSGALG00010030070
ENSGALG00010030071	ENSGALG00010030071
ENSGALG00010030072	ENSGALG00010030072
ENSGALG00010030073	ENSGALG00010030073
ENSGALG00010030074	ENSGALG00010030074
ENSGALG00010030075	ENSGALG00010030075
ENSGALG00010030076	ENSGALG00010030076
ENSGALG00010030077	ENSGALG00010030077
ENSGALG00010030078	ENSGALG00010030078
ENSGALG00010030079	ENSGALG00010030079
ENSGALG00010030080	ENSGALG00010030080
ENSGALG00010030081	ENSGALG00010030081
ENSGALG00010030082	ENSGALG00010030082
ENSGALG00010030083	ENSGALG00010030083
ENSGALG00010030084	ENSGALG00010030084
U6 - ENSGALG00010030085	U6 - ENSGALG00010030085
SCARNA16	SCARNA16
ENSGALG00010030087	ENSGALG00010030087
SNORA50C	SNORA50C
SNORD104	SNORD104
gga-mir-7443	gga-mir-7443
gga-mir-1561	gga-mir-1561
gga-mir-6599	gga-mir-6599
gga-mir-1652	gga-mir-1652
gga-mir-12231	gga-mir-12231
MIR365B	MIR365B
gga-mir-6516	gga-mir-6516
gga-mir-12232	gga-mir-12232
gga-mir-338	gga-mir-338
gga-mir-1748	gga-mir-1748
gga-mir-193a	gga-mir-193a
gga-mir-3064	gga-mir-3064
GPS1	GPS1
C1QTNF1	C1QTNF1
P4HB	P4HB
RAB40B	RAB40B
GPRC5C	GPRC5C
RPTOR	RPTOR
LLGL2	LLGL2
FBF1	FBF1
